"Identificador de la publicación","Identificador de la página","Nombre de la página",Título,Descripción,"Duración (segundos)","Hora de publicación","Tipo de subtítulo","Enlace permanente","Es una publicación cruzada","Es una publicación compartida","Tipo de publicación",Idiomas,"Etiquetas personalizadas","Estado de contenido financiado","Comentario sobre los datos",Fecha,Reacciones,Comentarios,"Veces que se compartió","Total de clics",Impresiones,Alcance,"Reacciones, comentarios y veces que se compartió",REELS_PLAYS:COUNT,"Segundos reproducidos","Segundos en promedio reproducidos","Impresiones del anuncio","Clics de otro tipo","Consumo de segmentación del público coincidente (Photo Click)","Ingresos estimados (USD)","CPM del anuncio (USD)"
860575669443100,106810189450788,"Alcaldía de Tuluá",,"¡Ahora estamos más cerca de ti!💪🏼

Te presentamos los puntos descentralizados de atención del SISBÉN que están disponibles en nuestro municipio. ✅ ¡Te esperamos! #ParaSerFelices 💙",27,"05/02/2024 10:05",uploaded,https://www.facebook.com/AlcaldiaDeTulua/posts/pfbid02x3hKk5FbAuEYR7hgkac1eWwAjCnJchLRncoL4wm8PeQ3PtCSrdGv1qYq5xPpH5Mql,1,0,"Reel de Facebook",,,,,Total,40,0,19,0,2435,2101,59,3101,15023.756,5.312,0,,,,
859748836192450,106810189450788,"Alcaldía de Tuluá",,"A los que trabajan con las manos, con su voz, con su cuerpo, con el alma y con el corazón: GRACIAS. 1ro de Mayo,Conmemoración Día Internacional del Trabajo.",17,"05/01/2024 06:05",N/A,https://www.facebook.com/AlcaldiaDeTulua/posts/pfbid0iRLsrb8mzbPDQ7USyUF3HABDX73FQ45GBZtn36kK5PgLtsitZhVhhBzW8FcQG2nKl,1,0,"Reel de Facebook",,,,,Total,43,5,14,0,2126,1900,62,2918,10731.595,3.982,0,,,,
879455220888478,106810189450788,"Alcaldía de Tuluá",,"¡Continuamos cuidándonos entre todos!✅💙

Con el fin de educar a la población sobre el dengue, desde la Secretaría de Salud, se realizó una jornada de Prevención y Pedagogía donde se visitaron aproximadamente 300 hogares y se educaron cerca de 600 personas sobre la importancia de prevenir la proliferación del mosquito Aedes Aegypti, transmisor del Dengue. ✅💪 #ParaSerFelices",22,"05/30/2024 13:05",uploaded,https://www.facebook.com/AlcaldiaDeTulua/posts/pfbid0dJkq2SahpPiD2uczKhNoerxuK2bZmYTGnNJJRR2DQbJvASNtPf4RSixmyEFqjpkl,0,0,"Reel de Facebook",,,,,Total,36,0,13,0,1293,1038,49,1951,9673.491,5.434,0,,,,
879258724241461,106810189450788,"Alcaldía de Tuluá",,"Tuluá es nuestro hogar, es el latido de esperanza que ha sido el motor de sueños y la cuna de promesas de muchos tulueños. Es un recordatorio constante de que, incluso en medio de la adversidad, la luz de la esperanza nunca se desvanece. Hoy son 199 años siendo el corazón que hace palpitar a nuestro Valle del Cauca. ¡Feliz día de la Municipalidad!❤️💚🤍#ParaSerFelices 💪💙",92,"05/30/2024 06:05",uploaded,https://www.facebook.com/AlcaldiaDeTulua/posts/pfbid02mXktnB4JEEQf7kTu8GxY1438qMCjLwNzk4m2wfAAgBV2Pygu4ctR5TP7q1dWekNWl,0,0,Video,,,,,Total,215,29,40,214,5137,4724,284,4988,51993.758,11.143,0,214,,0,0
878868634280470,106810189450788,"Alcaldía de Tuluá","Actualización de estado",,36,"05/29/2024 15:05",N/A,https://www.facebook.com/AlcaldiaDeTulua/posts/pfbid02vRzcjRL4UHbkfPw74UWwdN9UvA9jSbsAvcrTn4RhmGQ5K5tLPTzQrxffjhr28sTgl,0,1,"Reel de Facebook",,,,,Total,0,0,0,0,,,,,,,,,,,
878269901007010,106810189450788,"Alcaldía de Tuluá","Rendición de Cuentas: 100 primeros días",,3438,"05/28/2024 15:05",uploaded,https://www.facebook.com/AlcaldiaDeTulua/posts/pfbid02yV8fe9WWHZS125RMXzsKYKrT5azGEGvPmdb4FRVuTm8RtJcgxTzxWa9UN2jmK8vUl,0,1,"Video en vivo",,,,,Total,17,0,0,13,814,643,17,,,,,13,,,
877630824404251,106810189450788,"Alcaldía de Tuluá",,"¡Un espacio limpio, es un espacio seguro! 💪Trabajamos por un futuro más saludable y sostenible #ParaSerFelices ✅💙",23,"05/27/2024 14:05",N/A,https://www.facebook.com/AlcaldiaDeTulua/posts/pfbid05aDDBpNCZxNqt6cBZBgmkd5PKLrohADqPycvZsPSUS1qiUedapACdVYLFUBXyssvl,0,0,"Reel de Facebook",,,,,Total,109,21,15,0,2492,2249,145,5136,30167.435,6.332,0,,,,
877429794424354,106810189450788,"Alcaldía de Tuluá",,"¡Transformamos nuestro municipio desde la Educación!✅📚

Por medio de las Secretarías de Educación, Salud, Bienestar Social, IMDER, y las entidades ICBF, Uceva y Policía de Infancia y Adolescencia creamos la estrategia ""Alza la Voz"" para llegar a cada Institución Educativa de nuestro municipio para la prevención de la violencia sexual y de género aplicada desde la niñez y adolescencia.  #ParaSerFelices",34,"05/27/2024 07:05",uploaded,https://www.facebook.com/AlcaldiaDeTulua/posts/pfbid0iSDYvDAyRLuryJvEdzFNR4N6hHHHUP5jBBoZWjRe5XYLA95CwHBuavLk715EyPtkl,0,0,"Reel de Facebook",,,,,Total,40,1,14,0,1002,835,55,1720,8311.692,5.27,0,,,,
876179657882701,106810189450788,"Alcaldía de Tuluá",,,0,"05/25/2024 09:05",mixed,https://www.facebook.com/AlcaldiaDeTulua/posts/pfbid02K8XGUZvFZGfNaHBrkYV5t2h8vw6sv5Kuk7soPMsaC9ByG5LpPaZf2UesFu5TdJCjl,1,0,"Reel de Facebook",,,,,Total,87,4,3,0,1146,948,94,0,0,0,0,,,,
1536046227338914,106810189450788,"Alcaldía de Tuluá",,"ENCUENTROS CON EL ALCALDE✅💙

Otro encuentro más con el alcalde realizando interacción con nuestra comunidad ¡Bienvenidos!",2363,"05/25/2024 09:05",N/A,https://www.facebook.com/AlcaldiaDeTulua/videos/1536046227338914/,0,0,"Video en vivo",,,,,Total,325,75,68,,,5716,468,8523,257225.153,33.194,,,,0,
875590774608256,106810189450788,"Alcaldía de Tuluá",,"¡Con el arte, exploramos, creamos e inspiramos!🎭🎨📚
Ven y visita nuestras bibliotecas y haz parte de este viaje a través de la lectura. 
Cada día impactamos a más personas de nuestro municipio, en los programas que ofrecemos desde el Departamento Administrativo de Arte y Cultura y la Red de Bibliotecas que se crean #ParaserFelices 💙✅ ¡Te esperamos!",43,"05/24/2024 12:05",uploaded,https://www.facebook.com/AlcaldiaDeTulua/posts/pfbid07wvbU9SuQNqghgquzggZeAXwTjXAoQoYzTejGWV29jucYrpzMp1uBG792WiegrPKl,0,0,"Reel de Facebook",,,,,Total,62,3,14,0,1633,1412,79,2792,12313.893,4.625,0,,,,
875024794664854,106810189450788,"Alcaldía de Tuluá",,"¡Te invitamos al Mercado Campesino!🎉💪🏼

Es hora de apoyar a nuestros comerciantes tulueños cada martes y viernes en un espacio para todos.💙🍓🍅🍌🐔 ¡Te esperamos!✅ #ParaSerFelices",28,"05/23/2024 17:05",uploaded,https://www.facebook.com/AlcaldiaDeTulua/posts/pfbid02NigFY65nsWKPMbdNU9fHF58G1mRshzfkMTkFNKP4SsPdsE1z6bQx7MJzzzwt2Fwdl,1,0,"Reel de Facebook",,,,,Total,79,2,24,0,1999,1845,105,3492,20323.788,6.257,0,,,,
874736831360317,106810189450788,"Alcaldía de Tuluá",,"Queremos recuperar la confianza de la institucionalidad y lo hacemos con hechos. Con el apoyo de cada ciudadano, lograremos sacar adelante a nuestro municipio #ParaSerFelices 💙✅💪",39,"05/23/2024 06:05",uploaded,https://www.facebook.com/AlcaldiaDeTulua/posts/pfbid02ZFvh6RLNxJkt5xwf8NDg9RHPHrd6b5MH3ZbZ6ZZWwaYYvJ4M23C8ptwYmq5CDs6yl,0,0,"Reel de Facebook",,,,,Total,200,26,21,0,1973,1811,247,4462,45254.78,11.237,0,,,,
873616824805651,106810189450788,"Alcaldía de Tuluá",,"¡Ven y conoce el Centro Comercial Bicentenario Plaza! ✅
Te invitamos a que nos visites y conozcas toda la variedad a precios excelentes. Aquí lo encuentras TODO. Estamos ubicados en la calle 28 # 19-38 
¡Te esperamos!💪🏼 #ParaSerFelices💙",38,"05/21/2024 12:05",uploaded,https://www.facebook.com/AlcaldiaDeTulua/posts/pfbid0BwT51oV7YjwjcjNxnACT441Ae3C7V7DhCcYxHxb677xzrCVKavmXfqijfDpxR5jMl,1,0,"Reel de Facebook",,,,,Total,64,8,18,0,1886,1666,90,2793,17011.229,6.596,0,,,,
872952654872068,106810189450788,"Alcaldía de Tuluá",,"¡La educación es primero #ParaSerFelices!💙
En un trabajo liderado desde la Secretaría de Educación Municipal y en alianza con PISA, en este #LunesdelCampo, se realizó la entrega de kits escolares a los niños y niñas estudiantes de las Instituciones Educativas de la zona rural de nuestro municipio.💪✅ #Tuluá",25,"05/20/2024 12:05",N/A,https://www.facebook.com/AlcaldiaDeTulua/posts/pfbid026L18ndUZaCSfcZpaYcjdvneg4qnCRnFqa3hPsBhKKFJSD49FXHufhZ5pqfbBpa42l,0,0,"Reel de Facebook",,,,,Total,37,0,11,0,1353,1177,48,2275,10334.761,4.861,0,,,,
872759571558043,106810189450788,"Alcaldía de Tuluá",,"¡Nuestro compromiso con la población más saludable continúa!💙💪
Por medio del Instituto Municipal del Deporte y la Recreación, IMDER, llevamos a cabo con éxito, los diferentes programas con deportes disponibles para la población de todas las edades. ¿Qué esperas para hacer parte de estos espacios creados #ParaSerFelices?✅ #Tuluá",53,"05/20/2024 06:05",N/A,https://www.facebook.com/AlcaldiaDeTulua/posts/pfbid0tJG3V27a4ScsTXXMYjf1urjf4HcQjYECw7nGdnoX1U7FeGBMxXSvMe5RfpuKqwckl,0,0,"Reel de Facebook",,,,,Total,26,2,12,0,1164,1011,40,1546,5554.524,3.781,0,,,,
871634468337220,106810189450788,"Alcaldía de Tuluá",,"En un despliegue institucional entre la Administración Municipal, Unidades Especiales de la Policía y el Ejército Nacional, se llevan a cabo unas estrategias operativas  en las zonas de la Balastrera y La Playita. 
Continuamos ratificando nuestro compromiso de garantizar la seguridad de todos los tulueños #ParaSerFelices ✅💪🏼",58,"05/18/2024 18:05",N/A,https://www.facebook.com/AlcaldiaDeTulua/posts/pfbid0tLLPksTHhUeCqst4wx6wcfk65QLeP5BhBQCBBm9KJ8W43EV3nV6fpbaVodHMnJYdl,1,0,"Reel de Facebook",,,,,Total,152,12,20,0,3023,2843,184,5344,85240.779,18.713,0,,,,
871410101692990,106810189450788,"Alcaldía de Tuluá",,,0,"05/18/2024 10:05",N/A,https://www.facebook.com/AlcaldiaDeTulua/posts/pfbid02anH3nNv41BnbhMaC9EXuURvQw2bUk4AVKQZVvh3wvMN8q4W9TEyB5daq8XE1cj5al,1,0,"Reel de Facebook",,,,,Total,85,15,5,0,1570,1390,105,0,0,0,0,,,,
871287918371875,106810189450788,"Alcaldía de Tuluá",,"Continuamos con este trabajo incansable por devolverle a nuestra población estos importantes espacios.✅💪🏼 Queremos transformar a Tuluá #ParaSerFelices 💙",44,"05/18/2024 06:05",uploaded,https://www.facebook.com/AlcaldiaDeTulua/posts/pfbid02ZfQYPzbvZAp6Zr1XdhTz9F4MdjDNEMbRGHXQcGKiLa2TTwFDXu6fK5D8gYXkH2ZRl,1,0,"Reel de Facebook",,,,,Total,50,0,5,0,1354,1301,55,1846,15992.661,9.418,0,,,,
870694428431224,106810189450788,"Alcaldía de Tuluá",,"""Vení Hablemos"" es una estrategia de Primeros Auxilios Psicológicos (PAP) que se crea con el fin de proteger la salud mental de los tulueños con espacios de escucha y diálogo con un equipo de profesionales de la salud, desde la Administración Municipal, a través de la Secretaría de Bienestar Social y en trabajo interinstitucional con el IMDER, Secretaria de Salud y el Departamento Administrativo de Arte y Cultura ¡Nuestro trabajo continúa incansablemente #ParaSerFelices! 💙✅💪",36,"05/17/2024 10:05",N/A,https://www.facebook.com/AlcaldiaDeTulua/posts/pfbid02i4bKerqSAp4NVkPYAaDWwwpeo1u8GUEdGSwJAz6Q1MzzKRsrmESTVY7JtoaRgxTSl,1,0,"Reel de Facebook",,,,,Total,29,0,5,0,1194,1117,34,1784,11009.402,6.737,0,,,,
870036041830396,106810189450788,"Alcaldía de Tuluá",,"La Administración Municipal, llevó a cabo el sepelio colectivo de 12 cuerpos que nunca fueron reclamados y que, por mucho tiempo, reposaron en el Instituto de Medicina Legal de Tuluá, en un acto solemne y altamente significativo para la dignidad humana, se realizó con el acompañamiento de Jairo Antonio Silva, director regional del Instituto de Medicina Legal y Ciencias Forenses y Juan Carlos Medina Salcedo, subdirector de Libertad de Culto y Conciencia de la Gobernación del Valle, todo esto, en el Parque Memorial Valle del Descanso💪🤍",65,"05/16/2024 14:05",uploaded,https://www.facebook.com/AlcaldiaDeTulua/posts/pfbid021w7AkqZgbZf9LwRQJKzwmwRp9hgyBzqLz6cQX7C8Q9e5ppdr5fW8eyWYqtfYWeKJl,0,0,Video,,,,,Total,104,9,16,204,2538,2294,129,3712,56566.9,16.72,0,204,,0,0
869304355236898,106810189450788,"Alcaldía de Tuluá",,"En trabajo articulado con el @col_ejercito y @policiavalledelcauca, se lleva a cabo una estrategia táctica en contra de las organizaciones delincuenciales del municipio, con grupos de inteligencia e investigación policial que podrán garantizar la seguridad y convivencia ciudadana en nuestro municipio. Continuamos trabajando #ParaSerFelices 💙",60,"05/15/2024 14:05",uploaded,https://www.facebook.com/AlcaldiaDeTulua/posts/pfbid0RDGmqeFZTuuhcapxkw4m9b9o6ZiryEkD1DRhKJvRbQWkQaqoPkBw8q46htavt3Nol,1,0,"Reel de Facebook",,,,,Total,89,8,11,0,2293,2115,108,3152,45939.277,16.56,0,,,,
868513088649358,106810189450788,"Alcaldía de Tuluá",,"¡Únete a los cursos de capacitación que el Departamento Administrativo de las TIC tiene para ti! 🙌🏽🤓
Aprende ofimática, inglés para el trabajo y programación para niños. ¡No te pierdas esta oportunidad de adquirir nuevas habilidades y conocimientos! ¡Inscríbete ya!💥👩🏽‍💻👏🏽",35,"05/14/2024 09:05",N/A,https://www.facebook.com/AlcaldiaDeTulua/posts/pfbid0hfzCt8WFRuGQ7Qv45LSqehQreX77v3eiZdt8xFp63ZPo2NqpMHy62kwHvSM5dVo4l,1,0,"Reel de Facebook",,,,,Total,51,6,14,0,3091,2711,71,3744,22544.038,6.582,0,,,,
867057215461612,106810189450788,"Alcaldía de Tuluá",,"¡FELIZ DÍA DE LA MADRE! 💐♥️

En el corazón de la sociedad, la madre es la fuerza que impulsa el amor, la compasión y el cuidado🙌🏽. Su labor es incansable, su dedicación inigualable🫶🏽. Hoy celebramos a todas las madres, quienes con su valentía y sacrificio, construyen un mundo mejor para las generaciones futuras🤱🏽🌷. 

#felizdiadelamadre #mamá #12demayo",26,"05/12/2024 05:05",N/A,https://www.facebook.com/AlcaldiaDeTulua/posts/pfbid0brraAVdyZ9WH7BqRGtTNnEdtgxYjG1Hnvs8ZNQ9E1ifdySa6vacKfc4xqwFMbEAnl,1,0,"Reel de Facebook",,,,,Total,23,0,7,0,1997,1639,30,2346,5332.375,2.385,0,,,,
866629658837701,106810189450788,"Alcaldía de Tuluá",,"¡Atención jóvenes colombianos mayores de 18 años! 📣

La Fuerza Aérea Colombiana te invita a formar parte como oficial, suboficial o soldado. No dejes pasar esta oportunidad única. ¡Presenta tu solicitud totalmente gratis este 14 de mayo🫡👏🏽",45,"05/11/2024 14:05",N/A,https://www.facebook.com/AlcaldiaDeTulua/posts/pfbid028kmvf6yA5k9vZL7P3g9LhaWGwi9uaPGSYSoBX7fmGLfjti53XUyQBqjaEdwuKD85l,1,0,"Reel de Facebook",,,,,Total,63,3,21,0,4199,3808,87,4769,38365.827,8.613,0,,,,
866089465558387,106810189450788,"Alcaldía de Tuluá",,"Después de un extenso Consejo de Seguridad presidido por el Señor Presidente Gustavo Petro Urrego y diferentes miembros de su gabinete, además del acompañamiento de la señora gobernadora Dilian Francisco Toro y la Fuerza Pública, se dio a conocer la situación de seguridad en nuestro municipio. El Gobierno Nacional ratifica su compromiso de trabajar de manera articulada con el municipio para devolver la tranquilidad a todos los tulueños. 

Desde la Administración Municipal continuamos reforzando la seguridad, para garantizar el bienestar de nuestra ciudadanía #ParaSerFelices",344,"05/10/2024 18:05",N/A,https://www.facebook.com/AlcaldiaDeTulua/posts/pfbid02s5vmVHAYky3uZwQwyXQgs5SjJpUmuHpAAaxNKsLMkJ1VaLKrdFiRPYBe9M6xGyCsl,1,0,"Reel de Facebook",,,,,Total,213,21,37,0,4426,3854,271,7449,344450.22,55.646,0,,,,
865357175631616,106810189450788,"Alcaldía de Tuluá",,"*¡ATENCIÓN TULUÁ!* ⚠️

A partir de mañana, viernes 10 de mayo, hasta el sábado, 11 de mayo, a la medianoche, regirá el decreto con las restricciones para la conservación del orden público durante la visita del Señor Presidente de la República, Gustavo Petro Urrego, en nuestro municipio. Te invitamos a leer el decreto completo en el link de nuestra historia. ⬆️🔗",91,"05/09/2024 17:05",N/A,https://www.facebook.com/AlcaldiaDeTulua/posts/pfbid02t4wDK58uNEPEJbrjV6us3Y88hMraUs2fH8dWVEzhXgreUgft9RTkz4rS1wzBtjAgl,1,0,"Reel de Facebook",,,,,Total,81,32,11,0,3105,2765,124,4916,100060.549,27.717,0,,,,
863803645786969,106810189450788,"Alcaldía de Tuluá",,"¡Ahora estamos más cerca de ti!✅ Desde la Secretaría de Hábitat e Infraestructura, invitamos a nuestra ciudadanía a realizar sus peticiones o a denunciar sus quejas o reclamos respecto a las luminarias en la línea de atención al público que hemos habilitado para ello. Seguimos trabajando #ParaSerFelices 💙",0,"05/07/2024 08:05",N/A,https://www.facebook.com/AlcaldiaDeTulua/posts/pfbid02qdBSS1VSLqKX5VqJfiwy4N7QxvPTSQqcegn3ydUnmH4TBCSBx52e2tPSWwaRsHLKl,0,0,Foto,,,,,Total,31,2,15,21,3832,3221,48,,,,,15,6,,
863348829165784,106810189450788,"Alcaldía de Tuluá",,"¡En Tuluá, cuidamos y apoyamos los humedales, pues están llenos de vida y biodiversidad!🌳💧 Hoy es #LunesdelCampo y te enseñaremos qué son los Humedales, y cuántos tenemos en nuestro municipio. ✅💙💪 #ParaSerFelices",48,"05/06/2024 15:05",uploaded,https://www.facebook.com/AlcaldiaDeTulua/posts/pfbid0yPtfJQYPKG5q7iFYeSvqp41HYdfBUbrEYTqabTJ9d15X4u6cFqovJhW93Axne59Ll,1,0,"Reel de Facebook",,,,,Total,25,5,7,0,1636,1337,37,1984,6995.082,3.77,0,,,,
863288322505168,106810189450788,"Alcaldía de Tuluá",,"Con el fin de brindar un mejor servicio de calidad a la comunidad tulueña de la zona rural, desde la Secretaría de Salud y en trabajo conjunto con el @hospitalrubencruzvelez, se realizó una visita a los diferentes puestos de salud de los corregimientos rurales para revisar el estado de estas instalaciones y fortalecer los programas de promoción y mantenimiento. ✅ #ParaSerFelices",54,"05/06/2024 12:05",N/A,https://www.facebook.com/AlcaldiaDeTulua/posts/pfbid02Hg6wZuWTvp6uoRydJLirYdYV6FsTz87XumL9iR5EoT5tfvmbLtMrovf5Bech2Tiql,1,0,"Reel de Facebook",,,,,Total,39,4,14,0,1963,1742,57,2756,20603.97,7.995,0,,,,
862645942569406,106810189450788,"Alcaldía de Tuluá",,"¡Bienvenidos! El Municipio de Tuluá celebra la incorporación de 36 nuevos auxiliares de Policía, comprometidos con fortalecer la convivencia y seguridad en nuestra ciudad. Felicitamos a estos jóvenes por su decisión de servir a nuestra patria. 🎉👮‍♂️👮‍♀️ #ParaSerFelices",59,"05/05/2024 13:05",N/A,https://www.facebook.com/AlcaldiaDeTulua/posts/pfbid0377enmMhJ3J2kzQn2cLAd2wD5LsSvwFTvYJKDBZX2AoskXa4vth7Mr5VCih22FPAjl,1,0,"Reel de Facebook",,,,,Total,106,14,18,0,3087,2753,138,5387,79588.592,17.086,0,,,,
860695062764494,106810189450788,"Alcaldía de Tuluá",,"¡Seguimos fortaleciendo la tecnología en Tuluá!✅
Desde el Departamento Administrativo de las TIC y de Planeación Municipal, se realiza esta visita con el fin de fortalecer el aprendizaje en tecnología de todo nuestro equipo de trabajo para brindar servicios y herramientas de calidad a nuestra ciudadanía. #ParaSerFelices 💙",34,"05/02/2024 15:05",N/A,https://www.facebook.com/AlcaldiaDeTulua/posts/pfbid0cuMjg1QDi9mTL4zf2uGQMUyJqzVyeaSCS8MzLM7UEkVrLT8tvmVao1U1yRa4uRLBl,0,0,"Reel de Facebook",,,,,Total,30,0,12,0,1993,1604,42,2837,16453.166,6.265,0,,,,
