Identificador de la publicación,Identificador de la página,Nombre de la página,Título,Descripción,Duración (segundos),Hora de publicación,Tipo de subtítulo,Enlace permanente,Es una publicación cruzada,Es una publicación compartida,Tipo de publicación,Idiomas,Etiquetas personalizadas,Estado de contenido financiado,Comentario sobre los datos,Fecha,Impresiones,Alcance,"Reacciones, comentarios y veces que se compartió",Reacciones,Comentarios,Veces que se compartió,Total de clics,Consumo de segmentación del público coincidente (Photo Click),Clics de otro tipo,Clics en el enlace,Reproducciones de reels,Segundos reproducidos,Segundos en promedio reproducidos,Impresiones del anuncio,Ingresos estimados (USD),CPM del anuncio (USD)
824125933088074,106810189450788,Alcaldía de Tuluá,,"En el #MesdelaMujer, te invitamos a activar el Código Rosa, para hacerlo, debes comunicarte a estas líneas para denunciar cualquier tipo de violencia de género. #AnteUnaAlertaActúo #MujeresTulueñasdeCorazón  💙💪",0,03/07/2024 05:03,N/A,https://www.facebook.com/AlcaldiaDeTulua/posts/pfbid02H76QgQzyzNUW1HPK7jkE5sHXhjU77z9oaB97fwfNS29xEguYJWxTcWa72YQSUnFnl,0,0,Foto,,,,,Total,2673,2487,59,38,2,19,27,21,6,,,,,,,
824316289735705,106810189450788,Alcaldía de Tuluá,,"En el #MesdelaMujer, te invitamos a activar el Código Rosa, para hacerlo, debes comunicarte a estas líneas para denunciar cualquier tipo de violencia de género. #AnteUnaAlertaActúo #MujeresTulueñasdeCorazón 💙💪",17,03/07/2024 11:03,N/A,https://www.facebook.com/AlcaldiaDeTulua/posts/pfbid02PUSbtbsftpSQpmW7zcvbqxgme8epy47RMfLXQyVt73kCXJzrym753wwa2rTDTyY1l,0,0,Reel de Facebook,,,,,Total,1316,1229,73,61,1,11,0,,,,2643,"10352,435","4,313",0,,
824402346393766,106810189450788,Alcaldía de Tuluá,,"Desde la Secretaría de Salud, mañana, 8 de marzo, #DíadeLaMujer, se realizará una jornada de Socialización y Orientación en la ruta de violencia sexual y de género con un espacio pensado para las mujeres tulueñas. 💙✅ ¡Te esperamos! 💪 #MujeresTulueñasdeCorazón",0,03/07/2024 15:03,N/A,https://www.facebook.com/AlcaldiaDeTulua/posts/pfbid02WMVk6PKFzooZBAKkU3nxGrfsyJdo88KjL38FuzJqDKT8BApA6AddyoxgEvb9Fhpol,0,0,Foto,,,,,Total,1163,1083,16,13,3,0,13,2,11,,,,,,,
824745653026102,106810189450788,Alcaldía de Tuluá,,"¡CONMEMORACIÓN DÍA DE LA MUJER! 
Desde la Alcaldía Municipal, queremos enviar un saludo muy especial a todas las mujeres hoy en su día. Hoy #8M, conmemoramos la lucha a través de la historia por sus derechos. 💪🏼💙",0,03/08/2024 04:03,N/A,https://www.facebook.com/AlcaldiaDeTulua/posts/pfbid0owJSC7vtYR9ePFntvPNUNcsJ1QuG5puodWsNKdoUowSCVyhwQcLWGCAQdEL6eN6pl,0,0,Foto,,,,,Total,4411,4165,95,84,3,8,110,82,28,,,,,,,
824804446353556,106810189450788,Alcaldía de Tuluá,,"En este momento, el secretario de Gobierno, José Martín Hincapié, se encuentra en la Cumbre de Convivencia, Seguridad y Justicia realizada por el ministerio de Defensa en Bogotá, DC.✅💙",38,03/08/2024 06:03,N/A,https://www.facebook.com/AlcaldiaDeTulua/posts/pfbid0BrWRWPwiCS1AX6tP7KSX2bm4UjmQ2CkX2wFnjvqrruKDaMdUe8sEjhUFVcsHJRRel,0,0,Reel de Facebook,,,,,Total,2190,2052,340,291,29,20,0,,,,4614,"48557,488","12,063",0,,
824840076349993,106810189450788,Alcaldía de Tuluá,,"La gestora social, Luz Elena Londoño, envía un saludo muy especial a todas las mujeres tulueñas, valientes y fuertes que día a día hacen de Tuluá un municipio que vuelve a enamorar. 💙✅",26,03/08/2024 07:03,N/A,https://www.facebook.com/AlcaldiaDeTulua/posts/pfbid0ymbZCT9zVVh58Prgg9sN8d5oTdhNK2TcjJxhBEYaBqv5nzo9QPrGWo5ErjzZnNKml,0,0,Reel de Facebook,,,,,Total,2009,1895,281,213,22,46,0,,,,4020,"30520,624","8,489",0,,
825012629666071,106810189450788,Alcaldía de Tuluá,,"Hoy realizamos la Conmemoración del Día Internacional de la Mujer en la Terminal de Transportes con el acompañamiento de la gestora social, Luz Elena Londoño, gerentes, secretarias de despacho, concejales y 70 mujeres policías a las cuales se les hizo un reconocimiento especial por su labor en el municipio. Con el apoyo de las directoras del IMDER y el Departamento de Arte y Cultura se realizó un espacio lleno de alegría y recreación para celebrar este día. ✅✨🎉",59,03/08/2024 14:03,N/A,https://www.facebook.com/AlcaldiaDeTulua/posts/pfbid02wG8LQ3JvdRuevHjfXjD3FA6ZVJcwxQWESq2Kd4F4oM9kbgUywqd1jmaQFqA9PJCKl,0,0,Reel de Facebook,,,,,Total,2695,2566,282,217,17,48,0,,,,5682,"83850,804","16,963",0,,
825048189662515,106810189450788,Alcaldía de Tuluá,,"Entre todos lograremos hacer de Tuluá, un municipio más seguro para vivir en paz. Te invitamos a unirte a la campaña #TodosPorTuluá durante este fin de semana, con responsabilidad cumpliendo el decreto de restricción de movilidad. 💪🏼✅",0,03/08/2024 16:03,N/A,https://www.facebook.com/AlcaldiaDeTulua/posts/pfbid0RuYTNuXkd1YdRQBHMbxdv7JUk4xLJM4qPZ5RqfrWFDKiwddiyCBG34dXq9Kf2UJml,0,0,Foto,,,,,Total,4069,4003,60,49,3,8,66,30,36,,,,,,,
825389466295054,106810189450788,Alcaldía de Tuluá,,¡Aquí te presentamos estas mujeres fuertes y trabajadoras! Ellas son la representación de la mujer tulueña. Las comerciantes del Centro Comercial Bicentenario Plaza. 💙🎉💪🏼 Ellas también son #MujeresTulueñasdeCorazón 💙 #MesdelaMujer,25,03/09/2024 06:03,N/A,https://www.facebook.com/AlcaldiaDeTulua/posts/pfbid02zozJRJdCSrxGpUzhLusa2kH5n5BfcS5sngHm9aXVcHZpQ4FSGhmZ62QquYLb953vl,0,0,Reel de Facebook,,,,,Total,2191,2011,101,78,1,22,0,,,,3457,"21815,357","6,958",0,,
825533022947365,106810189450788,Alcaldía de Tuluá,,"¡Los datos hablan por sí solos!‼️
Gracias a la medida de control de movilidad, las cifras de hurtos han disminuido en un 52%. Seguimos trabajando #TodosPorTuluá 💙✅",0,03/09/2024 12:03,N/A,https://www.facebook.com/AlcaldiaDeTulua/posts/pfbid02GzyhF4jbzvUiQ3yeD976JBkV57wgA8GehnGzzVqQMxPqqCEMmUpDsmSu6r8fXBq9l,0,0,Foto,,,,,Total,3794,3696,66,54,4,8,55,25,30,,,,,,,
825616102939057,106810189450788,Alcaldía de Tuluá,,"Hoy la @facincorporacion hace una invitación muy especial a toda la comunidad tulueña, a aquellos jóvenes que deseen incorporarse a la Fuerza Aeroespacial de Colombia para prestar su servicio militar. 💙💪🏼",50,03/09/2024 16:03,N/A,https://www.facebook.com/AlcaldiaDeTulua/posts/pfbid02k65JGeMPXKarw7Y3bPBbcvvdwbDSA6TR69HpguCkLKQy7FidyHC6CLuXXy5dQuwdl,0,0,Reel de Facebook,,,,,Total,1397,1279,64,52,0,12,0,,,,1846,"11214,595","6,404",0,,
826016832898984,106810189450788,Alcaldía de Tuluá,,Desde la Secretaría de Salud extendemos una invitación muy especial a todas las personas que deseen traer sus mascotas a la Gran Jornada de Vacunación Antirrábica de Caninos y Felinos.  Aquí podrán encontrar las fechas y horarios. 🐕🐈💉 ¡Ellos también hacen parte de nuestra familia!💙,0,03/10/2024 08:03,N/A,https://www.facebook.com/AlcaldiaDeTulua/posts/pfbid0hseL8J3VMdk4JrE2hwATL87JQyTATJs9GshXmTiBFxhp7yQiLUd8YSiu6wHe6Bsnl,0,0,Foto,,,,,Total,3178,2997,66,40,9,17,68,58,10,,,,,,,
826115776222423,106810189450788,Alcaldía de Tuluá,,"Con el fin de fortalecer la seguridad y disminuir los casos de violencia de género en nuestro municipio, se realizó la capacitación a personal femenino y masculino de la @policiavalledelcauca de las Patrullas Púrpuras. 💜

Trabajamos por Bienestar de nuestra comunidad. 💪🏼",27,03/10/2024 10:03,N/A,https://www.facebook.com/AlcaldiaDeTulua/posts/pfbid0Jnwu9E9DEwT3CsDT7f66NeaQiVdi5Pyv2UeK7gDfcgNAzY8WTAvh8h5GUGuqDSGBl,0,0,Reel de Facebook,,,,,Total,1181,1095,49,42,0,7,0,,,,1684,"8032,774","5,045",0,,
826200782880589,106810189450788,Alcaldía de Tuluá,,"¡Continuamos construyendo el Plan de Desarrollo!
En esta ocasión, el espacio será para los líderes de las Juntas de Acción Comunal de la zonas rurales de nuestro municipio ✅💙
 Te esperamos mañana, 11 de marzo, desde las 8:30a.m. en el Centro Comercial Bicentenario Plaza para escuchar tus ideas💡",0,03/10/2024 13:03,N/A,https://www.facebook.com/AlcaldiaDeTulua/posts/pfbid0xwKsS7ChzMJoQpcUngPDmat1xgzTJQKTvuDLpkFGDubqGz61RwtebwynsVqyussRl,0,0,Foto,,,,,Total,3611,3423,51,40,2,9,29,24,5,,,,,,,
826605772840090,106810189450788,Alcaldía de Tuluá,,"Desde la Alcaldía Municipal, a través del Departamento Administrativo de Movilidad y Seguridad Vial y el apoyo de Infituluá, se está trabajando desde el día uno para restablecer los cruces semafóricos y poder recuperar el orden para la movilidad en las calles dentro de nuestro municipio. ¡Seguimos recuperando a Tuluá!💪💙",47,03/11/2024 06:03,N/A,https://www.facebook.com/AlcaldiaDeTulua/posts/pfbid02frniVTDaQY3sz8PWfuku87WdyLsgqp6XuEsfks9zBpr7Wc2Atw4NK7Q3Uv5Lqaysl,0,0,Reel de Facebook,,,,,Total,2496,2298,264,224,22,18,0,,,,5434,"62492,336","12,766",0,,
826746472826020,106810189450788,Alcaldía de Tuluá,,"Desde la Alcaldía Municipal seguimos realizando las respectivas gestiones por las vías en las veredas del municipio El Chuzo, El Vergel, La Coca, Maravelez, El Brasil y San Lorenzo, de la zona rural alta del municipio para la seguridad en la movilidad de los ciudadanos. ✅💙🚧",41,03/11/2024 10:03,N/A,https://www.facebook.com/AlcaldiaDeTulua/posts/pfbid02NBCNaCW465wnzNMBiPM9w2ARMcgZYBbtCoQqr4wFm5QTZRg4CRSV6mcBe2DvukbCl,0,0,Reel de Facebook,,,,,Total,2643,2382,362,275,27,60,0,,,,6830,"73348,263","11,849",0,,
827211839446150,106810189450788,Alcaldía de Tuluá,,Desde la Secretaría de Salud se inició con el Programa de Seguridad e Inocuidad Alimentaria para todos los establecimientos abiertos al público con el fin de realizar la verificación higiénica de dichos espacios para brindar seguridad y confiabilidad a nuestra ciudadanía tulueña.💪✅💙,51,03/12/2024 06:03,N/A,https://www.facebook.com/AlcaldiaDeTulua/posts/pfbid02RLESidoECPfssMBKCbatfCe2gdXngZuXdHaRRhX2piLJWbAvVCJRDyM9zBU8bBQQl,0,0,Reel de Facebook,,,,,Total,2121,1988,198,168,8,22,0,,,,4021,"42370,725","11,362",0,,
827410776092923,106810189450788,Alcaldía de Tuluá,,El Ejército Nacional realiza una invitación especial a todos los jóvenes colombianos mayores de 18 años a que se incorporen y hagan parte del Segundo Contingente del 2024. ¡La oportunidad es ahora!💙💪,43,03/12/2024 14:03,N/A,https://www.facebook.com/AlcaldiaDeTulua/posts/pfbid0yZ9TZM7gevabH5UbvqcCeXcJN7FUupXpSmWDbTLKYdi1HPZehFz3pk59iJp7EBbbl,0,0,Reel de Facebook,,,,,Total,2381,2234,110,96,0,14,0,,,,4119,"36541,814","9,449",0,,
827762539391080,106810189450788,Alcaldía de Tuluá,,"¡Aquí nos cuidamos entre todos!💪🏼✅
Desde la Secretaria de Salud Municipal invitamos a nuestra ciudadanía a que siga tomando medidas de cuidado para evitar la propagación del Dengue.  Es importante cuidarnos entre todos y tener presente estos tips para aplicarlos en los hogares. 🦟🚫",0,03/13/2024 06:03,N/A,https://www.facebook.com/AlcaldiaDeTulua/posts/pfbid0F2CXPHQdiYhnwoCXwFhTAfEaWefJuDaDcuCipA4DNpasf81b8s1AowYr4FwqWJ99l,0,0,Foto,,,,,Total,3060,2827,42,29,1,12,107,89,18,,,,,,,
827821969385137,106810189450788,Alcaldía de Tuluá,,"¡Día del Alcalde!💪🏼
La Ley 1656 de 2013 declara el día 13 de  marzo como el Día Nacional del Alcalde en Colombia. Hoy resaltamos la labor de la persona que lleva actualmente las riendas de un municipio trabajador y resiliente, pero que solo con la ayuda y la cooperación de sus ciudadanos, logrará cumplir con el objetivo.🎯 ✅💙",36,03/13/2024 08:03,uploaded,https://www.facebook.com/AlcaldiaDeTulua/posts/pfbid0ifQNxSvABSUoc43tsTKtqkSMVsDpL8VyH9yGVAMgdyc7qZPgTpEHBqUmsmQzUATUl,0,0,Reel de Facebook,,,,,Total,2865,2749,459,370,61,28,0,,,,5357,"55001,957","11,347",0,,
827938732706794,106810189450788,Alcaldía de Tuluá,Fotos de la biografía,,0,03/13/2024 13:03,N/A,https://www.facebook.com/AlcaldiaDeTulua/posts/pfbid0TurLdWgdVZrGxLmUnDoZhMNvsgxwf4dBknJHdFwXbywNhyBTkikkdwYt3Y4NX3qJl,0,1,Foto,,,,,Total,2537,2444,79,69,2,8,199,114,85,,,,,,,
827971902703477,106810189450788,Alcaldía de Tuluá,,"Desde la Alcaldía Municipal, a través de la Secretaría de Desarrollo Agropecuario y Medio Ambiente, SEDAMA, estamos hoy creando conciencia con los estudiantes de las diferentes facultades de la @ucevacol con la iniciativa ""Día de Movilidad Sostenible"" para la prevención del cambio climático con un espacio pedagógico y dinámico que permita que la comunidad estudiantil se apropie de dicha iniciativa.  ✅💙",67,03/13/2024 14:03,N/A,https://www.facebook.com/AlcaldiaDeTulua/posts/pfbid0xsPpDaPijMVdqnvPuauhT5SX6fiHcrBXZJSSki1kzu8tdZQR7s4idJWNEwdRCrGcl,0,0,Video,,,,,Total,1786,1573,190,160,9,21,109,,109,,,"34410,242","12,103",0,0,0
828000502700617,106810189450788,Alcaldía de Tuluá,,"Desde la Alcaldía Municipal, a través de la Secretaría de Gobierno y la Inspección de Policía se están realizando las diferentes gestiones para la recuperación y el control del espacio público en diferentes sectores de nuestro municipio. Con el apoyo de la Policía Nacional y el Departamento Administrativo de Movilidad y Seguridad Vial ¡Seguimos trabajando por Tuluá!✅💙",95,03/13/2024 15:03,N/A,https://www.facebook.com/AlcaldiaDeTulua/posts/pfbid02BuZikrBEm4EJjpCSP71FvyVTaDHkGC6Gp6DjqGBqNpurbPB1GuNEgUP4AapR8YG5l,0,0,Video,,,,,Total,5401,4859,306,248,32,26,382,,382,,,"129850,669","23,587",0,0,0
828367519330582,106810189450788,Alcaldía de Tuluá,,"¡El deporte se toma a Tuluá!💙⚽🏊🏻♀️♟️
Desde la Alcaldía Municipal, a través del Instituto Municipal del Deporte y la Recreación, IMDER, extendemos una invitación muy especial a nuestra ciudadanía tulueña para que inscriban de forma gratuita a sus niños y niñas de 6 años en adelante, en nuestros Programas de Iniciación. ¡Inscríbete ahora! ¡Te esperamos!💪",43,03/14/2024 06:03,N/A,https://www.facebook.com/AlcaldiaDeTulua/posts/pfbid02kCBzGkyfg1xDh8Wwfbqyy7qLmdhjxTWbNc3MviDvXocqLdDvyeuV18BQzNLag7HAl,0,0,Reel de Facebook,,,,,Total,2226,2041,159,117,8,34,0,,,,5095,"53408,171","12,154",0,,
828393685994632,106810189450788,Alcaldía de Tuluá,,"Desde el Departamento Administrativo de Arte y Cultura te presentamos la Escuela Municipal de Arte🖌️🎼, en donde podrás encontrar diferentes tipos de arte como: Música🎶, Teatro🎭, Artes Plásticas🎨. Esta iniciativa es totalmente gratuita para que nuestra ciudadanía pueda formarse como artista en estas carreras técnicas. ¡Inscríbete ahora!💪🏼💙",60,03/14/2024 07:03,N/A,https://www.facebook.com/AlcaldiaDeTulua/posts/pfbid02ZhTFxKiznMJptv1N5zDrVBomGrKP1kpUvnXU72WFbX7nXC9wNfPPjwChXQxQWUspl,0,0,Reel de Facebook,,,,,Total,1718,1569,82,64,4,14,0,,,,2406,"15683,593","7,051",0,,
828556442645023,106810189450788,Alcaldía de Tuluá,,"¡Gran Vacunatón contra el VPH! 
Desde la Secretaría de Salud hacemos una invitación muy especial este sábado, 16 de marzo, a la Jornada de Vacunación💉 para niños y niñas entre 9 a 17 años, contra el Virus del Papiloma Humano ¡Recuerda que la vacunación, salva vidas!💪💙",46,03/14/2024 13:03,uploaded,https://www.facebook.com/AlcaldiaDeTulua/posts/pfbid0mkHmzRAzrFmHJ6MZ4zGV9Ug2u6kSYBgc2vZz698m96sdpsVa4cYm76aCBUibJpu4l,0,0,Reel de Facebook,,,,,Total,1700,1554,114,93,7,14,0,,,,3466,"27630,777","8,562",0,,
828557715978229,106810189450788,Alcaldía de Tuluá,,"¡Gran Vacunatón contra el Virus del Papiloma Humano!💉💪🏼
Aquí te dejamos los puntos habilitados para que te acerques con tus niñas entre los 9 a 17 años y niños de 9 años. ¡Te esperamos!",0,03/14/2024 13:03,N/A,https://www.facebook.com/AlcaldiaDeTulua/posts/pfbid0Txh2anJmde1PLEWw3LgSVKuPuoYDpnKNyE2UzuKEBNKaeK5WqNWbMCRVUENufTSHl,0,0,Foto,,,,,Total,8256,7395,67,41,5,21,517,449,68,,,,,,,
828965499270784,106810189450788,Alcaldía de Tuluá,,"Al contribuir con tu aporte,cada ciudadano tulueño está colaborando con el desarrollo y  el bienestar de nuestro municipio. Así,  aseguramos que todos los recursos estén disponibles para atender las necesidades de todos los ciudadanos. ¡Aprovecha ahora y haz tu aporte hasta el 31 de marzo sin recargo!💪💙",0,03/15/2024 06:03,N/A,https://www.facebook.com/AlcaldiaDeTulua/posts/pfbid0xpzSMt9aTy8tfUqaYXbHoRqQrXGvzvrottXNpnZM6cReFCx79uzU1SvSsjtashDbl,0,0,Foto,,,,,Total,2019,1835,37,29,0,8,5,2,3,,,,,,,
829048449262489,106810189450788,Alcaldía de Tuluá,,"Desde la Secretaría de Bienestar Social y la Coordinación de Discapacidad se realiza la convocatoria a la ciudadanía tulueña con Discapacidad de la Comuna 7 para la Caracterización y Orientación de Programas que ofreceremos, este lunes, 18 de marzo en la Ciudadela de Occidente. ¡Los esperamos!💪✅",0,03/15/2024 09:03,N/A,https://www.facebook.com/AlcaldiaDeTulua/posts/pfbid02QtTaNogR6nP7RNv7k767fn7DjrKiWt1LzcfFAK5qohpcUCiTPgR4Bra89WyrjMbzl,0,0,Foto,,,,,Total,2790,2514,48,33,3,12,52,23,29,,,,,,,
829152352585432,106810189450788,Alcaldía de Tuluá,,"Desde el Departamento Administrativo de Arte y Cultura, la Secretaría de Bienestar Social y el Instituto Municipal para el Deporte y la Recreación, IMDER, se realizó un Homenaje especial a la Mujer Tulueña en el cual se reconocieron a 18 mujeres que han dejado en alto el nombre del municipio en el ámbito social, deportivo, cultural, gastronómico, entre otras, con el acompañamiento de la Gestora Social, Luz Elena Londoño y algunas concejales del municipio.✅💙",71,03/15/2024 13:03,N/A,https://www.facebook.com/AlcaldiaDeTulua/posts/pfbid0247mAfBCWFjvTRWvzTVgJTVJgw3x86fJGk8iHw3EA4wtCGCA8YsjJjhmJFs8P98kTl,0,0,Video,,,,,Total,1631,1456,88,76,0,12,52,,52,,,"27098,882","13,762",0,0,0
829219765912024,106810189450788,Alcaldía de Tuluá,,"Hoy, 15 de marzo, desde las Secretarías de Gobierno y de Salud, se realizaron los controles de sanidad en los establecimientos de comida en la carrera 30, con el apoyo de la @policiavalledelcauca. Esto, con el fin de revisar y dar cumplimiento a las normas de salubridad para velar por la salud y el bienestar de los ciudadanos. ✅💙",38,03/15/2024 16:03,N/A,https://www.facebook.com/AlcaldiaDeTulua/posts/pfbid0FyndESZvFiSDdZPrYPazszsDRawLPAoufKHLZAaM2ZRJivam9HMtYe3EfQ3j8wV8l,1,0,Reel de Facebook,,,,,Total,3258,2984,189,161,6,22,0,,,,5406,"76337,174","16,818",0,,
829596592541008,106810189450788,Alcaldía de Tuluá,,"Desde la Alcaldía Municipal, a través de la Secretaría de Desarrollo Institucional, reactivamos el convenio interinstitucional con la Unidad Central del Valle, UCEVA, con el fin de abrir las puertas y ofrecer la oportunidad a los estudiantes dentro de nuestra Administración para sus prácticas profesionales. ✅💙",46,03/16/2024 08:03,N/A,https://www.facebook.com/AlcaldiaDeTulua/posts/pfbid02c6b1eXFsXHXJ5cnwBRyeu8f2h5rs7NyctoFiNZkyncDPwNXUAhVXGRprxaNhEBj9l,1,0,Reel de Facebook,,,,,Total,1964,1732,72,62,3,7,0,,,,1986,"16186,434","8,859",0,,
829743769192957,106810189450788,Alcaldía de Tuluá,,"A partir de este lunes, 18 de marzo, tendremos disponible un nuevo punto SISBÉN, en el cual se brindará atención desde las 8:00a.m. hasta las 4:00p.m. en jornada continua. ¡Te esperamos!✅💙",0,03/16/2024 13:03,N/A,https://www.facebook.com/AlcaldiaDeTulua/posts/pfbid02JVuhxPWCyyuQemnmUJD6zcPuz5CYEGCVVPmPT8UJC25B7aWiJsQtRYxFUWXngz4Zl,0,0,Foto,,,,,Total,9256,8040,209,145,31,33,495,233,262,,,,,,,
830817032418964,106810189450788,Alcaldía de Tuluá,,"Hoy es #LunesdelCampo, y desde la Alcaldía Municipal a través de la SEDAMA, se realiza la entrega de insumos para la producción de diferentes especies de guayabas que lograrán beneficiar a familias tulueñas productoras que devengan un sustento con esta actividad. 💙✅💪 ¡Continuamos trabajando por nuestra zona rural!👨🏼🌾🍁",58,03/18/2024 06:03,N/A,https://www.facebook.com/AlcaldiaDeTulua/posts/pfbid0YoFZ1SDnccpPPfD89AQxQDuBFRUu56dWb1ugePt59L7MPrJJ6Dn5BHMDK5Tj2XxVl,0,0,Reel de Facebook,,,,,Total,1894,1704,116,94,9,13,0,,,,2410,"23431,996","10,418",0,,
830897619077572,106810189450788,Alcaldía de Tuluá,,Desde la Secretaría de Salud continuamos invitando a nuestra ciudadana para que traigan sus mascotas a la segunda semana de la Jornada de Vacunación Antirrábica de Caninos y Felinos. Aquí podrán encontrar las fechas y horarios de esta semana. 🐕🐈💉 ¡Ellos también hacen parte de nuestra familia!💙,0,03/18/2024 08:03,N/A,https://www.facebook.com/AlcaldiaDeTulua/posts/pfbid0njWs9P1oUfJRkgkiFgojhtprB9tzMqGL4ePwMaHrohs3aDfvwH6J7ofX96uFUrssl,0,0,Foto,,,,,Total,2019,1875,34,24,1,9,20,15,5,,,,,,,
831053622395305,106810189450788,Alcaldía de Tuluá,,"¡La Casa de Justicia ahora está al alcance de todos!💙 Llega la Casa de Justicia Móvil en donde podrás participar de la Yincana de la Justicia.💪 Te esperamos este jueves, 21 de marzo, desde las 9:00a.m. en el Parque Recreacional de Aguaclara.✅",0,03/18/2024 15:03,N/A,https://www.facebook.com/AlcaldiaDeTulua/posts/pfbid0yxQe6WsgQ7F7mwNTA7nR6Y3agAb2HYNUBzzAsyMAjLb5gtQ2uQyAWKRMYzmTnEERl,0,0,Foto,,,,,Total,4360,3927,68,53,3,12,54,25,29,,,,,,,
831515015682499,106810189450788,Alcaldía de Tuluá,,"Desde la Secretaría Privada y el Departamento Administrativo de las TIC, extendemos una invitación muy especial a los Presidentes de las Juntas de Acción Comunal de la zona rural y urbana a la Inscripción del Registro Único TIC del Programa de Comunidades de Conectividad este viernes, 22 de marzo, desde las 9:00 a.m. 

¡Te esperamos! 💙✅",0,03/19/2024 08:03,N/A,https://www.facebook.com/AlcaldiaDeTulua/posts/pfbid028bMZ29qtq2apdrqv24kcBYTASv8wvD7n5UMBF7heBgt3tCREDmSXwUeMzwG52w3tl,0,0,Foto,,,,,Total,1741,1601,26,21,0,5,6,5,1,,,,,,,
831628562337811,106810189450788,Alcaldía de Tuluá,,"Desde la Alcaldía Municipal, a través del Departamento Administrativo de Movilidad y Seguridad Vial y la Secretaría de Gobierno, estamos realizando un apoyo a la ciudadanía con el acompañamiento permanente de la Policía Nacional para brindar seguridad a quienes realizan deporte en estos sectores. ✅💙",56,03/19/2024 13:03,N/A,https://www.facebook.com/AlcaldiaDeTulua/posts/pfbid0hcTuMMmv9mSCWhnAf7suMVCREHs8n3X7B1mVnGaP5MDeH7aKYanetaurQeDBhJPVl,0,0,Video,,,,,Total,2245,1980,123,109,5,9,105,,105,,,"35583,541","13,342",0,0,0
831680082332659,106810189450788,Alcaldía de Tuluá,,"¡Atención Tuluá!⚠️
Si eres beneficiario del programa de Renta Ciudadana en la línea 1 de Valoración de Cuidado: Hogares del Grupo A del Sisbén IV, acércate a la Secretaria de Bienestar Social o ingreso a la página y consúltalo ahora.  ¡Te esperamos!💪🏼✅",0,03/19/2024 15:03,N/A,https://www.facebook.com/AlcaldiaDeTulua/posts/pfbid02Jxmv8FAmMxvVWXRrVFteWDxAeW1FncZ5w9ZTN2HFvYbee1Z8D18vdVrc6hrWAx63l,0,0,Foto,,,,,Total,2658,2401,33,22,0,11,90,75,15,,,,,,,
832030182297649,106810189450788,Alcaldía de Tuluá,,"Desde la Secretaría de Bienestar Social hacemos un llamado a la ciudadanía para que se acerquen y consulten si son beneficiarios del Programa de Renta Ciudadana en la línea 1 de Valoración de Cuidado, el cual está dirigido a hogares del Grupo A del Sisbén IV. También puedes consultarlo ingresando a la página rentaciudadana.prosperidadsocial.gov.co  💪🏼✅",31,03/20/2024 06:03,N/A,https://www.facebook.com/AlcaldiaDeTulua/posts/pfbid08JKUmm1DSETDsUK9pp8CEtzhEG6s1ypMum1Us91Y7ggpVntq9WvikYAfpVNPMzFCl,0,0,Reel de Facebook,,,,,Total,1796,1623,91,74,1,16,0,,,,3480,"28153,732","9,084",0,,
832070715626929,106810189450788,Alcaldía de Tuluá,,"¡Continuamos trabajando por la empleabilidad!✅💪 Desde la Secretaría de Bienestar Social, en trabajo articulado con la Agencia Pública de empleo de SENA y Comfandi, hacemos una invitación muy especial a la ciudadanía a la Feria de Empleabilidad, donde se brindará atención desde los diferentes programas nacionales, el Sisbén y la Secretaría de Salud. ¡Los esperamos!✅💙",0,03/20/2024 08:03,N/A,https://www.facebook.com/AlcaldiaDeTulua/posts/pfbid032XNPLVo1RaYGMufztatAdyn3etj5kDjYcF5YkcddqJaSRVTu7SD2qNatYMk2kDchl,0,0,Foto,,,,,Total,2644,2389,44,35,0,9,50,38,12,,,,,,,
832182608949073,106810189450788,Alcaldía de Tuluá,,¡No esperes más!💪 Cumple ahora con tus responsabilidades como ciudadano y contribuye al desarrollo de Tuluá hasta el 31 de marzo ¡sin recargo!. Sé parte de la transformación de nuestro municipio. ¡Tu aporte hace la diferencia!✅💙,0,03/20/2024 12:03,N/A,https://www.facebook.com/AlcaldiaDeTulua/posts/pfbid022RyGUEA7GGaKCzsiaq4FRpUcEKqfsS9jMezDacWGNAwEETYs6kWoAb9THKXghUil,0,0,Foto,,,,,Total,1979,1735,27,20,1,6,9,5,4,,,,,,,
832267195607281,106810189450788,Alcaldía de Tuluá,,"@infitulua adelanta las actividades de ejecución de la obra en el proyecto Ciudadela Regional del Comercio, de manera responsable con el medio ambiente y con todos los permisos requeridos para ampliar la apuesta comercial e industrial en nuestro municipio. ¡Desde la Alcaldía Municipal, continuamos apoyando y contribuyendo por el progreso de Tuluá!💪💙",80,03/20/2024 16:03,N/A,https://www.facebook.com/AlcaldiaDeTulua/posts/pfbid027gAobTHeiMGAz3kHVP9Z4LrUXtQCEoFVDWiHyJ4HucJBCyiepHJMtu1USV2KkvGil,1,0,Reel de Facebook,,,,,Total,1343,1198,44,37,2,5,0,,,,1582,"15068,067","10,363",0,,
832289755605025,106810189450788,Alcaldía de Tuluá,,"En tan solo dos meses y medio, hemos marcado la diferencia. Es por eso, que hoy reafirmamos nuestro compromiso y responsabilidad con nuestra ciudadanía tulueña, seguimos trabajando para construir un futuro mejor para todos. ✅💪🏼",21,03/20/2024 17:03,N/A,https://www.facebook.com/AlcaldiaDeTulua/posts/pfbid02mAYTEa4UYxVaiaDdA9PJHCnSwD91WpMuNguc7SeWQ5qhb8stsGucTh2ZaZy27N2tl,1,0,Reel de Facebook,,,,,Total,2064,1751,164,143,9,12,0,,,,4770,"30211,605","7,691",0,,
832688402231827,106810189450788,Alcaldía de Tuluá,,"¡Estamos recuperando a Tuluá!💙💪🏼

Desde la Alcaldía Municipal a través de la Secretaría de Gobierno y el Departamento Administrativo de Movilidad y Seguridad Vial, con el acompañamiento del Ejército Nacional y la @policiavalledelcauca se realiza el reconocimiento de los espacios y diálogos con comerciantes de la Galería para continuar trabajando por la seguridad y recuperar a nuestro municipio. ✅⚠️💙",46,03/21/2024 07:03,N/A,https://www.facebook.com/AlcaldiaDeTulua/posts/pfbid02QNs357nbMND972C3gZqLNk6QvmcaAcTrnrJ77igLLvYZz4HrfBp9NQi72Rgm2easl,1,0,Reel de Facebook,,,,,Total,2233,1928,129,111,7,11,0,,,,3472,"36867,341","11,801",0,,
832966895537311,106810189450788,Alcaldía de Tuluá,,"Hoy conmemoramos la diversidad en el Día Mundial del Síndrome de Down. Reafirmamos nuestro compromiso con la inclusión, el amor y el respeto hacia todas las personas. Hoy nos unimos a esta causa y ayudamos a construir un municipio más inclusivo 💙💛 #DíaMundialdelSíndromedeDown",46,03/21/2024 17:03,N/A,https://www.facebook.com/AlcaldiaDeTulua/posts/pfbid0rvqTUACmixxBT6A5NzPujG2Wjf8QdJ8nsiXAAdUiC31srwNQEuDE2Dez4pnnKmMjl,1,0,Reel de Facebook,,,,,Total,2733,2313,230,204,11,15,0,,,,4226,"43342,607","11,254",0,,
833561602144507,106810189450788,Alcaldía de Tuluá,,"¡REAFIRMAMOS EL COMPROMISO POR EL BIENESTAR ANIMAL!💙💪
Desde la Alcaldía Municipal, a través de la secretaría de Salud y de Desarrollo Institucional se continúa trabajando de manera articulada para dar prioridad a la atención especializada y el cuidado médico veterinario de 36 felinos que en este momento se encuentran en el barrio 12 de octubre. Aquí te mostramos cómo ha sido el proceso de cuidado y la campaña de donación de alimento que se ha realizado en los últimos días. Actualmente, se encuentran en la búsqueda de un hogar responsable.
Juntos, podemos marcar la diferencia en la vida de nuestros animales. En Tuluá, hay espacios para TODOS. 🐾💙",75,03/22/2024 14:03,N/A,https://www.facebook.com/AlcaldiaDeTulua/posts/pfbid0mHkZyAmmFkeLnPmzk4LubEjgSwRCEH4u76PGYjAxV1nmb7Y7SDh8ppzY5H2K4z1Cl,0,0,Video,,,,,Total,3123,2580,407,305,66,36,213,,213,,,"73128,229","14,011",0,0,0
833677562132911,106810189450788,Alcaldía de Tuluá,,"¡Acompáñanos a recuperar a Tuluá!💙💪🏼
Con esta nueva norma, lograremos impactar positivamente a nuestra comunidad tulueña y retomar los espacios para la familia. Te invitamos a ver de  manera interactiva los detalles completos de esta restricción en Tuluá y conoce las razones detrás de esta importante medida.",85,03/22/2024 19:03,N/A,https://www.facebook.com/AlcaldiaDeTulua/posts/pfbid02B1oKJnS4iFFQhj1HoSW4pDNs65o8TuiqViJMqcQ92j69GG8aLdUqgcfb5FbEKcqbl,1,0,Reel de Facebook,,,,,Total,1979,1578,136,103,15,18,0,,,,3432,"29305,34","9,401",0,,
836720588495275,106810189450788,Alcaldía de Tuluá,,"Desde la Alcaldía Municipal a través de la Secretaría de Salud, continuamos invitando a la ciudadanía para seguir con el cuidado permanente para la prevención del dengue, el cual se ha reducido en los últimos días gracias a las jornadas de aplicación de herbicidas en los sumideros ¡Aquí nos cuidamos entre TODOS! 💙✅",46,03/27/2024 09:03,N/A,https://www.facebook.com/AlcaldiaDeTulua/posts/pfbid02hMwPyBVjF76gxk1R5jQ8FN9wnNiZGHkrqd9QmndBojQ3V5dU4scF7sdJsJdAWfu7l,0,0,Reel de Facebook,,,,,Total,1918,1751,75,64,1,10,0,,,,2845,"17264,676","6,483",0,,
836808075153193,106810189450788,Alcaldía de Tuluá,,"En esta temporada de #SemanaSanta, te invitamos a que elijas con cuidado los productos que vas a consumir con tu familia, para que sean de calidad. Nosotros desde la Alcaldía Municipal a través de la Secretaría de Salud y con el apoyo de la Policía Ambiental, seguimos comprometidos con los controles sanitarios que realizamos para velar por la seguridad y la salud de nuestra ciudadanía ¡Aquí, nos cuidamos entre TODOS! #TodosPorTuluá 💙💪",72,03/27/2024 13:03,N/A,https://www.facebook.com/AlcaldiaDeTulua/posts/pfbid02tfhMhQVA7HogWoqCEKwXST2v4F7YvBM1Zk2f3GX3DbyJ3CYpLfdEC2F3ch7ynUNl,0,0,Video,,,,,Total,1894,1652,72,56,4,12,32,,32,,,"27612,771","10,735",0,0,0
836845841816083,106810189450788,Alcaldía de Tuluá,,"Después de recibir la mejor atención médica de veterinarios especializados, finalmente los gatitos están listos para un hogar amoroso y responsable. Por eso, la gestora social, Luz Elena Londoño, invita a a quienes deseen brindarles una segunda oportunidad y llevarlos en su hogar y hacerlos parte de su familia.  ¡Haz la diferencia en sus vidas y en la tuya!  #TodosPorTuluá 💙",31,03/27/2024 14:03,N/A,https://www.facebook.com/AlcaldiaDeTulua/posts/pfbid034hqQ4RR8KFCcU9Bp6Qh27y1gaR44W5itjXcK21KqdhRuGnDvtr35Xja1547sgecWl,0,0,Reel de Facebook,,,,,Total,2842,2427,403,310,38,55,0,,,,6914,"57558,304","9,565",0,,
837289111771756,106810189450788,Alcaldía de Tuluá,,"En esta temporada de #SemanaSanta, te invitamos a Tuluá. Pasa este tiempo de oración y reflexión con tu familia en nuestro municipio. Aquí te dejamos algunas de nuestras parroquias en las cuales podrás disfrutar de la programación dea",23,03/28/2024 06:03,N/A,https://www.facebook.com/AlcaldiaDeTulua/posts/pfbid034hQ4XcQ2bpkDrCKsYfRnX9q3rWdSu91BKqivdYNXmMmVZdzDerdUeDHa9ecuQhXEl,1,0,Reel de Facebook,,,,,Total,4115,3840,210,157,7,46,0,,,,5559,"32799,842","6,653",0,,
837426908424643,106810189450788,Alcaldía de Tuluá,,"¡El compromiso por recuperar Tuluá es más fuerte que nunca!💪🏼
Priorizar los lugares donde se encuentran nuestros comerciantes es una de las apuestas para la recuperación de nuestro municipio. 💙✅ #TodosPorTuluá",54,03/28/2024 10:03,N/A,https://www.facebook.com/AlcaldiaDeTulua/posts/pfbid02qaCopFXyhkWQ13rQykyJhyePhCio1rG5V9JFxMvmDZKH4xZREZikaE9KBkoGNRwql,1,0,Reel de Facebook,,,,,Total,2851,2605,171,136,12,23,0,,,,4775,"56210,952","13,46",0,,
837540558413278,106810189450788,Alcaldía de Tuluá,,"Para estos días que no estarás en casa, ten en cuenta estas sugerencias para que tengas un #HogarSeguro en esta #SemanaSanta ¡Nos cuidamos entre TODOS!✅💙",0,03/28/2024 15:03,N/A,https://www.facebook.com/AlcaldiaDeTulua/posts/pfbid02vFhYbcXVx8qq4SBLBGf6ji9srPLYKmpNvEhcspSankvVxZPZJ1KuAMybGHseNJLyl,0,0,Foto,,,,,Total,3626,3216,34,24,0,10,18,16,2,,,,,,,
837996395034361,106810189450788,Alcaldía de Tuluá,,"¡Garantizamos la salud y el bienestar de nuestra comunidad!✅ 
Gracias al trabajo articulado de la Alcaldía Municipal con la Secretaría de Salud, se ha llevado a cabo un completo esquema de protección y prevención del dengue y otras enfermedades en nuestro municipio durante los últimos días.💪🏼 
Continuaremos con estas jornadas que realizamos para cuidarnos entre TODOS 💙 #TodosPorTuluá",71,03/29/2024 06:03,N/A,https://www.facebook.com/AlcaldiaDeTulua/posts/pfbid0H1xmA7RjnjW7T7p3xdZZwC7Spim7dnM8h7ED2JXmcwKY5GuPPqnv1LgYZiWQTCVDl,1,0,Reel de Facebook,,,,,Total,1833,1565,61,42,7,12,0,,,,2360,"14762,305","6,753",0,,
838134195020581,106810189450788,Alcaldía de Tuluá,,Si estás pensando en viajar... Ten en cuenta estos importantes tips para que tengas un #ViajeSeguro en esta #SemanaSanta 💙🚗,0,03/29/2024 11:03,N/A,https://www.facebook.com/AlcaldiaDeTulua/posts/pfbid0qbdAPdy1XZuDmD3Yk7CHFRLHM859W5WD1cwwisCAizqfwbQGQCeKcQfSmF6RUspTl,0,0,Foto,,,,,Total,4956,4635,33,25,0,8,20,14,6,,,,,,,
819935900173744,106810189450788,Alcaldía de Tuluá,,"Desde la Alcaldía Municipal, a través de la Secretaría de Gobierno, entendemos un agradecimiento especial al compromiso a nuestra Fuerza Pública✅ 💪🏼",40,02/29/2024 05:02,N/A,https://www.facebook.com/AlcaldiaDeTulua/posts/pfbid02LVLwacFzGa4DGxgMRshsLMQtQAk8qi9kCbmy9mbDX5bjzZvfZxCLFRUzQEhzBzqNl,0,0,Video,,,,,Total,2481,2213,201,169,18,14,153,,153,,,"36812,917","11,244",0,0,0
819947806839220,106810189450788,Alcaldía de Tuluá,,"Hoy, desde la Alcaldía Municipal con el apoyo de la Secretaría de Bienestar Social y la Fundación Tejiendo Alas, conmemoramos el Día Internacional de las Enfermedades Huérfanas, con el objetivo de concientizar y ayudar a todas las personas que padecen esta condición, a recibir de forma oportuna el debido diagnóstico y tratamiento garantizando así una mejor calidad de vida.✅💪💙",0,02/29/2024 05:02,N/A,https://www.facebook.com/AlcaldiaDeTulua/posts/pfbid0tY6rPEkJYs8btp9Ykt5kmpnHRXaW9YsdLy8brdy6JSBiPatWnuAuJwyaxqZf8tETl,0,0,Foto,,,,,Total,2108,2060,24,16,1,7,4,2,2,,,,,,,
819959636838037,106810189450788,Alcaldía de Tuluá,,"Ya tenemos 663 cupos listos para iniciar, ¡solo faltas tú! Aprovecha hoy y mañana para inscribirte en nuestros talleres del Departamento Administrativo de Arte y Cultura.✅💙",0,02/29/2024 06:02,N/A,https://www.facebook.com/AlcaldiaDeTulua/posts/pfbid022FKKXvkJPEEPVTD6TULCWqTAX19ReRaC6yiWbk7TcTrevXYbwgwmKAfFMFbriVxGl,0,0,Foto,,,,,Total,2962,2880,34,24,0,10,34,25,9,,,,,,,
819985706835430,106810189450788,Alcaldía de Tuluá,,"Con la Secretaría de Educación, realizamos alianzas estratégicas para trabajar por el bilingüismo en nuestro municipio. Gracias a la Academia Pacific College por unirse a este compromiso por una Tuluá bilingüe. 💙✅",23,02/29/2024 07:02,uploaded,https://www.facebook.com/AlcaldiaDeTulua/posts/pfbid0LwzYTHKADxZxBvK3ZGewqS2M1mjx5ZUdbF67uyqyZkw4f2EXbyv2SZWsp8AHjsd5l,0,0,Reel de Facebook,,,,,Total,2082,1915,91,76,2,13,0,,,,3094,"17578,394","6,438",0,,
820059416828059,106810189450788,Alcaldía de Tuluá,,"Después del Consejo de Seguridad convocado por la Alcaldía Municipal y liderado por la Secretaría de Gobierno, se estableció que la medida de restricción de movilidad de motos que se adoptó durante el mes de febrero, se extenderá durante todo el mes de marzo. ✅💪🏼 
Desde las 11:00p.m. hasta las 5:00a.m. no podrán circular motocicletas en el municipio.",63,02/29/2024 09:02,N/A,https://www.facebook.com/AlcaldiaDeTulua/posts/pfbid02KzJ3khVwKjcKHGSJj3KypdeeYXxqNdVCasrYfthhuiaX9ay4CbLZkCTDYRbfugqEl,0,0,Video,,,,,Total,3144,2946,226,147,52,27,215,,215,,,"67277,194","14,67",0,0,0
820227440144590,106810189450788,Alcaldía de Tuluá,,"¡Atención Tuluá!⚠️

A partir de mañana, 1 de marzo, se renueva el decreto de restricción de movilidad que estuvo rigiendo en el mes de febrero. El alcalde(e), José Martín Hincapié, explica con detalle la nueva normatividad del mes de marzo. ✅💪🏼",165,02/29/2024 17:02,N/A,https://www.facebook.com/AlcaldiaDeTulua/posts/pfbid024DfEmMbSE5bprweakxpnK4G26B8uDf3GSAXiQq1XzmGojUZb58DrEDqj2wp8YeFtl,0,0,Video,,,,,Total,4072,3873,131,99,22,10,152,,152,,,"88299,201","19,574",0,0,0
820616306772370,106810189450788,Alcaldía de Tuluá,,"¡Trabajamos por nuestra comunidad rural! ✅
Desde el Departamento Administrativo de las TIC y la Secretaría de Educación, se están llevando a cabo las visitas técnicas a la  corregimientos La Marina, La Moralia y Monteloro, con el fin de conocer las necesidades del sector educativo y de la comunidad de la zona rural.",0,03/01/2024 08:03,N/A,https://www.facebook.com/AlcaldiaDeTulua/posts/pfbid033UjqrV5qwubk2ddhZhBzwBnVFk5gxjBNv1k9p5cGSo4DJqK7Mq5hbcUSihvAQpVSl,0,0,Foto,,,,,Total,4224,4112,63,52,1,10,94,78,16,,,,,,,
820621343438533,106810189450788,Alcaldía de Tuluá,,"Inicia el mes de la mujer, y hoy queremos presentarles a doña Piedad Román. Ella es una mujer líder y valiente que dedicó su vida entera a la educación, una mujer que, actualmente, se encuentra en una labor social por la población mayor de nuestro municipio por vocación y amor a Tuluá. #MesdeLaMujer #MujeresTulueñasdeCorazón  💙✅",46,03/01/2024 09:03,N/A,https://www.facebook.com/AlcaldiaDeTulua/posts/pfbid0UJMCvVoJaYTEn4cTWSYKnRHTSA3zC5GFxNQJAvugD69JwU2ehQ46F4jWySoLBnWtl,0,0,Video,,,,,Total,3784,3412,431,339,45,47,316,,316,,,"91423,63","12,225",0,0,0
820735820093752,106810189450788,Alcaldía de Tuluá,,"Desde la Alcaldía Municipal, a través de la Secretaría de Hábitat e Infraestructura, se está realizando auditoría visible para la obra realizada con el apoyo del Departamento de Prosperidad Social (DPS) que se encuentra lista para entregar en la comunidad del barrio El Paraíso. ✅💙 ¡Seguimos trabajando por Tuluá!💪",60,03/01/2024 13:03,N/A,https://www.facebook.com/AlcaldiaDeTulua/posts/pfbid0288GhX8JtSD5kJhwdYw6e7844xqCJLq7T3vGE3L2u69kEZ7cx9Y7Gf2MWsfxtU4cvl,0,0,Reel de Facebook,,,,,Total,2852,2559,138,118,9,11,0,,,,5854,"68750,381","12,998",0,,
821236520043682,106810189450788,Alcaldía de Tuluá,,"Invitación muy especial desde la Alcaldía Municipal, a través de la Secretaría de Bienestar social y la Coordinación de Discapacidad, para todos los cuidadores de personas con discapacidad para que se certifiquen con el SENA ✅¡Inscríbete ahora!",0,03/02/2024 10:03,N/A,https://www.facebook.com/AlcaldiaDeTulua/posts/pfbid053pg3xLD4wQanGDaQChwgF2UH2ebZyR9o1gWm5WzTuBfA4QnTdpfn835YwMdfwjql,0,0,Foto,,,,,Total,4147,3860,71,48,0,23,41,24,17,,,,,,,
821307516703249,106810189450788,Alcaldía de Tuluá,,"En el #MesdeLaMujer, resaltamos a Alexandra Cardona, directora del Departamento Administrativo de Planeación. Una mujer que trabaja por Tuluá desde los proyectos estratégicos para el desarrollo de nuestro territorio. #MujeresTulueñas 💙✅",17,03/02/2024 13:03,N/A,https://www.facebook.com/AlcaldiaDeTulua/posts/pfbid0bDUfxtwWUqHwBju3LeoWfbyZfCCtJoEohPissatJWCVzVbLnqhx2wq2sSrwhpUmHl,0,0,Reel de Facebook,,,,,Total,2359,2178,106,88,6,12,0,,,,4210,"25214,052","7,504",0,,
821373890029945,106810189450788,Alcaldía de Tuluá,,"¡Es hora de reinventarnos!✅💪🏼
Descubre aquí algunos tips para hacer que tu negocio brille... Aún con restricciones de movilidad. 🛵",41,03/02/2024 16:03,N/A,https://www.facebook.com/AlcaldiaDeTulua/posts/pfbid02m2u4SPEFZq3o6Emgnm5J2DC5cP64mPdFoFm22hogs1VzrowVi4NhHM4VRRwooN4Cl,0,0,Reel de Facebook,,,,,Total,5368,4980,234,186,15,33,0,,,,8598,"69494,284","8,985",0,,
821770129990321,106810189450788,Alcaldía de Tuluá,,"Ella es Clarivet Ocampo, una mujer valiente que hace varios años llegó a Tuluá y ha dedicado parte de su vida a trabajar por la participación de las personas con discapacidad, sus familias y sus cuidadores, visibilizando y reconociendo su labor. Un ejemplo de resiliencia y lucha por la vida que es admirable. Clarivet es también, una de las #MujeresTulueñasdeCorazón 💙✅💪🏼",16,03/03/2024 07:03,N/A,https://www.facebook.com/AlcaldiaDeTulua/posts/pfbid02KdetQPrXrtP8MEGZtoCxAVTrb29Mwpf9Nk9kfYobrTwDZzukpDXVYFBBP7zEmP2bl,0,0,Video,,,,,Total,4266,3789,286,222,25,39,260,,260,,,"58975,658","8,717",0,0,0
822526466581354,106810189450788,Alcaldía de Tuluá,,"¡ATENCIÓN PROPIETARIOS DE EMPRESAS Y DOMICILIARIOS!⚠️
El decreto seguirá vigente hasta el 31 de marzo de 2024 y desde la Alcaldía Municipal, queremos seguir apoyando el comercio nocturno en nuestro municipio. ✅💪🏼",0,03/04/2024 12:03,N/A,https://www.facebook.com/AlcaldiaDeTulua/posts/pfbid02Bh1HjYP9zuHpvKPYPY5zmtQJxDotEWWgVnokQp6UfH8kTXv1xuibLubj55kbxq81l,0,0,Foto,,,,,Total,4968,4635,57,38,0,19,286,214,71,1,,,,,,
822542629913071,106810189450788,Alcaldía de Tuluá,,"Esther y Gladys, son dos mujeres trabajadoras y fuertes que todos los días desde muy temprano hacen que los espacios de nuestra administración estén siempre limpios y en orden. Siempre están pendientes de las necesidades de cada funcionario y ayudando a que todo siempre luzca impecable con amor y sentido de pertenencia por Tuluá. Ellas son #MujeresTulueñasdeCorazón 💙",26,03/04/2024 13:03,N/A,https://www.facebook.com/AlcaldiaDeTulua/posts/pfbid0kaoFRAkH7jsh5ukESZbriTwfTrjXodE4BdX9MyLFnvePHTxwf3REJ7biMs4Yevmcl,0,0,Reel de Facebook,,,,,Total,5895,5587,449,367,52,30,0,,,,11979,"93925,696","9,941",0,,
822593843241283,106810189450788,Alcaldía de Tuluá,,"El alcalde municipal, Gustavo Vélez, explica con detalle la razón por la cual fue retirada el acrílico de TULUÁ que representaba una marca de gobierno en la Plaza Cívica Boyacá.✅",98,03/04/2024 15:03,N/A,https://www.facebook.com/AlcaldiaDeTulua/posts/pfbid0297Vng69h4LmApBk2oGzDtzXqNFFGA3G2r7nKYhNiHEXSXkwRt57ciq61pUetdFJul,0,0,Video,,,,,Total,30088,27774,1491,1110,176,205,4585,,4584,1,,"1217164,201","33,991",0,0,0
822606293240038,106810189450788,Alcaldía de Tuluá,,"¡Atención Tuluá! 💪🏼
Desde hoy, 4 de marzo, podrás encontrar un punto de atención del Sisbén en la Secretaría de Bienestar Social con el fin de poder brindar el servicio de manera más amplia para toda nuestra ciudadanía tulueña.💪🏼✅💙",25,03/04/2024 16:03,N/A,https://www.facebook.com/AlcaldiaDeTulua/posts/pfbid02wLVkacn7Si5GsF8TZqnxiPn6dfJqCiG5RuUTyMKKV6CrHnxXLz6f9mmKyjsn1Fa6l,0,0,Video,,,,,Total,2914,2591,190,148,14,28,166,,166,,,"49183,223","10,468",0,0,0
823140473186620,106810189450788,Alcaldía de Tuluá,,Ellas son Yamileth y Adriana. Son dos mujeres valientes que todos los días nos reciben en nuestra administración con una sonrisa y se aseguran de que todo marche bien y seguro para cada funcionario. Ellas también son #MujeresTulueñasdeCorazón 💙✅,24,03/05/2024 12:03,N/A,https://www.facebook.com/AlcaldiaDeTulua/posts/pfbid02gr8ATrTFoNvQzktH6hC5k5kF5Lph4dTE12tBGRVMv6V1zQGws2mQC9kcuA5RzuJxl,0,0,Reel de Facebook,,,,,Total,6422,6108,411,368,20,23,0,,,,13575,"130009,201","12,327",0,,
823166376517363,106810189450788,Alcaldía de Tuluá,,"¡Continuamos velando por el bienestar de nuestros comerciantes!
Desde la Alcaldía Municipal, a través de la Secretaría de Salud, se están realizando las respectivas inspecciones técnicas a los locales comerciales, que manipulen este tipo de químicos para evitar los riesgos a los comerciantes de nuestro municipio. ✅💙",22,03/05/2024 13:03,N/A,https://www.facebook.com/AlcaldiaDeTulua/posts/pfbid0MDVzp4VA3zBEz1Qf5ibZhmt6eF5F55ZykAJdwfaz5dEEG5RTKB7KDCRM51FYL9kVl,0,0,Reel de Facebook,,,,,Total,1507,1380,55,45,2,8,0,,,,2910,"15707,767","5,981",0,,
823602489807085,106810189450788,Alcaldía de Tuluá,,"¡En el Centro Comercial Bicentenario Plaza, encuentras de todo!
Espacios amplios y frescos, con comerciantes tulueños que están listos para atenderte y brindarte los mejores productos y el mejor servicio, solo en CC Bicentenario Plaza. ✅

Visítanos ahora en la Calle 28 # 19-38. ¡Te esperamos!💙",0,03/06/2024 07:03,N/A,https://www.facebook.com/AlcaldiaDeTulua/posts/pfbid02MwKvxTegBdC2qiScihMNjd2dc5yh635cbyqDaYZcgo34L5NThe8zBCH3vhS277Zrl,0,0,Foto,,,,,Total,11814,11216,305,221,17,67,337,120,217,,,,,,,
823635059803828,106810189450788,Alcaldía de Tuluá,,"Ella es Laura Natalia Gil, abogada de profesión, actualmente Jefe de la Oficina Jurídica. Ella siempre amable con una sonrisa y dispuesta a ayudar a los demás, velando porque el tema legal y jurídico dentro de la Administración esté siempre seguro y al día. Ella es una de las #MujeresTulueñadeCorazón.💙✅",22,03/06/2024 08:03,N/A,https://www.facebook.com/AlcaldiaDeTulua/posts/pfbid0nTMRvcxFv4wdzm65PjeYJWNmQ1UYiEnht1cd3pWoAsiGLoSZeaHWfqAsyZhU64Y7l,0,0,Reel de Facebook,,,,,Total,1963,1818,256,218,24,14,0,,,,4085,"31559,158","9,437",0,,
823786856455315,106810189450788,Alcaldía de Tuluá,,"La directora del Instituto Municipal para el Deporte y la Recreación, IMDER, Carolina Rodríguez, nos explica sobre las adecuaciones que se están efectuando actualmente en la Piscina Olímpica 🏊🏻 contiguo el Coliseo Benicio Echeverri. ¡Gracias a nuestra comunidad por sus aportes, pues así logramos adecuar estos espacios para la población! ✅💙💪",80,03/06/2024 14:03,N/A,https://www.facebook.com/AlcaldiaDeTulua/posts/pfbid02a4RRTEdj2bA5z6JrUAyQgtj9b97NTrMwGfqeMuGavhw7QTcchEBQuipvr84PejX3l,0,0,Video,,,,,Total,3388,3136,472,389,42,41,304,,304,,,"110433,967","18,214",0,0,0
823801766453824,106810189450788,Alcaldía de Tuluá,,Atención Tuluá ⚠️ Estas son las fechas para cobrar el pago de Renta Mayor en los puntos @supergirosoficial y aliados. 💪🏼✅,0,03/06/2024 15:03,N/A,https://www.facebook.com/AlcaldiaDeTulua/posts/pfbid02UkffGt9j3b3KDCLpHCWHPph844y84sNnLZChX91ioDsrEUzg7642KotD9niAZD8wl,0,0,Foto,,,,,Total,5523,5273,62,47,0,15,55,36,19,,,,,,,