"Identificador de la publicación","Identificador de la cuenta","Nombre de usuario de la cuenta","Nombre de la cuenta",Descripción,"Duración (segundos)","Hora de publicación","Enlace permanente","Tipo de publicación","Comentario sobre los datos",Fecha,Impresiones,Alcance,"Veces que se compartió",Reproducciones,"Me gusta",Comentarios,"Veces que se guardó",Seguimientos
18094415386426307,17841402591799685,alcaldiadetulua,"Alcaldía de Tuluá","En el Día del Medio Ambiente🌳🍃, recordemos que cada acción y cada pequeño gesto, contribuye a la preservación de nuestro medio ambiente. Celebremos este día con la promesa de cuidar y proteger nuestro planeta para las generaciones futuras. Así podremos tener un municipio #ParaSerFelices 💙💪",32,"06/05/2024 07:06",https://www.instagram.com/reel/C71nKpfy4gs/,"Reel de Instagram",,Total,1613,1362,5,2217,58,0,0,
18437242324061410,17841402591799685,alcaldiadetulua,"Alcaldía de Tuluá","Hoy en el #DíadelCampesino les decimos GRACIAS🙏🏼 a los que trabajan el campo con amor y dedicación, los que cultivan la tierra y los que alimentan al mundo #ParaSerFelices 

¡Feliz día del Campesino!💙✅🍅",28,"06/02/2024 05:06",https://www.instagram.com/reel/C7tsv0tOrwb/,"Reel de Instagram",,Total,3760,3126,17,4940,56,0,4,
17946221465714876,17841402591799685,alcaldiadetulua,"Alcaldía de Tuluá","¡Entre todos nos cuidamos!✅

Desde el Departamento Administrativo de Movilidad y Seguridad Vial, hacemos una invitación muy especial a cumplir con todas las normas de tránsito y a fortalecer la educación vial, para garantizar el bienestar y la integridad de nuestra ciudadanía #ParaSerFelices ✅💪🏼",40,"06/29/2024 15:06",https://www.instagram.com/reel/C80QcVEue3u/,"Reel de Instagram",,Total,3383,2843,7,5963,93,1,3,
18034599856841644,17841402591799685,alcaldiadetulua,"Alcaldía de Tuluá","Conoce más sobre nuestro #MercadoCampesino y visítanos todos los martes y viernes en la 📍Carrera 30 # 14-51, Vía al Coliseo de Ferias.✅💪🏼 ¡Te esperamos!💙 #ParaSerFelices",0,"06/27/2024 16:06",https://www.instagram.com/p/C8vK3eGukh3/,"Secuencia de Instagram",,Total,2610,1650,7,,40,0,0,
18012387341423031,17841402591799685,alcaldiadetulua,"Alcaldía de Tuluá","Desde la Secretaría de Bienestar Social, en trabajo conjunto con el Servicio Nacional de Aprendizaje SENA, se llevó a cabo el acto de certificación de 112 personas en competencias laborales como cuidadores de personas con discapacidad. Con el acompañamiento de la secretaria de Bienestar Social, Karol René Berón, el enlace de Discapacidad y directivos de SENA, se dio entrega a dichos certificados y se compartieron las diferentes experiencias vividas durante este proceso.✅ Continuamos trabajando #ParaSerFelices 💙💪",45,"06/27/2024 08:06",https://www.instagram.com/reel/C8uZheisdzc/,"Reel de Instagram",,Total,1466,1238,1,2334,36,0,0,
18013060058455211,17841402591799685,alcaldiadetulua,"Alcaldía de Tuluá","Desde la Administración Municipal a través de la Secretaría de Educación continuamos adecuando los espacios para nuestra comunidad estudiantil. 750 niños y jóvenes estarán beneficiados con estos entornos educativos creados #ParaSerFelices 💙✅",56,"06/25/2024 16:06",https://www.instagram.com/reel/C8qD1n0uON5/,"Reel de Instagram",,Total,2397,2264,5,4335,129,9,1,
17999766845409281,17841402591799685,alcaldiadetulua,"Alcaldía de Tuluá","¡Hoy es martes del Mercado Campesino!🍓🍊🍉🥑
Acompáñanos a probar el sabor de lo nuestro, lo que nace de nuestra tierra y de nuestro corazón.💙 Te esperamos✅💪🏼 #ParaSerFelices #MercadoCampesino",51,"06/25/2024 06:06",https://www.instagram.com/reel/C8o_dMBumTx/,"Reel de Instagram",,Total,1725,1524,3,2767,80,5,2,
17917809401933108,17841402591799685,alcaldiadetulua,"Alcaldía de Tuluá","Desde el Departamento Administrativo de Arte y Cultura se llevó a cabo la presentación de la obra de teatro de los reclusos del Centro Penitenciario de Tuluá en el cual se vivió un momento lleno de emociones y sentimientos de parte de los protagonistas y sus familias. 💙✅💪🏼 #ParaSerFelices",49,"06/23/2024 10:06",https://www.instagram.com/reel/C8kOQTqubG0/,"Reel de Instagram",,Total,2296,1969,5,3420,49,0,1,
17913025820956965,17841402591799685,alcaldiadetulua,"Alcaldía de Tuluá",,2891,"06/22/2024 10:06",https://www.instagram.com/reel/C8hqSYjuAL7/,"Reel de Instagram",,Total,1600,1550,0,2964,120,9,4,
18011593403406405,17841402591799685,alcaldiadetulua,"Alcaldía de Tuluá","¡Estamos recuperando nuestro municipio!💪✅
Desde la Administración Municipal, a través de la Secretaría de Hábitat e Infraestructura, continuamos con el proceso de descolmatación del Río Tuluá. Con la extracción de este material, se realiza el proceso de adecuación y conformación de nuestras vías #ParaSerFelices 💙",19,"06/21/2024 09:06",https://www.instagram.com/reel/C8fCLBIsHZa/,"Reel de Instagram",,Total,1003,969,1,1714,37,2,0,
18026669456499945,17841402591799685,alcaldiadetulua,"Alcaldía de Tuluá","#TulueñosFelices |  Hoy, los corazones de nuestra comunidad campesina están llenos de gratitud, porque continuamos con un trabajo incansable en la zona rural, para mantener seguro a cada ciudadano que enfrenta hoy los desafíos del fenómeno de la niña. Convertimos a Tuluá en un lugar #ParaSerFelices 💙✅💪",31,"06/20/2024 07:06",https://www.instagram.com/reel/C8cPq0hsyRC/,"Reel de Instagram",,Total,1926,1801,0,3428,34,0,0,
18032244734297776,17841402591799685,alcaldiadetulua,"Alcaldía de Tuluá","¡El inicio de un proyecto que transformará Tuluá!✅💪🏼

Con la visita del Ministro de las TIC, Mauricio Lizcano y el acompañamiento de la Gobernadora del Valle, Dilian Francisca Toro, se anunció hoy, la creación del Centro PotencIA, un innovador espacio que espera beneficiar al menos 20.000 estudiantes tulueños y que logrará posicionar a Tuluá como epicentro de tecnología educativa en la región. 

En Tuluá, continuamos trabajando #ParaSerFelices 💙",0,"06/19/2024 17:06",https://www.instagram.com/p/C8astOMOlIr/,"Secuencia de Instagram",,Total,2764,2066,10,,135,6,0,
18050554237670463,17841402591799685,alcaldiadetulua,"Alcaldía de Tuluá","Hoy el alcalde, Gustavo Vélez, participó del evento del convenio para la creación del Centro PotencIA, en el cual asistió el ministro de las Tecnologías de la Información y Comunicación, MINTIC, Mauricio Lizcano; la Gobernadora del Valle del Cauca, Dilian Francisca Toro y el alcalde del Cartago, Juan David Piedrahita; en donde anunciaron este proyecto transformador para la comunidad tulueña. #ParaSerFelices 💙✅",62,"06/19/2024 14:06",https://www.instagram.com/reel/C8aaWHmMNW9/,"Reel de Instagram",,Total,2985,2757,6,5570,152,0,3,3
18339445564187275,17841402591799685,alcaldiadetulua,"Alcaldía de Tuluá","El alcalde, @gustavovelezr, estuvo presente en el evento gremial organizado por la Federación Nacional de Cafeteros (@fedecafeterosc), en donde se contó con la presencia de los representantes de Comités Municipales de Cafeteros del Valle del Cauca y habló sobre el desarrollo y progreso que han llevado los caficultores  a las comunidades más vulnerables de nuestra región y nuestro municipio. 💪✅ #ParaSerFelices 💙",109,"06/18/2024 07:06",https://www.instagram.com/reel/C8XBQXOMlCG/,"Reel de Instagram",,Total,1666,1470,2,2527,70,3,2,
17967374213623138,17841402591799685,alcaldiadetulua,"Alcaldía de Tuluá","#TulueñosFelices | Nuestros emprendedores tulueños son ejemplo de superación, resiliencia y responsabilidad. Hoy les presentamos a Harold con su marca @platanitos7, quien tiene una idea de negocio que ha nacido aquí en el Corazón Del Valle. ¡Nuestra comunidad se une a nuestro objetivo #ParaSerFelices!✅💙",161,"06/17/2024 09:06",https://www.instagram.com/reel/C8UtHYyu4TI/,"Reel de Instagram",,Total,2820,2360,17,4241,131,8,3,
18031131710025169,17841402591799685,alcaldiadetulua,"Alcaldía de Tuluá","Gracias por ser el guía de nuestras vidas, por ser nuestro pilar, por tu apoyo, cariño y sabiduría. Por eso, hoy y todos los días, ¡Feliz Día Papá!✨🫶🏼 #ParaSerFelices 💙

Etiqueta a tu papá y deséale un feliz día. ⬇️",31,"06/16/2024 06:06",https://www.instagram.com/reel/C8RzMkCOYHR/,"Reel de Instagram",,Total,2177,1988,3,2790,28,1,1,
18086758324415938,17841402591799685,alcaldiadetulua,"Alcaldía de Tuluá","Desde la Secretaría de Salud, se realizan las visitas del Programa de seguridad alimentaria e inocuidad, en el cual, se hace un recorrido en los diferentes establecimientos de expendio de alimentos y bebidas con el fin de fortalecer las actividades de Inspección, vigilancia y control sanitario, rotulación general y nutricional. Nuestro compromiso continúa firme con la inocuidad y el bienestar de nuestra ciudadanía tulueña #ParaSerFelices. ✅💪",22,"06/14/2024 08:06",https://www.instagram.com/reel/C8M5wPyo8Kn/,"Reel de Instagram",,Total,2038,1877,2,3566,64,6,0,
18034830298961633,17841402591799685,alcaldiadetulua,"Alcaldía de Tuluá","Hoy es jueves de #tbt, y recordamos que desde el día uno, hemos escuchado a nuestra comunidad y hemos sido firmes en nuestra postura contra la violencia y la corrupción. Hoy reiteramos el compromiso para continuar trabajando incansablemente para el progreso de Tuluá. #ParaSerFelices 💙✅💪",33,"06/13/2024 10:06",https://www.instagram.com/reel/C8KeEZLtgS8/,"Reel de Instagram",,Total,1948,1718,1,3008,64,3,2,
17851566909180661,17841402591799685,alcaldiadetulua,"Alcaldía de Tuluá","Hoy en el Día Mundial de la Seguridad Vial, queremos invitar a nuestra comunidad a unirse a esta campaña de cuidado a la integridad y al bienestar de cada ciudadano tulueño en nuestras calles. Entre todos nos cuidamos #ParaSerFelices ✅💙",35,"06/10/2024 07:06",https://www.instagram.com/reel/C8Cefg8uC2P/,"Reel de Instagram",,Total,5590,4382,10,9548,139,14,4,
18255965887216303,17841402591799685,alcaldiadetulua,"Alcaldía de Tuluá","Desde la Administración Municipal a través de la Secretaría de Gobierno, se llevó a cabo la ceremonia de inhumación de una persona que durante dos décadas había sido buscado por su familia, y que finalmente, gracias al trabajo articulado con la @fiscaliacol, se logró dar sepultura con sus familiares. 

Por todas las víctimas de la violencia en Colombia, por la verdad, la justicia, la reparación y la no repetición. 💙💪🏼",118,"06/08/2024 15:06",https://www.instagram.com/reel/C7-MKKGOc2B/,"Reel de Instagram",,Total,3606,3299,4,6665,94,0,1,
18342017269138820,17841402591799685,alcaldiadetulua,"Alcaldía de Tuluá","¡Encuentros con el Alcalde!💙

Bienvenidos a este espacio creado con el fin de interactuar y escuchar de cerca a nuestra comunidad. Continuamos en un trabajo constante para estar más cerca de cada ciudadano #ParaSerFelices 💪🏼✅",2728,"06/08/2024 10:06",https://www.instagram.com/reel/C79m-WGODiI/,"Reel de Instagram",,Total,2741,2521,3,4756,140,12,3,
17853378450203189,17841402591799685,alcaldiadetulua,"Alcaldía de Tuluá","Desde el Departamento Administrativo de Movilidad y Seguridad Vial, continuamos con un trabajo constante de pedagogía y educación vial a toda nuestra comunidad con estas jornadas, con el fin de dar a conocer la importancia de utilizar casco para la movilidad segura dentro de nuestro municipio. #ParaSerFelices 💙✅",42,"06/08/2024 06:06",https://www.instagram.com/reel/C79NXDJOjvk/,"Reel de Instagram",,Total,1299,1191,1,2062,34,0,0,
18435856579001123,17841402591799685,alcaldiadetulua,"Alcaldía de Tuluá","¡MAÑANA INICIAMOS CLASES!✅✏️📚

Atención: Jóvenes en Extraedad y Adultos,  a la Oferta Educativa de Jornada Sabatinas en las Instituciones Educativas de nuestro municipio ¡Te esperamos! #ParaSerFelices 💙✅",0,"06/07/2024 12:06",https://www.instagram.com/p/C77SOG-OUDb/,"Secuencia de Instagram",,Total,1757,1376,2,,39,0,1,
18001332407608722,17841402591799685,alcaldiadetulua,"Alcaldía de Tuluá","¡Continuamos apoyando y embelleciendo nuestra zona rural! Testimonios de los #TulueñosFelices 💪✅
Con el apoyo constante de la Administración Municipal y la Secretaría de Hábitat e Infraestructura, nuestra ciudadanía de la zona rural media y alta está llevando a cabo la realización de las placas huellas hacia la vereda Balsamar. #ParaSerFelices 💙",27,"06/07/2024 07:06",https://www.instagram.com/reel/C76sjMgqK9q/,"Reel de Instagram",,Total,2199,1637,3,2936,38,1,0,
