"Identificador de la publicación","Identificador de la cuenta","Nombre de usuario de la cuenta","Nombre de la cuenta",Descripción,"Duración (segundos)","Hora de publicación","Enlace permanente","Tipo de publicación","Comentario sobre los datos",Fecha,Impresiones,Alcance,"Me gusta","Veces que se compartió",Seguimientos,Comentarios,"Veces que se guardó",Reproducciones
18013771736547872,17841402591799685,alcaldiadetulua,"Alcaldía de Tuluá","¡Grandes noticias para la educación en Tuluá! 🌟💙

Así están quedando las nuevas sedes de las Instituciones Educativas Juan María Céspedes, Técnico Industrial y María Antonia Ruiz, que estarán a disposición de la comunidad estudiantil tulueña.

📚 Estos nuevos recursos beneficiarán a 2.208 estudiantes tulueños, quienes podrán disfrutar de sedes modernas, construidas y dotadas con lo mejor para su formación. La calidad educativa comienza con un buen ambiente de aprendizaje, y hoy damos un paso firme hacia este objetivo #ParaSerFelices 💙✅",0,"09/05/2024 07:06",https://www.instagram.com/p/C_icd62ujji/,"Secuencia de Instagram",,Total,4972,3802,355,31,1,19,3,
17916330230981043,17841411919702656,hospitalrubencruzvelez,"Hospital Rubén Cruz Vélez","¡Nuevo servicio de Fisioterapia! 🌟🤸🏼‍♂️

Nos complace anunciar la apertura de nuestro servicio de fisioterapia, diseñado para ayudarte a recuperar y mantener tu bienestar fisico con la ayuda de profesionales. 

📣No esperes mas, acercate al area y agenda tu cita.🗓️",56,"09/02/2024 09:54",https://www.instagram.com/reel/C_bAuOyuUqD/,"Reel de Instagram",,Total,1602,1322,35,2,2,2,0,2149
18051735568931528,17841402591799685,alcaldiadetulua,"Alcaldía de Tuluá","¡Mejoramos la conectividad en nuestra zona rural! 🚜✨

Hemos intervenido más de 18 kilómetros lineales con canalización, embalastramiento y cuneteo, gracias al trabajo de la Administración Municipal a través de la Secretaría de Hábitat e Infraestructura. 🛤️💪 Nuestro objetivo es asegurar que todas las comunidades tengan acceso a vías en óptimas condiciones. ¡Seguimos construyendo un Tuluá más conectado! 🌱 #ParaSerFelices 💙💪🏼",68,"10/30/2024 16:40",https://www.instagram.com/reel/DBxFjKPvOnj/,"Reel de Instagram",,Total,1683,1416,33,3,,1,0,
17979764387767583,17841402591799685,alcaldiadetulua,"Alcaldía de Tuluá","🚨 ¡Caen integrantes de “La Inmaculada”! 📣

La Policía Nacional realizó la captura de Darlien “Peluco” Acevedo, implicado en los asesinatos del exconcejal Carlos Arturo Londoño y la funcionaria Clarivet Ocampo. ¡Continuamos trabajando por la justicia en nuestro municipio! 💥💪🏼 #ParaSerFelices #OperaciónTuluá",67,"10/30/2024 14:03",https://www.instagram.com/reel/DBwz4RIPmCt/,"Reel de Instagram",,Total,1856,1704,62,7,2,0,3,
18051901909767231,17841431512646378,puntos_innova_tulua,"Punto Innova","Con éxito total se dio el lanzamiento de #TalentoTech un programa del ministerio de las TIC que busca formar a más a 113.000 jóvenes en habilidades digitales.

Gracias a la gestión de la Administración Municipal y al Departamento TIC se hizo posible que estos programas estén con los jóvenes tulueños. #ParaSerFelices",0,"10/30/2024 09:54",https://www.instagram.com/p/DBwXejLODWS/,"Secuencia de Instagram",,Total,,,69,2,,1,0,
18061024549813258,17841400356362656,infitulua,"INFITULUÁ E.I.C.E","¡Inició pavimentación de la carrera 28! 🏗

En un trabajo articulado entre la Administración Municipal a través de la Secretaría de Hábitat e Infraestructura en conjunto con Infituluá, se está realizando la pavimentación y mejoramiento de la vía de la Carrera 28 entre calles 15 y 20 del barrio Tomás Uribe, al costado del río Tuluá. 

¡Una vía que mejorará la calidad de vida de los tulueños!

Juntos estamos haciendo de Tuluá un mejor lugar #ParaSerFelices",61,"10/30/2024 08:33",https://www.instagram.com/reel/DBwNnL2p3ob/,"Reel de Instagram",,Total,2636,2252,64,10,1,3,1,3424
17979197774628003,17841402591799685,alcaldiadetulua,"Alcaldía de Tuluá","¡Jornadas de salud para toda nuestra población!🏥🩺

Hoy estuvimos en la Plaza Cívica Boyacá, brindando un servicio más cercano a las poblaciones más vulnerables. Con la Secretaría de Salud, Entidades Promotoras, Equipos Básicos en Salud y Plan de Intervenciones Colectivas del @hospitalrubencruzvelez, se brindó atención médica, salud mental y pruebas rápidas de VIH.💪🏼 Además, el Departamento de Planeación asistió con atención  SISBÉN, garantizando el acceso a programas de asistencia social. Estas acciones reafirman nuestro compromiso con un Tuluá más saludable y equitativo #ParaSerFelices ✅💙",0,"10/29/2024 15:35",https://www.instagram.com/p/DBuZuZPvpmc/,"Secuencia de Instagram",,Total,1512,1258,45,4,,2,0,
18039914140979016,17841407739133684,emtulua,"Emtulua Esp","Desde la administración municipal, bajo el liderazgo de nuestro alcalde Gustavo Adolfo Vélez Román y Empresas Municipales de Tuluá, se llevó a cabo la socialización de los proyectos de agua potable y saneamiento básico en el corregimiento de Bocas de Tuluá. 💧🚰

Estos proyectos garantizarán el acceso a agua potable de calidad, lo que mejorará significativamente la salud y el bienestar de la comunidad.

💙 ¡Continuamos trabajando para ser felices! 💙",57,"10/29/2024 14:22",https://www.instagram.com/reel/DBuPO90JvtO/,"Reel de Instagram",,Total,,,35,1,,0,0,
18003218015509876,17841400356362656,infitulua,"INFITULUÁ E.I.C.E","Hoy en C❤razones de Infi, compartimos los testimonios  y experiencias de los tulueños sobre los avances  de obra significativos en nuestro municipio.

Día a día seguimos trabajando construyendo una Tuluá #ParaSerFelices",51,"10/29/2024 12:45",https://www.instagram.com/reel/DBuGHpJPtMN/,"Reel de Instagram",,Total,2081,1700,42,8,,0,0,2623
18116559421407267,17841402591799685,alcaldiadetulua,"Alcaldía de Tuluá","¡Muy pronto regresará el Palacio de Justicia!✌🏽✅

Este año, hemos trabajado sin descanso para recuperar este espacio vital para nuestra comunidad. Muy pronto, el Palacio de Justicia, que había sido destruido en 2021, volverá a brillar. ✨

Con esta entrega, damos un paso más hacia un Tuluá #ParaSerFelices 💙💪🏼",42,"10/29/2024 09:46",https://www.instagram.com/reel/DBtxrFRv8A8/,"Reel de Instagram",,Total,2814,2414,118,5,,4,0,
18067327942711590,17841402591799685,alcaldiadetulua,"Alcaldía de Tuluá","¡Aprovecha los últimos días de octubre con el Papayazo Tributario! 🙌🏼✅

No dejes pasar la oportunidad de obtener un 80% de descuento en intereses al pagar tus impuestos. 

¡Contribuye al crecimiento de Tuluá! 💙✨

Juntos, seguimos construyendo un mejor futuro #ParaSerFelices ✌🏽",71,"10/28/2024 16:01",https://www.instagram.com/reel/DBr3q4IPgoI/,"Reel de Instagram",,Total,3527,2815,87,9,1,2,3,
18046344856995648,17841402591799685,alcaldiadetulua,"Alcaldía de Tuluá","¡Tuluá vuelve a soñar, a sonreír!✨💙🪄

El Mundo de la Fantasía iluminó el rostro de 8000 tulueños que soñaron y participaron de este gran espacio para la familia. Cada niño y cada padre recordará este gran día que hemos vivido lleno de magia y diversión  #ParaSerFelices 🪄💙✨ ¡GRACIAS POR SER PARTE DE NUESTRA ALEGRÍA!🙌🏼🤩",68,"10/27/2024 19:00",https://www.instagram.com/reel/DBpnTqev60N/,"Reel de Instagram",,Total,3710,3136,177,10,,11,2,
17883586224116481,17841402591799685,alcaldiadetulua,"Alcaldía de Tuluá","Conoce las noticias más importantes de esta semana en nuestro resumen “45 segundos #ParaSerFelices”💙✅",78,"10/27/2024 08:00",https://www.instagram.com/reel/DBob7lDv9g6/,"Reel de Instagram",,Total,1020,967,47,0,,2,0,
18066509692640074,17841405972723932,zonaretro_online,"ZONA RETRO (PROGRAMA ONLINE) 🔴","MUNDO DE LA FANTASÍA👻  vivimos hoy con todos los niños del CORAZÓN DEL VALLE  TULUA😍❤️ 

👻 ⭐️✨ 

Alcalde @gustavovelezr",68,"10/26/2024 19:27",https://www.instagram.com/reel/DBnFGGotBWE/,"Reel de Instagram",,Total,,,241,18,,0,0,
17864201433251641,17841402591799685,alcaldiadetulua,"Alcaldía de Tuluá","¡Gracias, Tuluá! 🙏🏼✨💙

Más de 5,000 niños y niñas disfrutaron del “Mundo de la Fantasía” este Halloween, y todo fue posible gracias a su participación. Agradecemos a cada tulueño que se unió a esta celebración mágica. Juntos, estamos construyendo un Tuluá mejor, donde nuestro lema “#Para SerFelices” cobra vida. ¡Sigamos trabajando juntos por nuestra comunidad! 💪✨🪄",0,"10/26/2024 17:14",https://www.instagram.com/p/DBm2naJP8Ba/,"Secuencia de Instagram",,Total,8757,7169,534,7,1,20,2,
18335031208196261,17841402591799685,alcaldiadetulua,"Alcaldía de Tuluá","¡Tuluá continúa llenándose de Magia en el “Mundo de la Fantasía”! 🎃✨

Seguimos ofreciendo a los niños y niñas espacios llenos de magia y diversión. Este evento está repleto de sorpresas y actividades emocionantes para toda la familia. ¡Únete a nosotros y celebra un Halloween inolvidable!🪄🙌🏼💙",0,"10/26/2024 14:59",https://www.instagram.com/p/DBmnMXgPBI4/,"Secuencia de Instagram",,Total,7191,5578,451,5,2,0,1,
18144860719345330,17841402591799685,alcaldiadetulua,"Alcaldía de Tuluá","En el Mundo de la Fantasía los niños y niñas son nuestra prioridad, por eso, hoy firmamos el Pacto por la Niñez✨🪄💙 #ParaSerFelices 🪄🤩",0,"10/26/2024 13:00",https://www.instagram.com/p/DBmZlz3PcY1/,"Secuencia de Instagram",,Total,3913,3145,143,5,,0,1,
17843199099344938,17841402591799685,alcaldiadetulua,"Alcaldía de Tuluá","¡Continuamos siendo felices en el Mundo de la Fantasía! 🎉✨

Las familias tulueños están disfrutando de este espacio mágico de forma gratuita. Aquí, cada sonrisa se convierte en un recuerdo inolvidable y cada momento es una celebración de alegría. ¡No se lo pierdan! ✨💙 #ParaSerFelices 🙌🏼",0,"10/26/2024 12:30",https://www.instagram.com/p/DBmWEpDPQRA/,"Secuencia de Instagram",,Total,5014,4053,335,15,9,0,4,
18053177647745718,17841402591799685,alcaldiadetulua,"Alcaldía de Tuluá","Magia, diversión y muchas sorpresas estamos viviendo en nuestro Mundo de la Fantasía🪄🎃👻 #ParaSerFelices",0,"10/26/2024 09:55",https://www.instagram.com/p/DBmEZDyOMSB/,"Secuencia de Instagram",,Total,4849,3907,342,9,2,7,3,
18285827224210023,17841402591799685,alcaldiadetulua,"Alcaldía de Tuluá","¡Seguimos aquí en el Coliseo de Ferias viviendo el Mundo de la Fantasía! 🎉✨ 

Los invitamos a que vengan a disfrutar de nuestros maravillosos stands llenos de magia y diversión. ¡No se lo pierdan, todos los niños y niñas son bienvenidos! ✨🪄💙 #ParaSerFelices #MundoDeLaFantasía",40,"10/26/2024 09:54",https://www.instagram.com/reel/DBmEEEOvsWC/,"Reel de Instagram",,Total,9430,7371,247,29,,5,6,
18013064177392256,17841402591799685,alcaldiadetulua,"Alcaldía de Tuluá","¡Bienvenidos al Mundo de la Fantasía! 🎃✨ 

Estamos listos para vivir un espacio mágico y feliz para todos los niños y niñas. Tendremos mucha diversión y sorpresas. Ven ahora y vive una experiencia inolvidable. ¡Los esperamos! 🪄✨💙#ParaSerFelices",0,"10/26/2024 08:32",https://www.instagram.com/p/DBl62IpPku9/,"Secuencia de Instagram",,Total,7358,5493,446,46,,10,10,
17955630674830485,17841402591799685,alcaldiadetulua,"Alcaldía de Tuluá","Hoy, el alcalde @gustavovelezr, participó de la Feria de Agroturismo de la @camaratulua, un evento fundamental que une a empresarios, agricultores e inversionistas tulueños.🌱✨ Este espacio promueve la innovación y la sostenibilidad, fortaleciendo la economía local. 

¡Te invitamos a que visites y hagas parte del progreso de Tuluá! 💪🏼#ParaSerFelices",0,"10/25/2024 16:47",https://www.instagram.com/p/DBkOtjfviiA/,"Secuencia de Instagram",,Total,3764,2937,173,3,4,1,1,
18118230214396704,17841402591799685,alcaldiadetulua,"Alcaldía de Tuluá","¡Mañana es el gran día! 🎉✨

La Administración Municipal, invita a todos los niños a sumergirse en una aventura mágica, mañana en el Coliseo de Ferias Manuel Victoria Rojas. 🌟 ¡Desde las 10 de la mañana podrás explorar el Mundo de la Fantasía! Con inflables, dulces y estaciones llenas de actividades asombrosas y mucho más. 🎃🪄

¡Ven a recorrer caminos encantados y vivir una experiencia única! ¡No se lo pueden perder! 🎈🙌🏼💙👻✨ #ParaSerFelices",45,"10/25/2024 15:11",https://www.instagram.com/reel/DBkDobtP0YL/,"Reel de Instagram",,Total,6493,5228,125,50,2,8,7,
17923259048980191,17841402591799685,alcaldiadetulua,"Alcaldía de Tuluá","¡Amigos con el Alcalde! 👧🏻🎈🪅💙🗣️

Bienvenidos a este espacio creado para la comunidad. Hoy estaremos con tres pequeños grandes amigos hablando de diferentes temas e interactuando con nuestra comunidad tulueña.

¡Vamos a construir una Tuluá #ParaSerFelices! 💙",2545,"10/25/2024 11:15",https://www.instagram.com/reel/DBjovT5vth0/,"Reel de Instagram",,Total,966,849,62,1,1,1,0,
17894075739014973,17841402591799685,alcaldiadetulua,"Alcaldía de Tuluá","¡32 hombres y mujeres serán guardianes de espacio público!🦺✅

Con el objetivo de fortalecer el diálogo y la sana convivencia en nuestro municipio, este grupo que desde enero ha trabajado por el diálogo y la seguridad ahora, estarán identificados con nuevos uniformes para facilitar su reconocimiento. 

¡Construyamos juntos un mejor municipio! #ParaSerFelices🙌🏼💙",99,"10/25/2024 04:26",https://www.instagram.com/reel/DBi5zEav8fY/,"Reel de Instagram",,Total,2921,2663,103,5,,6,2,
18042776639493969,17841402591799685,alcaldiadetulua,"Alcaldía de Tuluá","¡Compromiso con la Educación! 🎓✨

Hoy, el alcalde @gustavovelezr, participó en la audiencia pública “Plan Maestro” en la @universidaddelvallesedetulua. Junto a los Ministros de Educación, Daniel Rojas, y de Hacienda y Crédito Público, Ricardo Bonilla, escuchó a la comunidad estudiantil. La Administración reafirma su compromiso con el progreso educativo. 

¡Juntos avanzamos hacia un futuro mejor! #ParaSerFelices 🙌🏼💙",0,"10/24/2024 17:38",https://www.instagram.com/p/DBhvxpsvTNY/,"Secuencia de Instagram",,Total,2038,1725,122,4,,2,1,
18041903642286608,17841407739133684,emtulua,"Emtulua Esp","¡Cuarto Día de la Semana Ambiental en el marco de la COP 16! 💚♻️

Se llevó a cabo un impactante Foro Ambiental de Servicios Públicos y Acciones por una Región Más Sostenible, un espacio clave para fortalecer la dimensión ambiental en Tuluá. 

¡Únete a nosotros y sé parte de la construcción de un Tuluá más sostenible! 🌎🌱¡Juntos hacemos la diferencia!",52,"10/24/2024 16:20",https://www.instagram.com/reel/DBhmOFmOyWo/,"Reel de Instagram",,Total,,,43,1,,0,0,
18046159322018769,17841402591799685,alcaldiadetulua,"Alcaldía de Tuluá","🎉 ¡Este sábado, los niños de Tuluá están invitados a explorar el Mundo de la Fantasía en una Aventura “ParaSerFelices”! 🌈✨

🌟 Sigue estos tips para tener un día lleno de magia, diversión y aprendizaje para disfrutar al máximo. ¡No se lo pueden perder!💙",0,"10/24/2024 16:03",https://www.instagram.com/p/DBhk3cyPX6k/,"Imagen de Instagram",,Total,2289,2093,52,16,,2,1,
18018868382622336,17841402591799685,alcaldiadetulua,"Alcaldía de Tuluá","🌟 ¡Trabajando por la sana convivencia en Tuluá! 🌟

La Administración Municipal realizó hoy la presentación del nuevo equipo de Gestores de Convivencia, un grupo comprometido con el diálogo y la colaboración en nuestra comunidad que ha trabajado desde el inicio de año pero ahora estarán identificados con un nuevo uniforme. Junto a la Policía Nacional y Agentes de Tránsito, trabajarán para promover el orden y la tranquilidad en el espacio público.

👮‍♂️💬 ¡Unámonos para construir un Tuluá mejor #ParaSerFelices!💚✨",0,"10/24/2024 12:17",https://www.instagram.com/p/DBhLBtfPMBG/,"Secuencia de Instagram",,Total,4340,3173,169,5,,4,1,
18065428069678836,17841407739133684,emtulua,"Emtulua Esp","¡Así se vivió el Cuarto Día de la Semana Ambiental en el marco de la COP 16!🌱

Se llevó a cabo el Foro Ambiental de Servicios Públicos y Acciones por una Región Sostenible, con ponencias de CVC, CentroAguas, Veolia y Asurtumo. Los temas centrales fueron el cuidado de las fuentes hídricas, la biodiversidad y el manejo de residuos sólidos. 

Agradecemos la activa participación de los presidentes de juntas de acción comunal rurales, estudiantes de Uceva e Instituciones Educativas. ¡Juntos trabajamos por un futuro más sostenible! ♻️💚

#cop16 #tuluá #paraserfelices #biodiversidad",0,"10/24/2024 12:06",https://www.instagram.com/p/DBhJ0hkpO8D/,"Secuencia de Instagram",,Total,,,64,5,,0,0,
17949616613851390,17841402591799685,alcaldiadetulua,"Alcaldía de Tuluá","🎃 ¡Explora el Mundo de la Fantasía, una Aventura “ParaSerFelices! 🌟

¡Este Halloween, los más pequeños de la casa están invitados a una aventura mágica! Conoce las estaciones que tendremos para ti, donde los niños podrán descubrir actividades asombrosas, recorrer caminos encantados y vivir una experiencia única llena de sorpresas.

🦄 Nos vemos este sábado, 26 de octubre de 2024
🕒 10:00 a. m.
📍 Coliseo de Ferias Manuel Victoria Rojas

¡Ven disfrazado con un adulto responsable y prepárate para un día de diversión y fantasía!✨🪄 No te pierdas la oportunidad de hacer recuerdos inolvidables. ¡Te esperamos! 💙

Apoyan: 
@celsia_energia @infitulua @emtulua @supergiroscentrodelvalle @veolia_co @hospitalrubencruzvelez @constructoralacima @central_de_transportes_tulua_ @mundoalitascolombia @losolivostulua @mvc30 @electroingenieria @distribuidora_jm.t @comfenalcovalle @centroaguas.sa.esp @fundacion_colombina @funeraria_sanmartin #PanelaElTrébol @supercentrotulua @cclaherradura @nestlecolombia",0,"10/23/2024 11:14",https://www.instagram.com/p/DBefDg2vrT4/,"Secuencia de Instagram",,Total,4737,3572,127,61,1,2,9,
18003380108659951,17841407739133684,emtulua,"Emtulua Esp","¡Segundo día de la Semana Ambiental en el marco de la COP 16! 

🎭✨ Disfrutamos de increíbles obras de teatro y representaciones en el Centro Comercial Bicentenario Plaza, donde juntos concientizamos sobre la vital importancia de cuidar nuestra biodiversidad.

¡Únete y recuerda: La naturaleza no se vende! 🌱💚 Tu participación hace la diferencia.",0,"10/23/2024 08:34",https://www.instagram.com/p/DBeMr45OW6E/,"Secuencia de Instagram",,Total,,,56,1,,0,0,
18043975472505841,17841402591799685,alcaldiadetulua,"Alcaldía de Tuluá","¡FORTALECIENDO LA INFRAESTRUCTURA VIAL! 🚧👷🏻

Buscando el beneficio de más de 1300 estudiantes, en tan solo una semana, hemos avanzado significativamente en la pavimentación de la Calle 7ma, entre las carreras 18 y 19. 🚧💪 Esta obra tan esperada transforma nuestro barrio, y hoy es una realidad para mejorar la calidad de vida de todos los tulueños. 
¡La transformación está en marcha y tú eres parte de ella! 💪🌟 #ParaSerFelices 💙",75,"10/22/2024 15:23",https://www.instagram.com/reel/DBcWsZovfY8/,"Reel de Instagram",,Total,1765,1271,34,0,,0,0,
17870244957212578,17841402591799685,alcaldiadetulua,"Alcaldía de Tuluá","¡En Tuluá seguimos trabajando por una mejor atención en salud!🚑 🩺

Con la visita del @minsaludcol de Salud @guillermo_alfonso_jaramillo, al @hospitalrubencruzvelez, se anunciaron mejoras en siete puestos de salud, con esto, permitiremos más accesibilidad y calidad para nuestras comunidades urbanas y rurales. 🏥 💪 #ParaSerFelices",0,"10/21/2024 13:36",https://www.instagram.com/p/DBZlvDYvYYK/,"Secuencia de Instagram",,Total,3985,3108,126,3,1,3,1,
17954883287740888,17841407739133684,emtulua,"Emtulua Esp","¡Bienvenidos a la Novena Semana Ambiental de Tuluá !🌿

Desde la administración municipal, liderada por el ingeniero Gustavo Adolfo Vélez Román, iniciamos hoy esta importante semana en el marco de la COP 16. Nos sumamos a la celebración de nuestra biodiversidad con una jornada de siembra de árboles en la orilla del río Tuluá, junto a diversas entidades comprometidas.

¡Únete a nosotros y contribuye a un futuro más verde! 🌳💚

#SemanaAmbiental #COP16 #cop16 #paraserfelices #biodiversidad #tuluá",60,"10/21/2024 13:34",https://www.instagram.com/reel/DBZlZynJle2/,"Reel de Instagram",,Total,,,42,2,,1,0,
17880318573159384,17841402591799685,alcaldiadetulua,"Alcaldía de Tuluá","🎃 ¡Tenemos un cita muy especial con todos los niños y niñas de Tuluá! Es momento de sumergirnos en El Mundo de la Fantasía!🪄🦄

👻 Viviremos un día mágico, lleno de diversión y sorpresas pensado especialmente para ti en compañía de @lospayachiquisoficial 🤩

📅 26 de octubre de 2024
📍 Coliseo de Ferias Manuel Victoria Rojas 

¡No te lo pierdas! 🌟 Una aventura #ParaSerFelices 💙✨",46,"10/20/2024 09:52",https://www.instagram.com/reel/DBWnJQQPwnh/,"Reel de Instagram",,Total,9341,6843,174,55,4,11,11,
17912072520008710,17841436811933031,imdertulua,"Imder Tuluá","¡Estamos en inscripciones!
Desliza para que conozcas los deportes que ofrecemos en nuestro programa de Iniciación totalmente gratis 🏀⚽️🛼🥊",0,"10/19/2024 13:48",https://www.instagram.com/p/DBUdedApOel/,"Secuencia de Instagram",,Total,,,71,20,,1,0,
17889037422100318,17841402591799685,alcaldiadetulua,"Alcaldía de Tuluá","Aquí podrás revivir las noticias más importantes de este semana con nuestro resumen “45 segundos #ParaSerFelices” 💙✅✌🏽",78,"10/19/2024 10:12",https://www.instagram.com/reel/DBUChnPP5hw/,"Reel de Instagram",,Total,1058,980,41,1,,2,0,
17903858613059685,17841402591799685,alcaldiadetulua,"Alcaldía de Tuluá","¡Conmemoración del Día Mundial de la Lucha contra el Cáncer de mama!💕💪🏼

Con una jornada pedagógica, las secretarias de Salud y de Bienestar Social, se unieron para realizar una jornada de sensibilización e información para la prevención del cancer de mama en las mujeres tulueñas.✅✌🏾 #ParaSerFelices 💙",32,"10/18/2024 16:16",https://www.instagram.com/reel/DBSJb2CvlqS/,"Reel de Instagram",,Total,1217,1046,29,0,,0,0,
17869230807142143,17841402591799685,alcaldiadetulua,"Alcaldía de Tuluá","¡Hemos iniciado la reactivación del vivero municipal!🌱💪🏼🪄

Desde la Secretaría de Desarrollo Agropecuario y Medio Ambiente, SEDAMA, estamos impulsando la producción de material ornamental, forestal y de jardinería, con el objetivo de llenar de vida y zonas verdes cada rincón de nuestro municipio. 🌿🌸

Este esfuerzo contribuye a revitalizar nuestros espacios urbanos, creando un entorno más saludable y armonioso para todos. #ParaSerFelices #SEDAMA 💙",66,"10/17/2024 10:01",https://www.instagram.com/reel/DBO51LUsYga/,"Reel de Instagram",,Total,578,551,27,0,,2,0,
17943243401777782,17841402591799685,alcaldiadetulua,"Alcaldía de Tuluá","¡Seguimos fortaleciendo las estrategias para la seguridad de los tulueños! ✅

Con el apoyo de nuestra Fuerza Pública, realizamos “las Caravanas por la Vida”, una iniciativa que refuerza el control y garantiza la seguridad de nuestra comunidad. #ParaSerFelices",60,"10/16/2024 17:15",https://www.instagram.com/reel/DBNGmSPpyyB/,"Reel de Instagram",,Total,1376,1290,54,1,,6,1,
18017981747315123,17841465213107155,tuluaculturacol_,"DEPARTAMENTO DE ARTE Y CULTURA","¡Sabor y tradición en el corazón del Valle! 🫕💪🏼🎶

Más de tres mil personas disfrutaron del Quinto Encuentro de Cocinas Tradicionales ""Sin Comida no hay Alegría"", donde 30 expositores ofrecieron delicias del Valle del Cauca. Sabores únicos, conversatorios, concursos y exhibiciones de cocina, cultura y arte, se unieron en este evento que fortaleció la economía local.

 ¡Un orgullo para nuestra región!✅💙💪🏼
#ParaSerFelices💙",0,"10/16/2024 13:40",https://www.instagram.com/p/DBMuOyBpDvB/,"Secuencia de Instagram",,Total,,,42,1,,2,0,
18147136192339442,17841465258460662,secre.bienestarsocialtulua,"SECRETARIA DE BIENESTAR SOCIAL","“Un bastón blanco, un símbolo de libertad.

Celebramos el Día Internacional del Bastón Blanco visitando líneas podotacticas del Municipio.👩‍🦯

Juntos exploramos, juntos avanzamos #paraserFelices 🙌

#BastónBlanco #Inclusión #DiscapacidadVisual #LíneasPodotácticas #AccesibilidadUniversal”",54,"10/15/2024 16:23",https://www.instagram.com/reel/DBKbtrEuoVu/,"Reel de Instagram",,Total,,,57,9,,1,0,3007
17923350041971004,17841402591799685,alcaldiadetulua,"Alcaldía de Tuluá","¡Es hora de sumergirse en la magia! ✨🎃🪄

La gestora social, Luz Elena Londoño, hace una invitación muy especial, este 26 de octubre, para disfrutar de un día lleno de alegría y sorpresas en el Coliseo de Ferias Manuel Victoria Rojas. 

Con inflables, dulces, disfraces, rifas y mucho más para que grandes y pequeños vivan una experiencia #ParaSerFelices ¡Te esperamos para celebrar juntos! 🙌🏼💙👻✨",47,"10/15/2024 15:34",https://www.instagram.com/reel/DBKV0mIOhek/,"Reel de Instagram",,Total,9754,6677,207,67,8,9,5,
18076001017570822,17841402591799685,alcaldiadetulua,"Alcaldía de Tuluá","¡Jornada pedagógica sobre el uso responsable del espacio público! 🚶‍♂️🚗

Desde la Secretaría de Gobierno, Convivencia y Seguridad, en colaboración con el Departamento Administrativo de Movilidad y Seguridad Vial y la Policía Nacional, buscamos generar conciencia sobre cómo el cuidado de nuestros espacios comunes contribuye a una Tuluá más limpia, segura y ordenada. 💚✨

Seguimos fortaleciendo la convivencia y la cultura ciudadana en Tuluá. ¡Juntos estamos construyendo un mejor lugar #ParaSerFelices! 💪💙",22,"10/15/2024 10:38",https://www.instagram.com/reel/DBJ0bTtibEb/,"Reel de Instagram",,Total,1815,1565,37,3,,2,0,
18107576818386312,17841407739133684,emtulua,"Emtulua Esp","¡Semana Ambiental Tuluá!

En el marco de la COP 16, la administración municipal de Tuluá, a través de la Secretaría de Desarrollo Agropecuario y Medio Ambiente (Sedama) y el Comité Interinstitucional de Educación Ambiental (CIDEA), te invita a celebrar la Novena Semana Ambiental del 21 al 27 de octubre. 

¡Ven y participa! Disfruta de actividades interactivas que fomentarán la conciencia ambiental y te inspirarán a ser parte del cambio. 

¡Construyamos juntos un futuro más verde! 🌱💚

@alcaldiadetulua @centroaguas.sa.esp @veolia_co @asurtumo_91 @cvc_ambiental @ucevacol @camaratulua",0,"10/15/2024 05:53",https://www.instagram.com/p/DBJT8dBJWO7/,"Secuencia de Instagram",,Total,,,40,13,,0,0,
18051634588906635,17841402591799685,alcaldiadetulua,"Alcaldía de Tuluá","Conoce cuáles fueron las tres noticias más importantes de esta semana, en nuestro resumen “45 segundos #ParaSerFelices”✅🕢 #Noticias #Tuluá

#Tuluá #Noticias #AlcaldíadeTuluá 💙💪🏼",68,"10/12/2024 13:06",https://www.instagram.com/reel/DBCWxbMJnK9/,"Reel de Instagram",,Total,1239,1148,50,3,,0,1,
17958781721820737,17841402591799685,alcaldiadetulua,"Alcaldía de Tuluá","¡Conmemoración Día del Veterano!💙💪🏼🪖

Participamos del homenaje realizado por la Escuela de Policía Simón Bolívar, a nuestros veteranos de guerra, quienes han servido con honor y valentía a nuestra patria, 
Hoy más que nunca, los recordamos y agradecemos por su dedicación y sacrificio. ¡Su valentía es el legado que nos inspira a seguir adelante! ✅

#DíaDelVeterano #ParaSerFelices",0,"10/11/2024 11:40",https://www.instagram.com/p/DA_ob7uvNJw/,"Secuencia de Instagram",,Total,1834,1550,73,1,,2,0,
18037424693323048,17841402591799685,alcaldiadetulua,"Alcaldía de Tuluá","¡Buenas noticias para más de 5,000 tulueños! 🙌🏼💙
Nuestro alcalde, Gustavo Vélez, envió mensajes y realizó llamadas directas 📲, informando a más de 5,000 personas sobre su beneficio de Renta Ciudadana y la Devolución del IVA.

Un paso más hacia el bienestar de nuestra comunidad. 💪🏼 #ParaSerFelices 💙",77,"10/10/2024 11:57",https://www.instagram.com/reel/DA9Fh8bpcsV/,"Reel de Instagram",,Total,4584,3720,103,18,2,9,1,
17903881832960138,17841402591799685,alcaldiadetulua,"Alcaldía de Tuluá","¡Arranca la segunda fase de la Actualización Catastral! 🚨🏡 

Este proceso es clave para ajustar la información de nuestros predios y que todo refleje la realidad del territorio.
La Administración Municipal estará en los corregimientos, junto a las Juntas de Acción Comunal y la ciudadanía en general, para explicar cómo este cambio impacta directamente en tu comunidad.

¡Juntos mejoramos a Tuluá #ParaSerFelices! 💪💙 #ActualizaciónCatastral",83,"10/09/2024 08:09",https://www.instagram.com/reel/DA6GpVvBCAS/,"Reel de Instagram",,Total,3470,2950,117,8,,2,2,
18045745936988031,17841402591799685,alcaldiadetulua,"Alcaldía de Tuluá","¡Inician las obras en Tuluá!✅🚧

📅 Esta semana damos inicio a los trabajos de pavimentación en el sector del cruce de la Virgen, en la vía Aguaclara, con el objetivo de reestablecer el flujo vehicular y mejorar la movilidad en la zona.

👷🏽🚧 La Administración Municipal, a través de la Secretaría de Hábitat e Infraestructura, en trabajo articulado con @infitulua , está llevando a cabo la restitución de la carpeta de pavimento rígido, una obra clave para optimizar la infraestructura vial del municipio.🛣️

Con estas acciones, seguimos avanzando en el fortalecimiento de nuestra red vial, mejorando la calidad de vida de los tulueños #ParaSerFelices 💙",0,"10/08/2024 14:32",https://www.instagram.com/p/DA4Nxv6u5Iy/,"Secuencia de Instagram",,Total,3018,2531,82,8,1,0,2,
17948888948847746,17841402591799685,alcaldiadetulua,"Alcaldía de Tuluá","¡Atención jóvenes mayores de 18 años! 📣
La Armada de Colombia y la Administración Municipal, te invitan a incorporarte y prestar tu servicio militar. No dejes pasar esta oportunidad única. ¡Te esperamos este 24 de octubre en el Coliseo de Ferias Manuel Victoria Rojas!👏🏽
¡Te esperamos!✅🙌",80,"10/08/2024 10:00",https://www.instagram.com/reel/DA3uiuGP86B/,"Reel de Instagram",,Total,4407,3783,87,5,2,0,3,
18145098970338703,17841402591799685,alcaldiadetulua,"Alcaldía de Tuluá","🌿💧 ¡Enamórate de tu río! 💧🌿

Este fin de semana, junto a los Equipos Básicos en Salud y el Plan de Intervenciones Colectivas del Hospital Rubén Cruz Vélez, nos unimos para realizar una jornada de limpieza del río y sus zonas verdes. 🌊🧹
Nuestro compromiso es mantener Tuluá libre de residuos y cuidar la salud de todos. 🌍❤️ Porque la belleza de nuestros espacios es clave para vivir bien.

¡Hagamos de nuestro municipio un lugar más limpio y saludable #ParaSerFelices! 💙 ✨",0,"10/07/2024 14:11",https://www.instagram.com/p/DA1mhhQvkDC/,"Secuencia de Instagram",,Total,2168,1634,85,3,1,2,1,
17862487404185028,17841402591799685,alcaldiadetulua,"Alcaldía de Tuluá","🌱 ¡Inicia la Siembra! 🌱
Desde la SEDAMA, damos inicio a la siembra responsable de 50 árboles en la Avenida Cali, utilizando el método de goteo para garantizar su crecimiento saludable.
Invitamos a toda nuestra comunidad tulueña a unirse a esta importante labor ambiental, aportando su apoyo y compromiso para cuidar y preservar nuestro entorno. Juntos hacemos de Tuluá un municipio más verde y sostenible #ParaSerFelices 💙🌳💧",56,"10/07/2024 08:53",https://www.instagram.com/reel/DA1CIk4urGv/,"Reel de Instagram",,Total,1522,1284,24,1,,2,0,
18042309971285027,17841402591799685,alcaldiadetulua,"Alcaldía de Tuluá","¡Hora de aventurarse en el Mundo de la Fantasía!✨🔹🪄

Prepárate para un día mágico, lleno de diversión para todos, con dulces, inflables, disfraces, rifas y muchas sorpresas más. Este 26 de octubre en el Coliseo de Ferias Manuel Victoria Rojas. 

Ven y vive un Halloween único 🎃🪄👻 ¡Te esperamos #ParaSerFelices! 🙌🏼💙",0,"10/06/2024 10:24",https://www.instagram.com/p/DAynwDQuqAu/,"Imagen de Instagram",,Total,5869,4408,115,38,1,1,5,
18021603161595453,17841402591799685,alcaldiadetulua,"Alcaldía de Tuluá","Conoce cuáles fueron las tres noticias más importantes dela primera semana de octubre, en nuestro resumen “45 segundos #ParaSerFelices”✅🕢 #Noticias #Tuluá 

#Tuluá #Noticias #AlcaldíadeTuluá 💙💪🏼",57,"10/05/2024 15:24",https://www.instagram.com/reel/DAwlTc2OWS4/,"Reel de Instagram",,Total,1756,1562,59,6,,0,0,
17857003881223459,17841402591799685,alcaldiadetulua,"Alcaldía de Tuluá","¡La Ruta de la felicidad continúa en el barrio Farfán!🙌🏼✅

Impactando aproximadamente 200 personas, llegamos con la Jornada
descentralizada al barrio Farfán con toda la oferta institucional y una vez más logramos estar más cerca de los tulueños con nuestros servicios y los Equipos Básicos en Salud.🏥🩺 

Continuamos generando espacios #ParaSerFelices 💙💪🏼",0,"10/05/2024 13:53",https://www.instagram.com/p/DAwa89hJv8z/,"Secuencia de Instagram",,Total,2351,1803,89,5,,0,0,
18420934057079957,17841402591799685,alcaldiadetulua,"Alcaldía de Tuluá","¡Juntos por el Lago Chilicote! 🌿💧
Desde la SEDAMA realizamos la jornada para limpiar y proteger nuestro humedal Lago Chilicote, vital para la biodiversidad de flora y fauna de nuestro municipio.

¡Cuidar el medio ambiente es tarea de todos! 🌍✨ #ParaSerFelices #LagoChilicote",37,"10/04/2024 15:03",https://www.instagram.com/reel/DAt-FDks3O6/,"Reel de Instagram",,Total,1179,1083,51,5,,5,0,
18101284084442843,17841436811933031,imdertulua,"Imder Tuluá","Celebramos Amor y Amistad con nuestra comunidad #ParaSerFelices 💙",37,"10/04/2024 13:53",https://www.instagram.com/reel/DAt2D_TvtkY/,"Reel de Instagram",,Total,,,26,0,,0,0,1663
18063058093599685,17841402591799685,alcaldiadetulua,"Alcaldía de Tuluá","Revive este espacio “Encuentros con el Alcalde” #ParaSerFelices ✅🙌🏽",2425,"10/04/2024 12:22",https://www.instagram.com/reel/DAtlRo6vD1p/,"Reel de Instagram",,Total,606,568,29,0,,1,1,
17880965667070948,17841402591799685,alcaldiadetulua,"Alcaldía de Tuluá","¡En Tuluá estamos transformando nuestros espacios! 🌿✨

Gracias al trabajo articulado entre la Secretaría de Hábitat e Infraestructura con Infituluá, estamos realizando trabajos de adecuación, pintura, renovación de la cancha, embellecimiento de zonas verdes del barrio San Pedro Claver.

Queremos ofrecerle a nuestras familias tulueñas un entorno más seguro, bonito y digno. 💪🏼🏡 Juntos estamos haciendo de Tuluá un mejor lugar #ParaSerFelices 🙌🏼",74,"10/04/2024 06:35",https://www.instagram.com/reel/DAtD2yRulpr/,"Reel de Instagram",,Total,4646,3887,167,27,,7,2,
17903484567021666,17841402591799685,alcaldiadetulua,"Alcaldía de Tuluá","¡Empoderando la Voz del Líder!✅💪🏼
Así vivimos este gran espacio creado para la comunidad tulueña, líderes, activistas y periodistas que participaron de este taller de comunicación y liderazgo brindado por @jorgeadrianorozcol, periodista tulueño de NTN24, donde compartimos y dialogamos sobre diferentes temas para el fortalecimiento del discurso y la interacción con los líderes sociales y sus territorios. 📣 #ParaSerFelices💙",62,"10/03/2024 14:48",https://www.instagram.com/reel/DArXn85vWc7/,"Reel de Instagram",,Total,959,893,35,1,,0,1,
18043686911487403,17841402591799685,alcaldiadetulua,"Alcaldía de Tuluá","¡Los tulueños aprovecharon el 90% de descuento en el Papayazo Tributario!🙌🏼✅

Durante el mes de septiembre, más de 3000 ciudadanos realizaron su pago con el 90% del descuento en sanciones e intereses de mora y obtuvieron un gran ahorro en el aporte a sus impuestos. Contribuyendo al desarrollo y progreso de nuestro municipio. #ParaSerFelices 💙",86,"10/02/2024 09:06",https://www.instagram.com/reel/DAoLoqtAsVM/,"Reel de Instagram",,Total,3360,2719,110,17,,11,3,
18278357134171627,17841402591799685,alcaldiadetulua,"Alcaldía de Tuluá","Dignificar la vida y la muerte es nuestra prioridad. Desde la Secretaría de Gobierno con el apoyo de Medicina Legal, acompañamos a familias tulueñas en la búsqueda de seres queridos no reclamados, brindando paz y respeto.🙌🏽🤍",0,"10/01/2024 14:08",https://www.instagram.com/p/DAmJeimvCbK/,"Secuencia de Instagram",,Total,5383,4211,158,3,,4,5,
18039727193111204,17841402591799685,alcaldiadetulua,"Alcaldía de Tuluá","¡La integridad de los tulueños es nuestra prioridad! 🚖✨

Desde el Departamento Administrativo de Movilidad y Seguridad Vial, seguimos comprometidos en ofrecer un servicio de transporte de calidad y seguro para todos los tulueños. Únete a la campaña #TaxiSeguroTulua. Juntos, construimos un futuro más seguro. 💙🙌🏽 #YosoyTaxiSeguro #ParaSerFelices #Taxi",37,"09/30/2024 15:19",https://www.instagram.com/reel/DAjsxVtRGQ9/,"Reel de Instagram",,Total,2263,1751,50,2,1,2,2,
17937086978793978,17841402591799685,alcaldiadetulua,"Alcaldía de Tuluá","Conoce cuáles fueron las tres noticias más importantes de la semana en este “45 segundos #ParaSerFelices”✅🕢 

#Tuluá #Noticias #AlcaldíadeTuluá 💙💪🏼",68,"09/28/2024 14:12",https://www.instagram.com/reel/DAebX-ZvhRx/,"Reel de Instagram",,Total,2515,2093,64,7,1,3,0,
18039582779506930,17841402591799685,alcaldiadetulua,"Alcaldía de Tuluá","¡Acompañamiento a Juntas de Acción Comunal!✅🙌🏼

Después de nueve meses de acompañamiento y asesoría técnica y jurídica, la Secretaría Privada logró realizar el acto de posesión de la Junta de Acción Comunal de la Urbanización San Felipe. 

Estamos comprometidos con el apoyo y el trabajo conjunto con la comunidad tulueña #ParaSerFelices 💙✅",74,"09/28/2024 07:02",https://www.instagram.com/reel/DAdqEnfuxDC/,"Reel de Instagram",,Total,1759,1434,55,4,,0,1,
17865387222218601,17841402591799685,alcaldiadetulua,"Alcaldía de Tuluá","Revive nuestro live “Encuentros con el Alcalde”🔵

En esta ocasión con nuestro invitado especial @jorgeadrianorozcol ✅💙

#ParaSerFelices 🙌🏽",4243,"09/27/2024 19:43",https://www.instagram.com/reel/DAccogAuNHn/,"Reel de Instagram",,Total,762,724,40,0,,0,0,
18012173624370556,17841431512646378,puntos_innova_tulua,"Punto Innova","Desde el Punto Innova de la Institución Educativa Técnica de Occidente se llevará a cabo el primer taller de guión para que los amantes de la creación de contenido tengan la base para crear proyectos audiovisuales. 

Si deseas inscribirte acércate al Punto Innova o escríbenos al 3147592593 y separa tu cupo. 
¡Recuerda que es completamente gratis!",44,"09/27/2024 16:36",https://www.instagram.com/reel/DAcHFCkuY6V/,"Reel de Instagram",,Total,,,49,22,,1,0,2989
17848190949300422,17841402591799685,alcaldiadetulua,"Alcaldía de Tuluá","¡Vamos todos al Mercado Campesino!🙌🏽💙

Todos los martes y viernes visítanos en nuestro Mercado Campesino ubicado en la Carrera 30 # 14-51 y conoce todos lo que nace del Corazón del Paraíso. Compra a nuestros campesinos tulueños y apoya el comercio local y rural.✅💙 #ParaSerFelices 🙌🏽",38,"09/27/2024 06:32",https://www.instagram.com/reel/DAbBcRqOLEM/,"Reel de Instagram",,Total,3451,1593,35,2,,0,0,
18041079545295984,17841402591799685,alcaldiadetulua,"Alcaldía de Tuluá","¡Empoderando la voz del Líder!✅

No te pierdas este gran espacio enfocado para periodistas, medios de comunicación, líderes sociales, activistas y comunidad en general que deseen aprender a comunicar de una manera más innovadora con @jorgeadrianorozcol. Te esperamos💪🏼
 
¡Inscríbete ahora en el link de las historias!🙌🏼",60,"09/26/2024 13:07",https://www.instagram.com/reel/DAZJ8sovRDu/,"Reel de Instagram",,Total,826,737,41,3,,2,0,
18102916561431456,17841402591799685,alcaldiadetulua,"Alcaldía de Tuluá","¡Así se vivió #TuluActiva2024!✅💪🏼

 Con éxito se llevó a cabo la Semana de la Juventud, realizada con el apoyo de la Secretaría de Bienestar Social, donde los jóvenes tulueños pudieron participar de espacios formativos, culturales y recreativos. Nuestro compromiso con la juventud continúa vigente #ParaSerFelices 🙌🏽✅💙",80,"09/26/2024 10:16",https://www.instagram.com/reel/DAY2lhruKfM/,"Reel de Instagram",,Total,1940,1659,78,6,,2,1,
18038900941897323,17841402591799685,alcaldiadetulua,"Alcaldía de Tuluá","¡Juntos por un futuro más verde! ✨🌱

Estamos comprometidos con escuchar a los tulueños y después de esta ola de calor, queremos dar inicio a los proyectos de siembra para le preservación de las zonas verdes de nuestro municipio. Continuamos de la mano con la comunidad y las juntas de acción comunal para cuidar y mantener nuestras zonas verdes. 💚✅💪🏼

Sigamos construyendo espacios #ParaSerFelices 🌳🤝",59,"09/25/2024 16:03",https://www.instagram.com/reel/DAW506JMdV8/,"Reel de Instagram",,Total,1015,974,43,2,1,0,1,
17965720823667713,17841402591799685,alcaldiadetulua,"Alcaldía de Tuluá","¡En esta ola de calor, cuidémonos juntos!✅🙌🏼☀️

Desde la Administración Municipal nos preocupamos por la integridad de los tulueños. Sigue estos tips para enfrentar estas altas temperaturas. Estamos comprometidos con tu salud🤗 #ParaSerFelices 💙",0,"09/20/2024 14:13",https://www.instagram.com/p/DAJ1QuYur9r/,"Secuencia de Instagram",,Total,2017,1357,28,4,,0,1,
18008801594388216,17841402591799685,alcaldiadetulua,"Alcaldía de Tuluá","Encuentros con el Alcalde ✅🙌🏽
 
Revive la transmisión con el alcalde @gustavovelezr #ParaSerFelices 💙💪🏼",2131,"09/20/2024 11:32",https://www.instagram.com/reel/DAJi030PWzJ/,"Reel de Instagram",,Total,1049,961,52,1,,2,1,
18046755769787682,17841402591799685,alcaldiadetulua,"Alcaldía de Tuluá","¡See Learning llegó a padres de familia!✅📚💪🏼

Con más de 200 padres de familia, y 400 docentes y cuidadores, participamos del Foro See Learning Tuluá 2024: Conversación - Familias conectadas, como aliados de la @fundacionlevapan , con conferencias enfocadas a padres de familia sobre las buenas prácticas de la crianza. 

Continuamos apoyando estos espacios que permiten asegurar que niños y niñas logren tener lugares seguros en su crecimiento y en su formación para orientarlos hacia el futuro de la Tuluá #ParaSerFelices💙",75,"09/19/2024 14:54",https://www.instagram.com/reel/DAHUl-TOIlI/,"Reel de Instagram",,Total,2248,2009,87,1,,3,4,
18008645240400462,17841400356362656,infitulua,"INFITULUÁ E.I.C.E","❤️ ¿No sabes qué dar en estas fechas? ¡Regala desde el comercio tulueño! 🎁 Conoce la variedad de productos que tenemos para ofrecerte en La Galería, el Centro Comercial Pabellón y Bicentenario Plaza. ¿Qué estás esperando para conseguir productos de buena calidad a un excelente precio? ¡Te esperamos!",32,"09/18/2024 10:01",https://www.instagram.com/reel/DAEOzRAMlJN/,"Reel de Instagram",,Total,1669,1368,37,4,2,0,1,2030
17889894084094303,17841402591799685,alcaldiadetulua,"Alcaldía de Tuluá","¡Impulsamos proyectos para la COP16!💪🏼📚

Con el fin de vincular a 100 jóvenes tulueños entre los 18 y 28 años que desarrollen iniciativas de medio ambiente y biodiversidad, en alianza entre la Agencia Presidencial para la Cooperación, la Administración Municipal y la Unidad Central del Valle, @ucevacol, trabajamos para promover la presentación de las mejores iniciativas o proyectos que podrán visibilizarse en la COP16 ✅💙

¡inscríbete ahora y haz parte de este gran espacio!✅💪🏼",29,"09/18/2024 07:59",https://www.instagram.com/reel/DAEAxfkOrwK/,"Reel de Instagram",,Total,4130,3201,137,25,,2,1,
18116521126398862,17841402591799685,alcaldiadetulua,"Alcaldía de Tuluá","¡Vehículos seguros para los tulueños!✅🙌🏽

Desde el Departamento Administrativo de Movilidad y Seguridad Vial, continuamos con el compromiso de brindar un servicio seguro y de calidad a la ciudadanía tulueña con la campaña  #YoSoyTaxiSeguro.
Estamos trabajando #ParaSerFelices 💙💪🏼",52,"09/17/2024 08:34",https://www.instagram.com/reel/DABfL8VO-yH/,"Reel de Instagram",,Total,3350,3058,114,5,1,16,6,
18022453049588485,17841407739133684,emtulua,"Emtulua Esp","¡Continuamos embelleciendo y transformado Tuluá!

Desde Emtuluá, en conjunto con la Administración Municipal y Veolia Aseo Tuluá, continúa  dando cumplimiento al programa de corte de césped y la poda de árboles en vías y áreas públicas. 🚜✂️🌳

Cada acción es un paso más hacia una ciudad más limpia y hermosa #ParaserFelices

¡Cuidemos juntos de Tuluá! 🏠💚",30,"09/16/2024 13:48",https://www.instagram.com/reel/C__e8m7PIO2/,"Reel de Instagram",,Total,,,80,10,,6,0,
18311623072095718,17841402591799685,alcaldiadetulua,"Alcaldía de Tuluá","Revive el live “Encuentros con el Alcalde”💪🏼

Un espacio creado para dialogar con la comunidad.🙌🏽💙 #ParaSerFelices ✅",3694,"09/15/2024 06:26",https://www.instagram.com/reel/C_8HyUaOEhc/,"Reel de Instagram",,Total,1257,1154,47,0,,0,1,
18035097734158647,17841402591799685,alcaldiadetulua,"Alcaldía de Tuluá","¡Concluimos la Ruta de la Felicidad en la Comuna 6!🙌🏽✅

Con más de mil personas beneficiadas, hemos finalizado las jornadas descentralizadas “La Ruta de la Felicidad” en la Comuna 6. Acompañando a los Equipos Básicos en Salud y llevando la oferta institucional de la Administración Municipal para la comunidad tulueña.  #ParaSerFelices 💙💪🏼",51,"09/14/2024 16:05",https://www.instagram.com/reel/C_6jjgtOJ2x/,"Reel de Instagram",,Total,1753,1440,59,29,,2,1,
18012007196626913,17841402591799685,alcaldiadetulua,"Alcaldía de Tuluá","¡Alianzas estratégicas que le apuestan al deporte tulueño! ✅

Con el embellecimiento, pintura, limpieza y mejora del Coliseo de Pesas del Coliseo Benicio Echeverry, la empresa Colombina, Planta Conservas le apostó al deporte tulueño invirtiendo en la mejora y adecuaciones del lugar. Desde la Administración Municipal, se adelantó este convenio desde el Instituto Municipal para el Deporte y la Recreación, IMDER. para brindar espacios adecuados para los deportistas de nuestro municipio. #ParaSerFelices 💙💪🏼",62,"09/11/2024 10:40",https://www.instagram.com/reel/C_yRsTHuZPd/,"Reel de Instagram",,Total,3046,2757,87,10,4,0,2,
17902716720034011,17841402591799685,alcaldiadetulua,"Alcaldía de Tuluá","¡El alcalde Gustavo Vélez entregó más de 4000 mobiliarios escolares! 📚✨

Más de 2000 estudiantes de las Instituciones Educativas Técnica Industrial Carlos Sarmiento Lora, Juan María Céspedes y María Antonia Ruiz ahora cuentan con aulas renovadas, comedores, laboratorios y más. Este sueño, iniciado en 2016, es hoy una realidad #ParaSerFelices. 👏💪💙",76,"09/09/2024 14:04",https://www.instagram.com/reel/C_tfb6Dp_E0/,"Reel de Instagram",,Total,5035,4349,267,21,4,27,5,
17985120056577412,17841402591799685,alcaldiadetulua,"Alcaldía de Tuluá","¡Alcalde llegó con la Ruta de la Felicidad a la Comuna 6!💙✅

Con toda la oferta institucional desde la Administración Municipal nos unimos a los Equipos Básicos en Salud para brindarle toda la atención a la ciudadanía de la Comuna 6 en el Centro de Integración Ciudadana del barrio Buenos Aires, con una gran participación de los tulueños logramos beneficiar a más de 800 personas ✅🫂

Desde la Administración Municipal continuamos creando estos espacios para compartir y estar más cerca de la comunidad #ParaSerFelices 🙌🏽💙

@puntos_innova_tulua @infitulua",0,"09/07/2024 12:52",https://www.instagram.com/p/C_oNonav-lr/,"Secuencia de Instagram",,Total,6073,4451,217,40,1,2,3,
18043396003964655,17841402591799685,alcaldiadetulua,"Alcaldía de Tuluá","¡ENCUENTROS CON EL ALCALDE!💙🙌🏽

Gracias por hacer parte de estos espacios con nuestro alcalde @gustavovelezr ✅🙏🏻",2970,"09/06/2024 10:56",https://www.instagram.com/reel/C_lbjfAu0_N/,"Reel de Instagram",,Total,815,706,28,0,,0,0,
