Barrio,Mejora_barrio,Comuna
Nuevo Príncipe,zonas verdes,Comuna 5
La Paz,zación la paz q todos los niños sean felices,Comuna 10
La Paz,zación la paz más oportunidades,Comuna 10
La Paz,zación la paz más cultura,Comuna 10
El Centro,"z velez  infraestructura vial, mayor aprovechamiento del centro cultural, más actividades de integración con la comunidad",Comuna 4
Portales del Río,yo mejoraría la seguridad en el,Comuna 9
"",ya vamos vo en veteda,""
Bosques de Maracaibo,"ya se vive con temor de ser atracado o extorsionado, seguridad es lo que se necesita",Comuna 8
Guayacanes,"ya que lo convirtieron en un basurero, corregir esto y paimentarlo",Comuna 7
Popular,y sería bueno mejorarlo con más espacios de esparcimiento,Comuna 3
Progresar,y progreso,Comuna 6
Villa Campestre,"y para mejorarlo se necesita inversión y acción en las vías que están en pésimo estado, así como mejorar su seguridad",Comuna 1
Bolívar,y no hay cuadrante y no hay cámaras de seguridad! tampoco se cumple con el plan de seguridad que iban a colocar cámaras hd,Comuna 6
Pueblo Nuevo,y no haría nada para mejorarlo ya que me gusta mucho el ambiente donde resido,Comuna 6
El Príncipe,"y mejoraría sus calles, muchos huecos por donde ha pasado el gas domiciliario",Comuna 5
La Graciela,y mejoraría la iluminación,Comuna 9
Guayacanes,y mejoraría el botadero indiscriminado de basura ya que esto se presta para robos y que consumidores de alucinógenos,Comuna 7
Fátima,y maracaibo,Comuna 1
Aguaclara,y hay mucha delincuencias muy peligrosos  hay que poner cámaras de seguridad en los postes,Comuna 10
La Graciela,y haría un cai,Comuna 9
Rojas,y apoyar a los jóvenes con recreaciones,Comuna 7
Guayacanes,volver a 7 canchas menos peligroso,Comuna 7
"",volvemos a lo mismo taparia todos los huecos y si pudiera acabaria con todas esas ratas de dos patas,""
Las Nieves,vivo en las nieves y ningun alcalde a sido capas de pavimentar por la carrera 9a oeste conser que mi niño.y yo somos personas mui,Comuna 7
"",vivo en el corregimiento de la marina me gustaría poder insetibar alas personas para que tuvieran más amor por las áreas en común,""
"","vivo en el campo,pero todo lo compro en tulua",""
"",vivo en el  el  paraiso . ser un veedor y terminar de darle un mejor aspecto a la cancha de futbol. embellecerla.,""
"","vivo en casa arrendada y he estado en varios s. haría actividades de carácter ludico, como pintura, recreativo y social con los niños",""
"",vivo a las afueras de tulua pero trabajaría mucho en lo social y la seguridad,""
"","villa margarita, sembrar más arbolitos",""
"",villa de las palmas 2da etapa,""
"",villa de las palmas 2 la entrada no está pavimentada y es un peligro,""
"",villa  margarita parque mas iluminados para así no tener delincuentes escondidos,""
Prados del Norte,vigilancia de las autoridades  prados del norte,Comuna 7
Farfán,"viejo, el tema de las basuras porque muchos han tomado las calle como basurero",Comuna 7
Farfán,viejo,Comuna 7
Nuevo Príncipe,vias sin pavimentar,Comuna 5
"",vías,""
Alvernia,vernia. apoyar con recursos la seguridad. requerimos autoridad estratégica para todo tuluá,Comuna 2
Alvernia,"vernia, seguridad en la parte de atras del nazaret y vias en mal estado, la paso ancho y una cuadra antes del colegio nazaret",Comuna 2
"",vereda el picaho,""
"","vereda cienegueta, informar más a las personas q no es un lugar donde habita la guerrilla y q es muy tranquilo pero por acá ni domicilios  (",""
"",veraneras   más actividades deportivas y culturales para la población en general,""
"",urbanización san francisco  que la policia colabore para que lod drogadicto no consuman sustancia frante a la gente que no consumen,""
"","urbanización maría clara, pavimentar las calles y organizar los parques.",""
La Villa,urbanización la villa,Comuna 3
"",un teleférico desde la marina.se daría un salto de progreso como lo puede tuluá.solo es voluntad y proyección urbana.tuluá  puede.,""
Los Olmos,un poco más de iluminación en las calles y parques,Comuna 7
El Centro,uevo farfan.mejorar la atención en el centro de salud.dar las citas personalmente.la linea de waza del hospital no funciona,Comuna 4
Nuevo Farfán,"uevo farfan , la calle 20 es una calle vieja y no la paimentan es triste ver tanto años y seguimos con pantano y polvo",Comuna 7
Rubén Cruz Vélez,ubén cruz vélez que hubiera mas espacios de recreación para los jóvenes y niños compartieran en familia,Comuna 7
"",trinidad un par que para los niños,""
"",trinidad  -   seguridad,""
Bosques de Maracaibo,"tres polideportivos y ninguno tiene cubierta para que los niños ,jóvenes y adultos ocupen sus espacios libres en esto",Comuna 8
"",tres esquinas  seguridad carretera  aseo,""
Flor de la Campana,"trataría de que el estado estuviera presente con programas de atención a jóvenes, para protegerlos de la droga",Comuna 8
Popular,trataría de conseguir que arreglen el parque del  pues está muy desmejorado,Comuna 3
"",trabajo de socialización en lo ambiental por ejmplo,""
"",trabajo comunitario. no hay civismo.,""
"",trabajar más con las familias,""
"",tomas uribe. más trabajo y comercio empresarial.,""
"",tomás uribe no se personalista la junta comunal no hay deporte ni  ejercicios para la gente joven entre la calle 19 hay un polideport,""
"",tomas uribe hay muchos chirretes locos en las calles,""
"",tomas uribe combatir el microrafico,""
"",tomas uribe - rebajar el costo de los servicios publicos,""
"",todo lo alusivo al mantenimiento y ampliación de equipos en los parques.utilizar la viá férrea para hacer transporte público y teleférico.,""
"",todo en equipos gimnasios y mantenimiento.,""
"",todo,""
Aguaclara,"toda principal hay muchos marihuaneros, mirando mal robando y hurtando",Comuna 10
La Campiña,"tener una jac que funcione adecuadamente sin corrupción ni intereses particulares sino generales, seguridad y orden público",Comuna 7
Nuevo Farfán,tener mejor atención del alcalde caresemos de eso,Comuna 7
Las Olas,tener honestidad y respeto por la naturaleza 🏞️,Comuna 4
El Bosque,te en bosques pokevivia  enplayitas  y meses pasaron de aya  era líder  social   poreso me sacaron lome jor sería cavar con esa gu,Comuna 3
Villa Campestre,tapar los huecos en las callles,Comuna 1
Buenos Aires,tal vez pavimentar algunas calles y tener más zonas verdes,Comuna 6
La Santa Cruz,ta cruz . mucho consumo y venta de estupefacientes  y falta pavimentación en la parte baja del,Comuna 3
Bosques de Maracaibo,"sques de maracaibo, no restablece los derechos de los niños niñas y adolescentes que estan alli, una problematica",Comuna 8
"",socialización,""
"",siembra de arboles,""
Los Olmos,si  pudiera le colocaría máquinas en el parque para hacer ejercicio,Comuna 7
Salesiano,"servicios públicos más económicos, más actividades de cursos para adultos y niños",Comuna 5
Villa Liliana,sería bueno que se pavimenten las calles,Comuna 7
"",ser más amigable,""
"",señalizar las vias,""
Buenos Aires,señalizacionvial,Comuna 6
Bolívar,señalizaciones y tapar huecos,Comuna 6
El Jardín,señalizacion vias y vigilancia policial,Comuna 9
"",señalización vial,""
La Graciela,señalizacion en las calles,Comuna 9
El Lago,"señalisacion ,policía acostados  es un corredor para uceva velocidad, cambiar luz amarilla por la blanca el cruce paso ancho semafo",Comuna 5
"",sembrar más árboles y mejorar las vías vehiculares,""
Santa Isabel,sembrar arboles,Comuna 8
"",seguridad.en más iluminación y mejores implementos de máquinas biosaludables y control policial.,""
Nuevo Príncipe,seguridad. vias sin pavimentar. servicios públicos excesivamente caros,Comuna 5
"","seguridad,calles restauradas,parques temáticos,autoridad al cuidado de lis ciudadanos y no chateando.",""
Victoria,"seguridad, pavimento, semáforos carrera 34 con calle 28, todos los días accidentes, prohibir las motos ruidosas. limpieza parquea",Comuna 1
"","seguridad,   via a tres esquinas",""
Sajonia,seguridad y normalizar tarifas de servicios publicos,Comuna 5
"",seguridad y mejor centro de salud.,""
"",seguridad y cámaras para saber que actos y quien es la persona,""
El Refugio,seguridad más policia,Comuna 8
"",seguridad general caminamos con miedo con sosobra escuchamos una moto y el corazón se agita,""
"",seguridad en cuanto al monitoreo constante de patrulla motorizada ya que los que andan en moto se toman la zona cada 8 días,""
El Bosque,seguridad convivencia social,Comuna 3
"",seguridad,""
Aguaclara,seguridad,Comuna 10
Popular,seguridad,Comuna 3
Sajonia,seguridad,Comuna 5
San Pedro Claver,seguridad,Comuna 6
Victoria,seguridad,Comuna 1
Santa Rita del Río,segunda etapa,Comuna 3
Aguaclara,seguiré aportando desde mi formación actividades para mantener la mente de los niños ocupada,Comuna 10
"","sector del río tulua, entre calle 29 y carrera 29. colaboraría con la siembra y mantenimiento de árboles.",""
La Esperanza,sea más seguro y más ayuda en infraestructura,Comuna 6
"","santa rita, pavimentación de las calles con ese polvero quien va a estar feliz",""
"","santa rita etapa dos , pavimento",""
"",santa rita 1 que terminen de paimentar las calles que faltan muchos años y nada,""
"",santa rita  el encierro del polideportivo,""
"",santa inés. luminacion y más seguridad para el tema de emociones de ruido y más control policial.,""
"",santa inés segunda etapa.  mejorar la calidad de vida de los ciudadanos instalando programas artísticos cercanos al .,""
"",santa inés limpieza y encerramiento de lotes abandonados donde arrojan toda clase de basuras y traen mascotas hacer necesidades y no recogen,""
"",santa ines ... la seguridad,""
"",san vicente  mejoraría que tengan control con los habitantes de calle que no hagan sus necesidades en los andenes,""
San Pedro Claver,san pedro clare,Comuna 6
"","san gabriel, la movilidad de los jóvenes en las motos ya que realizan piques y levantan las motos ocasionando intranquilidad y el consumo",""
"",salida sur,""
Alvernia,sacar a todos los indigentes que deambulan x nuestro  haciendo sus necesidades en nuestros antejardínes. y robando lo que ven,Comuna 2
Salesiano,s.mas seguridad y control de vehículos en andenes,Comuna 5
Salesiano,"s, los lugares donde expenden licor y ocupan los andenes",Comuna 5
Diablos Rojos,"s rojos, lo único que mejoraría esos niños que salen casi a la media noche a molestar tocando puertas y salir corriendo",Comuna 7
Salesiano,s mejoraría la seguridad es un  que se torna muy solo en siertos horarios del dia aunque la policía hace una buena labor falt,Comuna 5
Morales,s de san felipe,Comuna 3
Salesiano,s  orden vía principal cr 26 nada carteles y cadenas sobre la vía esta es pública y los negocios se la toman,Comuna 5
Casa Huertas,s  no tenemos ningún parque para la familia las chatarrerías generan plagas y la ladrillera contaminación   deben ser reubicados,Comuna 3
Salesiano,s  mejoraría el tema de algunas calles que están muy deterioradas y causan muchos accidentes,Comuna 5
Salesiano,s,Comuna 5
"","ruben cruz, mejoraría los parques",""
"","rubén cruz, es un  muy tranquilo",""
"",rubén cruz .  mejoraria  el ruido y la contaminación.  debido al alto fluido vehicular .,""
Popular,"ridad del  popular. colocar cámaras en la casa,para observar y grabar los incidentes qué ocurran",Comuna 3
Fátima,ría la seguridad de el  nuevo fatima,Comuna 1
Victoria,ria  apoyo a los emprendimientos,Comuna 1
Alvernia,revisar la facturacion de los servicios publicos,Comuna 2
Panamericano,reubicar bares y discotecas cercanos,Comuna 1
"",retiro más convivencia con los vecinos  apoyo y comunicación,""
La Bastilla,"retirar basura, escombros y venta de sustancias psicoactivas en la orilla del río",Comuna 5
Rojas,respeto en el uso de equipos de sonido pues nos altera al punto de estrés. obligándonos a cerrar puertas y ventanas para mitigar el so,Comuna 7
Las Delicias,respeto a las normas de tránsito,Comuna 6
Villa Campestre,reparchar las calles,Comuna 1
Fátima,reparar calles,Comuna 1
"",reforzar la seguridad,""
Estambul,reductores de velocidad,Comuna 3
Tomás Uribe Uribe,"realizaría una campaña de cultura ciudadana, para retomar los buenos  principios y valores. crear una etica social",Comuna 4
El Cóndor I y II,r 2 y terminaría nuestro parque,Comuna 3
Las Nieves,quitar tanto ruido en las noches,Comuna 7
Buenos Aires,que todas sus calles estuvieran pavimentada,Comuna 6
"",que tenga mejor alumbrado publico,""
Bosques de Maracaibo,que seamos una comunidad más unida,Comuna 8
El Bosque,que sea brillar la paz y el amor no el miedo y la sosobra o temor,Comuna 3
Bosques de Maracaibo,"que se hicieran eventos importantes, bosques es una ciudadela prácticamente",Comuna 8
La Villa,que se acabe el consumo de los residentes a las sustancias sicoactivas,Comuna 3
"",que quiten los antejardines que algunos habitantes de este sector colocaron en las zonas peatonales,""
Samán del Norte,que los vecinos dejarán de trancar las calles con sus carros estacionados,Comuna 9
Nuevo Farfán,que hubieran lugares donde poner la basura para que los animales no la boten,Comuna 7
Portales del Río,que hubiera más control con la gente q consume sustancias,Comuna 9
Nuevo Príncipe,que haya más seguridad,Comuna 5
La Villa,que haya  un programa de reciclaje y botaderos de basura en el mismo conjunto,Comuna 3
La Villa,que hay una caseta comunal y no cumple con su finalidad solo es para alquiler y no realizar programas imder y la casa de la cultura,Comuna 3
Bosques de Maracaibo,"que en los parques, sean más iluminados y pasas de seguido la policía, hay inseguridad",Comuna 8
Samán del Norte,que el parque sea biosaludable,Comuna 9
"",que allá más presencia de la policía,""
San Pedro Claver,q se termine rápido el arreglo del parque,Comuna 6
Villa del Sur,q los entes tengan más cine al parque las novenas,Comuna 7
Bosques de Maracaibo,pues en mis manos no está mejorar las calles en mal estado y la iluminación pero me gustaría eso,Comuna 8
"",programas de formación y capacitación,""
Escobar,"procuraría que los rresidentes empaquen los residuos de los alimentos aparte de los restos de papel, plástico, metal, vidrio",Comuna 4
Escobar,procurar asfaltar la calle 24 y que se haga algo con los terrenos abandonados pot sus ptopietarios,Comuna 4
"",principe. señalizacion de pares,""
"","príncipe, señalización y mejorar la movilidad, la calle no es parqueadero.",""
"","príncipe, seguridad, mayor presencia de policía, pero que paren a las personas y las requisen,  no solo parados en las esquinas chateando",""
"","príncipe, la seguridad y las señales de tránsito",""
"","príncipe,  control de gastrobares",""
"",principe semáforos,""
San Carlos,príncipe,Comuna 5
"",porvenir mejoraría la.seguridad,""
"","portal de san felipe, mejoría la iluminación de la entrada y como queda la entrada del colegio haría q estuviera limpio y podado siempre",""
"","portal de san felipe,  frente a la avicola a la chica , via a 3 esquinas . intervención zonas verdes y reductores de velocidad",""
"",portal de san felipe la iluminación y seguridad,""
"",portal de san felipe  más seguridad  que haya control de equinos,""
"","por un cuartel de policías. se parquean muchos carros y nadie sabe quiénes son, no los revisan o requisan",""
"",por un cuartel de policía,""
Victoria,"por ser un  de los más antiguos ya hay poco para mejorarlo, darle pequeñas reformas como aprovechar los pequeños espacios",Comuna 1
Aguaclara,"poner mas orden y controles de guardas de transito, cambiar las luces de los postes por luces led blancas e iluminaria lo oscuro",Comuna 10
Fátima,poner cámaras y alarmas comunitarias y mas iluminación,Comuna 1
San Antonio,pondría un semáforo en la carrera 28 a con 15 por que hay alto índice de accidentalidad,Comuna 3
El Palmar,planes y programas para la ocupación del tiempo libre en los jóvenes,Comuna 9
"","pienso q deberían tener en cuenta otras ciudades más grandes,  medellin y empezar a embellecer a tulua con grafitis por la ciudad",""
La Villa,pero el  vecino hace que nuestro  sea visto como una olla yo volvería urbanización y lo cerraría como la villa,Comuna 3
"","peñaranda, tener un parque y organizar las calles",""
"",peñaranda y acabar las carretillas da pesar como maltratan los caballos,""
El Príncipe,"pe,una campaña para haya más silencio",Comuna 5
"",pavimento de la calles,""
"",pavimento,""
Aguaclara,pavimentar toda la carrilera,Comuna 10
Guayacanes,pavimentar las las calles y.carreras que aun faltan ase falta.unpuesto de salud y una mejor bijilacia policial,Comuna 7
"",pavimentar las calles que faltan,""
"",pavimentar las calles,""
El Bosque,pavimentar la única vía que falta en la entrada entre la cárcel y el bosque,Comuna 3
Las Nieves,"pavimentar calles, control con tránsito la gente estaciona mal y no dejan circular. rondas de la policía ya que no lo hacen",Comuna 7
"",pavimentar,""
Buenos Aires,"pavimentación, señalizacion de las vías, enbellecimiento de sus parques con bancas y zonas de diversión y deporte",Comuna 6
Buenos Aires,pavimentación de.emi cuadra para disfrutar conmi familia y vecinos,Comuna 6
El Retiro,pavimentación de una parte de la calle. colocaría reductores de velocidad,Comuna 1
"",pavimentacion,""
"",parte vivienda recuperación de puntos críticos residuos sólidos   este reiclajes damosbonoa alimentos colocamos bodegas maquinarias comunita,""
"","parques,seguros donde las familias puedan departir,calles bien asfaltadas,muchos huecos,supermercados cerca,actividades lúdicos recreativas.",""
Panamericano,parques o espacios verdes para compartir,Comuna 1
Aguaclara,parques deportivos donde la comunidad en general encuentren un espacio cerca de su cuadra y no tengan que desplazarse tan lejos,Comuna 10
Las Delicias,parece que no hay jac,Comuna 6
Victoria,"para mejorarlo un poco, sería reparar el pavimento de vías, pero eso sale costoso y ustedes suben cotos, para el peculado",Comuna 1
"",palmar mas union con los vecinos,""
"",palivoniti,""
La Independencia,pacidad económica  en serranía el polideportivo del  la independencia ya que an ávido varios asistentes con los fu gad,Comuna 8
Villa Campestre,pa imentos de mi,Comuna 1
Franciscanos,os k lo pavimenten por un lado y la seguridad la integración de los jóvenes los niños hacer de sus vidas un mejor bienestar,Comuna 2
"","ornato , embellecimiento y alumbrando publico",""
La Villa,organizar el parqueadero,Comuna 3
Popular,"opular. mejorar la movilidad cerca a la cárcel, es caótica de noche e intervenir los parques con más iluminación y limpieza",Comuna 3
Horizonte,"onte y me gustaría que nos apoyarán con el arreglo de parque el horizonte,se que toda la comunidad de alrededor nos apoyarían",Comuna 8
"",olmos  seguridad,""
Progresar,"ogresar , el alumbrado",Comuna 6
La Rivera,"o, la rivera  las calles están sin pavimento, los parqueaderos en la calle no dejan transitar libremente",Comuna 1
Palobonito,o,Comuna 4
La Esperanza,"nza, generaría espacios de sano esparcimiento para la población",Comuna 6
La Esperanza,"nza y urge la poda de unos árboles que generan inseguridad, cra16 entre clle 26a y 26 c de la esperanza, ya huno intento de robo",Comuna 6
"",nuestro parque infantil que está abandonado lleno de malesa tirado a olvido,""
La Quinta,"nta, más unión de vecinos",Comuna 7
La Santa Cruz,nta cruz vía la marina,Comuna 3
Salesiano,nos predicar su palabra dise el el rey de la gloria dise arrepentidos y bautizos en el nombre de jesucristo para perdón de lo,Comuna 5
Bosques de Maracaibo,nos falta parques para nuestros niños seguridad y las vias,Comuna 8
La Villa,"normas claras de convivencia  0 ruido, levantar popo de mascotas",Comuna 3
"",no vivo en tulua pero voy mucho por allá de compras,""
"",no permitiría que en mi  haya negocios donde expenden licores y pongan música a muy alto volumen a muy altas horas de la madrugada.,""
La Bastilla,no debería haber negocios que hagan tanta bulla pueden ubicarse en zona industrial,Comuna 5
Fátima,nesecitamos hacer un frente de seguridad entre todos los vecinos y hacer más actividades para los niños en este,Comuna 1
La Independencia,ndencia,Comuna 8
"",nariño. canchas y parques,""
"",nariño,""
Nuevo Príncipe,nadie socializa con nadie,Comuna 5
Flor de la Campana,nada todo esta bien,Comuna 8
"",nada,""
La Esperanza,nada,Comuna 6
San Antonio,nada,Comuna 3
Buenos Aires,n hay varias calles si paimentar  buenos aires,Comuna 6
Victoria,mucho habitante de calle,Comuna 1
Villa Campestre,mucha  pólvora en diciembre eso perturba la tranquilidad de todos  y las vías están en muy mal estado,Comuna 1
Victoria,"mmmm unos vecinos que no saben el respeto por su entorno, ponen música a todo volumen",Comuna 1
La Paz,"minación, lla pavimentación de las carreteras y la seguridad",Comuna 10
Villa Liliana,mi cuadra es la única que está sin paimentar y nos afecta mucho cuando llueve mejoraría el parque y la seguridad,Comuna 7
La Esperanza,"mi casa hay una cortadora de madera en la esperanza por la vía río frío, hace demasiada bulla y entra demasiado polvillo",Comuna 6
Progresar,menos ruido en las casas cuando hacen fiestas no dejan dormir,Comuna 6
Panamericano,menos ruido,Comuna 1
"",mejores parques biisaludabled,""
"","mejoraría que los niños que vi crecer dejen de estar expuestos al microtrafico, que la cultura y el deporte llegue. que no haya más sangre",""
Progresar,mejoraria más la seguridad y el aseo,Comuna 6
Asoagrin,mejoraría los parques y mejoraría la seguridad,Comuna 3
Maracaibo,mejoraria los parques mas limpios y seguros,Comuna 9
San Pedro Claver,mejoraría los parques más bancas y más motivados en la recreación y integración familiar y amistades,Comuna 6
Guayacanes,"mejoraría las calles, las pavimentaria",Comuna 7
San Benito,mejoraría las calles ya que genera angustia tener que entrar a tu casa en medio de barro y tierra,Comuna 1
Marandúa,mejoraría las calles tienen huecos,Comuna 6
San Pedro Claver,mejoraría la vigilancia,Comuna 6
Aguaclara,mejoraría la vía de la carrilera,Comuna 10
Villa del Sur,mejoraría la situación de los parques,Comuna 7
Victoria,mejoraria la señalización,Comuna 1
Victoria,mejoraría la seguridad,Comuna 1
San Antonio,"mejoraría la cancha deportiva y como queda cerca el parque de los sueños,haría un control de ese parque para q dejen tanto consu",Comuna 3
La Santa Cruz,mejoraría el ruido los vecinos no respetan ponen el equipo a todo volumen y no limpian el popo de las mascotas,Comuna 3
Sajonia,mejoraría el parque chilicote. convirtiéndolo en un sitio espectacular digno de visitar en familia,Comuna 5
Marandúa,"mejoraría el parque ,con botes de basura, juegos para que nuestros hijos tengan un lugar ,dónde recrearsen,y la seguridad ante tod",Comuna 6
Salesiano,mejoraria el acercamiento con los vecinos,Comuna 5
Bosques de Maracaibo,mejorar que no hagan tanto ruido en las noches,Comuna 8
San Benito,mejorar más programas educativos y de formación en las casetas comunales,Comuna 1
El Retiro,"mejorar las vías, controlar los establecimientos comerciales, los vehículos mal parqueados y el ruido",Comuna 1
Rojas,mejorar las vías en general demasiados huecos y baches,Comuna 7
Alvernia,mejorar la separación entre comercial y residencial. fue  residencial y permitieron la inclusiónde establecimientos comercia,Comuna 2
Alvernia,mejorar la presencia de las entidades oficiales. aprovechar los parques para actividades culturales y restaurarlos,Comuna 2
Chiminangos,mejorar la infraestructura vial señalizar las vías más acompañamiento de las autoridades por el consumo de estupefacientes,Comuna 8
"",mejorar la infraestructura de los parques y hacerlos más aprovechables con equipos de ejercicio corporal.,""
La Trinidad,mejorar la delincuencia venta de vicio y consumo,Comuna 9
Alvernia,mejorar la convivencia,Comuna 2
Guayacanes,mejorar la calle,Comuna 7
Fátima,mejorar la avenida gaitan,Comuna 1
Alvernia,mejorar el tema vial,Comuna 2
Lusitania,mejorar el sentido. de pertenencia,Comuna 5
Municipal,mejorar el aspecto de mi local porque los vecinos están de acuerdo porque eso es desarrollo para el  con el local cerrado,Comuna 8
Samán del Norte,"mejorar el acceso en las vias y un reordenamiento vial, es uno de los s con mayor accidentalidad del municipio",Comuna 9
"",mejorar condición de la vías de acceso,""
Progresar,mejoramiento de vías para la movilidad,Comuna 6
Rubén Cruz Vélez,mejoramiento de caseta comunal y la atención al usuario en el hospitalito rubén cruz,Comuna 7
"","mejora de espacios públicos para esparcimiento, mejora de vías, respeto a los sentidos viales, prohibir los piques y competencias vias barri",""
El Jardín,me ha gustado mucho el,Comuna 9
"",me crié en tuluá pero viv9 en cal8,""
"","mayor acompañamiento policial,  zonas libres de consumo de drogas",""
Progresar,matorral que está sobre la carrera 18 a progresar y hagan un parque para niños y adultos,Comuna 6
Aguaclara,más vigilancia,Comuna 10
Las Américas,más unión entre vecinos,Comuna 7
La Esperanza,más unión,Comuna 6
La Esperanza,"más transporte publico, más comercio y más seguridad",Comuna 6
Prados del Norte,"más seguridad, mucho desadstado y el vicio no tiene control en las calles. mucho mariguaneros. en las calles y parques",Comuna 7
"",más seguridad y controlar tanto consumidor de estupefacientes en los parques también controlar a los dueños de los perros que hacen popo y n,""
Chiminangos,más seguridad,Comuna 8
San Pedro Claver,mas seguridad,Comuna 6
Bosques de Maracaibo,más respeto y convivencia,Comuna 8
El Paraíso,"más recreación familiar las iluminación, supermercado y más seguridad policial",Comuna 10
Farfán,más rampas,Comuna 7
Chiminangos,más presencia de policía porque hay mucho vendedor de vicio,Comuna 8
Popular,"más presencia de lapolicía, se ve mucho consumidor de vicio por esta zona que viene de la casona",Comuna 3
San Pedro Claver,"más presencia de la policía, mucho habitante de calle y robos en las casas",Comuna 6
"",más oportunidades,""
Aguaclara,más obras de infraestructura y empleo,Comuna 10
Nuevo Príncipe,más medios de trasporte,Comuna 5
"","más luz,espacios para ventas y seguridad",""
"",más limpio,""
La Herradura,más iluminacion,Comuna 6
"",mas entretención,""
Playas,más cultura ciudadana,Comuna 6
Las Delicias,más convivencia social y vigilancia policial sobre todo en la noche no se ve una patrulla ni para remedio,Comuna 6
San Pedro Claver,más compromiso con parques están abandonados no hay zonas de recreación.. so zonas de excrementos de perro y consum,Comuna 6
Villa del Sur,más brigadas de salud y cine al  parque,Comuna 7
Céspedes,más aseo en las calles,Comuna 2
Victoria,más aseo de las calles.  cultura ciudadana,Comuna 1
"",maria clara nariño y pavimentaria sus calles,""
"",máquinas e instructores de guia.,""
"","mantenimiento a todos y maquinaria para todos.como ningún otro lugar de colombia.hay plata unido con proyección,la llave completa.",""
"",manejo de los residuos,""
Fátima,"malla vial y transformación del parque de la familia  para que sea un espacio que fomente la cultura, el deporte y el turismo",Comuna 1
Rojas,"malla vial calle 22, es un caos todo el tiempo. convertir una sola vía y destapar vía en la calle 23, continuidad",Comuna 7
"","ma policía patrullando, se demoran mucho en pasar de nuevo.",""
La Paz,lvidado la parte de iluminación pública,Comuna 10
Victoria,"lugares de interés , lugares bonitos",Comuna 1
Villa Colombia,luces en los parques obras de arte sobre la transversal pero no fieros o latas de malas formas el arte da censaciones buenas,Comuna 9
San Antonio,"los vecinos poner sus equipos a altos volúmenes, en especial, después de las 8pm. san antonio. señalización en la vía principal",Comuna 3
"",los servicios,""
"","los parques.mas equipos,luz y mantenimiento.debe ser el orgullo de cada sector.",""
"",los parques.estan descuidados y requieren equipos.mas atención seria gratificante.,""
La Esperanza,"los parques, más señalización  soy del  la esperanza de tulua",Comuna 6
Las Nieves,los parques para los niños,Comuna 7
"",los parques deben contar con equipos biosaludables,""
San Pedro Claver,los parque hacer gimnacio para los adultos,Comuna 6
Alvernia,los huecos en las calles y la inseguridad,Comuna 2
"",los huecos en las calles,""
"","los habitantes de calle indigentes,  personas que reflejan desorden, abandonado, negligencia y deficiente administración del alcalde",""
"",los contadores  y pavimento,""
"","lomitas, pavimentación de calles",""
La Paz,"lomitas realizaría la pavimentación de varias cuadras, entre ellas la cra 46 y cra 45",Comuna 10
"","lomitas , señalizacion y pavimentar calles que están en tierra",""
"",lo primero que yo quiero es como líder qué meayudaran a terminar el polideportivo ese es mi más grande anhelo,""
La Graciela,lo mejoraría ayudando a concientizar a la gente que cuiden el río y la fauna que hay a sus alrededores,Comuna 9
"",lo  ideal los juegos biosaludables y su mantenimiento permanente.,""
Nuevo Príncipe,lles (pavimentar) nuevo príncipe,Comuna 5
"",llegar aser más unidos con la comunida,""
Miraflores,limpieza en los alrededores del colegio gimnasio (llevan basuras),Comuna 1
La Villa,"limpieza , camaras en buen estado",Comuna 3
"",limpieza  control del ruido  organización de víasy señalización de las mismas,""
"",limpieza,""
Salesiano,"limpiarla las zonas verdes, retiraría los depósitos de basura que deja. los habitantes de calle",Comuna 5
"","limonar, pavimento",""
Villa Liliana,liliana me gustaría mejorar los parques ya q contamos con los espacios de zona verde pero faltan juegos para los pequeños,Comuna 7
Salesiano,"lesianos- mejorar las luminarias, públicas desplazar la mendicidad y habitantes de calle",Comuna 5
La Paz,"legre, le faltó un tramo a la pavimentada entrando al corregimiento",Comuna 10
La Esperanza,le haría el polideportivo para que los niños y los adultos mayores tengan un espacio para ellos,Comuna 6
"",laureles  no se puede hacer nada porque ya no hay ley para los que no dejan dormir  sábado  domingo y días de fiesta con el volumen,""
"",las zonas verdes  estan muy abandonadas,""
"",las vías.....es un barrió completa mente abandonado por las instrucciones.... ni la policía va,""
Entre Ríos,"las vías, el parque y los alrededores del río",Comuna 2
"",las vías son pésimas y se pagan el predial bien alto,""
Chiminangos,las vías estan en mal estado,Comuna 8
"",las vías en muy mal estado,""
El Bosque,las vías de acceso a este  y el bosque están sin pavimentar y hay mucha piedra,Comuna 3
"",las vías,""
Aguaclara,las vias,Comuna 10
Palobonito,las señalización de sus calles  control a personas de calle ( aseo . alimentación.y salud),Comuna 4
"",las ediciones abandonadas y la vigilancia por parte de la policía que en verdad brillan por su ausencia.,""
"",las carreteras,""
El Lago,las calles,Comuna 5
Rubén Cruz Vélez,las calles,Comuna 7
Guayacanes,las ca lles que falta por el paimentar,Comuna 7
"",las  vias aledañas,""
Aguaclara,"lara ,acondicionar los callejones",Comuna 10
Aguaclara,lara  en)  las oportunidades,Comuna 10
Popular,"lar, y que le cambiaría la casona",Comuna 3
"",la vía de accsey,""
Bolívar,la verdad es un muy buen  para vivir,Comuna 6
"",la seguridad...todo tulua esta en manos de la delincuencia,""
"","la seguridad, haría pavimentar las calles",""
Nuevo Farfán,"la seguridad,  los escenarios  deportivos el arreglo de los parques y gestionar pavimento  y repavinento",Comuna 7
"",la seguridad y las vías públicas,""
Pueblo Nuevo,la seguridad y hacer talleres educativos y recreativos para nuestros niños y que el parque mantiene vacío por el miedo a salir,Comuna 6
El Bosque,la seguridad en ese  es fatal,Comuna 3
"",la seguridad,""
Maracaibo,la seguridad,Comuna 9
Nuevo Príncipe,la seguridad,Comuna 5
Pueblo Nuevo,la seguridad,Comuna 6
Aguaclara,la segurida la cultura de las personas,Comuna 10
Alvernia,"la movilidad es un caos,vivo frente al edificio vitta y parquean carros al lado y lado siendo está un calle principal",Comuna 2
"",la movilidad,""
"",la moralia,""
"",la maeina,""
Bosques de Maracaibo,la limpieza del popo de los perritos,Comuna 8
Bosques de Maracaibo,"la junta de acción comunal tiene el  un poco desamparado, está sucio y con basura",Comuna 8
Aguaclara,la inseguridad,Comuna 10
Victoria,la inseguridad,Comuna 1
Chiminangos,la inclusión social,Comuna 8
La Graciela,la iluminación y la seguridad,Comuna 9
Panamericano,"la iluminación es poca, falta señalización y preeencia de la autoridad. aún se hace piques de motos por este lugar",Comuna 1
La Herradura,"la herradura, por el parque donde está el saman, este se ha convertido en el campo donde traen las mascotas hacer sus necesidad",Comuna 6
La Herradura,"la herradura, pavimentar las calles",Comuna 6
"",la falta de controles de ruido,""
La Esperanza,la esperanza,Comuna 6
"","la empatia de la gente, ya que realizan fiestas fines de semana con musica a alto volumen",""
Fátima,la daría vida a la voley playa y haría eventos permanentes en el parque de la familia. y sobre todo haría un censo de mi,Comuna 1
"",la cultura ciudadana,""
"","la cruz, más actividades de integración, ayudar a los jóvenes que consumen drogas a mejorar la calidad de vida",""
El Bosque,"la convivencia,el respeto por el espacio de los demas",Comuna 3
San Luis,la convivencia falta respeto por el sueño del vecino,Comuna 8
"",la carrera 30....las calles les falta pavimentación y orden sobre esa carrera tan principal de la ciudad,""
"",la calidad de las vías y más zonas verdes,""
"",la bulla de los vecinos,""
Progresar,"la bulla ,es demasiada aveces hasta tres días seguidos con un equipo sin parar prendido",Comuna 6
El Príncipe,"l parque del príncipe ya es obsoleto, se podría crear unos reductores de velocidad en este para evitar los piques que se realizan",Comuna 5
Fátima,"kr 34 con 34, reductores. es un cruce muy accidentado. muy poca presencia de policía. se ve grupos de hombres en horas de madrugada",Comuna 1
Fátima,kay de policía en el parque de la familia,Comuna 1
Fátima,k en el parque de la flia coloquen aparatos para k podamos hacer ejercicios los mayores,Comuna 1
Miraflores,"junta de acción comunal miraflores pavimentar el tramo de la carrera 37,correspondiente entre la calle 32 y calle 33",Comuna 1
"","jazmín, mejoraría el flujo vehicular ya que los camiones se estacionan en la 40 en los talleres y no permiten la visibilidad de los carros",""
"",jazmín y mejoraría el tránsito vehicular,""
"",jazmin tendría que sacar del  varios focos de  personas que nos están quitando la tranquilidad,""
"",jazmín mejoraría la facilidad de acceso al  ya que las calles mantienen muy congestionada,""
"",jázmin,""
"",jasmin la cra40 lago este.mas control del ambiente redes de cloacas sr vrn respuestas  al ambiente rstudio para mejorar su calidad am,""
"",jardin sacar la junta comunal q mo sirve para nada,""
La Villa,"ización la villa , mejoraría las zonas de esparcimiento de los niños , las vías y la tenencia de mascotas",Comuna 3
El Príncipe,ipe. y en la carrera 26 con 39 se llenó de reciclado rea durmiendo,Comuna 5
El Dorado,ión el dorado. más colaboración de los vecinos para el bienestar del,Comuna 3
La Villa,"ión , cámaras, muro del rio, castigar a los q arrojan basuras, los q dejan los perros solos en cale, vivo en la villa",Comuna 3
Santa Rita del Río,ío creo q podría mejorarse en cuanto apariencia pavimentado las dos cuadras q faltan alrededor del polideportivo,Comuna 3
La Independencia,invertiría en educación y proyectos para jóvenes y familias,Comuna 8
Sajonia,"inversión en parques en iluminación, remodelación, espacios de juegos de niños",Comuna 5
"","invasión  las vegas campaña de salud, general para todos, niños, adultos mayores, citologías,y vacunas,las necesitamos, gracias 🙏",""
El Lago,intervenir el lago chilicote,Comuna 5
"",integración de los habitantes,""
"",infraestructura vial,""
"","independencia, correcta demarcación de las señales de tránsito, instalación de camaras de seguridad",""
Nuevo Príncipe,íncipe,Comuna 5
Maracaibo,"impulsaría el comercio, veo como cada mes cierran un negocio diferente, mejoraría la seguridad y las zonas comunes",Comuna 9
San Pedro Claver,implementar máquinas para hacer ejercicios en el parque del amor. controles policiales a los mariguaneros en los parques,Comuna 6
La Paz,imentos y ayudaría para que colocaran el agua potable,Comuna 10
La Paz,imentacion,Comuna 10
"",iluminación y mayor entretenimiento en los parques.,""
Rubén Cruz Vélez,iluminación y aseó del parque q las personas q sacan sus mascotas recojan sus eses y  sacar la basura el día y hora q es,Comuna 7
Rubén Cruz Vélez,iluminación en los parques,Comuna 7
"","iluminación de estadio, señalización vial y seguridad",""
"",iluminación,""
Bosques de Maracaibo,iluminación,Comuna 8
Villa Liliana,"illa liliana, seguridad en especial para los comerciantes",Comuna 7
Villa Liliana,"illa liliana, mejorar la señalizacion e implementar reductores, y tambien mas parques para niños",Comuna 7
Villa Liliana,illa liliana,Comuna 7
Villa del Río,illa del río. por medio de la junta de.accion comunal fomentar el trabajo asociativa,Comuna 1
Bosques de Maracaibo,"ibo, puntos de acopio, basuras y reciclaje, acompañamiento, para los niños y jóvenes.actividades culturales , recreación",Comuna 8
Bosques de Maracaibo,"ibo, más comercio",Comuna 8
Las Delicias,ias que allan más actividades deportivas para todos,Comuna 6
Victoria,ia,Comuna 1
Avenida Cali,i..... seguridad,Comuna 5
El Laguito,"hay probelmas de alcantarillado  , inundaciones cuando llueve",Comuna 5
El Bosque,haría recipientes para almacenar la basura y que no sea foco de contaminación visual,Comuna 3
Villanueva,"hacer actividades que favorezca a los habitantes de mi , organizar el parque y  gestión para reductores de velocidad",Comuna 3
"",hacer actividades deportivas lúdicas hacer trabajos para que esos jóvenes que se encuentran en los parques tenga un oficio que hacer o mante,""
"",hablar. con lod vecinos,""
Panamericano,hablar para tener más seguridad en el  contra los delincuentes,Comuna 1
Maracaibo,"grupos de apoyo, capacitaciones",Comuna 9
Nuevo Farfán,"gestonar pavimento, parques, escenario deportivo organizandolos",Comuna 7
La Esperanza,fortalecer la seguridad,Comuna 6
Farfán,"farfán, mejoraría las calles están en muy mal estado puede causar accidentes",Comuna 7
Farfán,farfán cambiaría la limpieza,Comuna 7
Las Nieves,falta terminar algunas calles y también ayudar a los perros y gatos que habitan en la calle,Comuna 7
Portales del Río,"falta educación cívica. hay vecinos ruidosos, mascotas que ensucian el parque, gente que bota basura, consumo de drogas",Comuna 9
Nuevo Príncipe,"falta acciones para  basuras sacadas frente a su casa, policía atienda alto volumen de equipos de sonido",Comuna 5
Rojas,factor inseguridad,Comuna 7
"",fachada de casas de color blanco,""
Pueblo Nuevo,"evo, mejoramiento en las vías y señalización en la carrera 19",Comuna 6
Diablos Rojos,"etapa 1, el ruido hay vecinos demasiado ruidosos que por lo general viven en alquiler",Comuna 7
"",estoy..en andalucia valle del cauca,""
"","estoy recién ubicada en el nuevo  villa de las palmas que está situado en la nueva ciudadela parque central, evacuar la balastrera",""
Alvernia,estimular el trabajo en comunidad el los parques,Comuna 2
La Campiña,establecer de nuevo una junta de acción comunal,Comuna 7
"",esperanza etapa 1. los equinos en la calle.,""
"",esperanza etapa 1. animales equinos en la calle.,""
Céspedes,éspedes aparte del caos total que representa la cra 30 han crecido demasiado talleres de autos y motos en la calle y andenes,Comuna 2
La Paz,espacios para capacitación  de niños jóvenes y adolescentes para que ocupen el tiempo libre,Comuna 10
La Esperanza,espacio de juegos para los niños,Comuna 6
Villanueva,ese puente mal hecho que nos perjudicó a todos,Comuna 3
"","es un  un poco inseguro ya que las personas no respetan que están en una vía pública, poniendo en riesgo a las demás personas.",""
Las Brisas,"es un  que durante años se ha solicitado el pavimento de las calles, y con el pasar de las décadas aun no se hace nada",Comuna 3
Céspedes,es un  muy tranquilo,Comuna 2
El Limonar,es necesario la pavimentación de la vías de acceso al . ya pagamos impuestos como para qué se lo siga robando,Comuna 7
Victoria,"es mi ...el manejo del tránsito,la seguridad para quienes habitan  al lado de fábricas",Comuna 1
Guayacanes,es más cámaras de seguridad,Comuna 7
"",equipos biosaludables.iluminación y seguridad.,""
"",equipamiento para trabajo fisico.iluminacion y seguridad.,""
"",entrerrios. convertir el lcorredor del jarillon en una zona verde protegida para salir a caminar tranquilamente todos los días,""
"",entrerios. me gustaria mas señalizacion en las calles,""
"","entrerios, mejoraría sus vías y la señalización",""
"",en urbanización san francisco poondria un cai en el farillon y sacaria tanto delincuente y drogadicto para que no contaminen mas niños,""
Avenida Cali,en tuluá,Comuna 5
"",en todos los s la seguridad,""
Fátima,en mi  y en todos obligaría a los presidentes de juntas a tener más acciones con su población y no solo a recibir dinero,Comuna 1
La Esperanza,"en la vía riofrío, esperando pronto la continuidad de la calle 27",Comuna 6
"",en la marina urbanización morante todo lo necesario para que nuestro alcalde nos construya el parquecito en la urbanización morante .,""
"",en el  la nueva holanda,""
La Paz,ela parque central (moreno tafurt). instalación de puestos de salud,Comuna 10
"",el transporte urbano.mas vigilancia en los parques para aumentar los viciosos y más precensia dela alcaldía con sus habitantes,""
Las Delicias,el sitio de la cancha al lado de la iglesia para actividades recreativas de niños,Comuna 6
Sajonia,el servicio de aseo.veolia es muy ladron,Comuna 5
Portales del Río,"el sector donde vivo es agradable, con buena convivencia",Comuna 9
Bello Horizonte,el ruido es insoportable cada ves se vuelve peor,Comuna 8
"",el parque y el polideportivo,""
"",el parque y el estadio muy están muy abandonados tanto por la comunidad como por la alcaldía,""
Sajonia,"el parque transformarlo que sea más familiar. colocar juegos, y los aparatos para hacer ejercicio. así evitar indigentes",Comuna 5
"","el manejo de las mascotas, demasiado ruidosas y no tienen control de sus amos para los desechos",""
El Lago,"el lago, más seguridad",Comuna 5
"",el escandalo,""
"",el encierro del polideportivo,""
"",el deliro la seguridad,""
"","el condor dos, mejoraria las luminarias, pavimentar la calle 13 c y traer juegos nuevos al parque",""
"","el comportamiento ciudadano, los vecinos bullosos que la autoridad los coloque en su sitio",""
El Bosque,el bosque sus calles están sin pavimentar,Comuna 3
"",el aseo,""
Popular,el alumbrado público.. el alcantarillado...y cambiar definitivamente el consejo comunal..ps nunca hacen nada por mejorar el,Comuna 3
Sajonia,"el  sajonia, después de las ocho de la noche considero que es bastante peligroso y no se ve monitoreado por la policía",Comuna 5
Popular,el  popular.. y que sean más limpios recogiendo el popo de sus mascotas,Comuna 3
Progresar,el  está muy dañado da pesar por que son jóvenes que lo han desmejorado,Comuna 6
Villa Campestre,e,Comuna 1
"",dotar y mantener los parques con maquinas.luz y seguridad.,""
El Paraíso,dios vivo en el  el paraiso donde ungran alcalde lo pavimento lo que vélez no avía hecho,Comuna 10
El Porvenir,"demarcar las  vías  y en la transversal 12 también . jardines zonas verdes., hacer un ugar grande para aprender música, baile",Comuna 7
Victoria,"demarcación de la señal de pare en cuadras, aumentar zonas verdes para diversión",Comuna 1
"",delicias y entornos peatonales seguros para niños y amcianos,""
"",definitivamente la vida barrial se agranda con equipos biomecanicos y buen alumbrado.dan confianza y utilidad social.,""
Marandúa,decirle a gente que unidos cambiamos a tulua,Comuna 6
San Luis,de san luis ordenaria la inseguridad y el aseo y la limpieza del césped del parque y el aseo de los residuos del hogar,Comuna 8
Río Paila,de río paila tratar de mirar cómo gestionar un parque para nuestra niñes,Comuna 8
Río Paila,de río paila más señalización peatonal para nuestros niños,Comuna 8
Morales,"de morales, el río morales hacerle el muro para evitar inundaciones",Comuna 3
La Graciela,de marcar bien las calles con sus normas de tránsito,Comuna 9
La Santa Cruz,de las autoridades  de policía o militares   santa cruz,Comuna 3
"","darle a la antigua terminal el cambio que merece tuluá.una obra que marque,la audacia,imaginación,belleza y utilidad de diseño y movilidad.",""
El Porvenir,d controlar más las drogas es el peor viros,Comuna 7
Victoria,ctoria haria q mejorar que la gente no sea imprudente con la caca del perro,Comuna 1
José Antonio Galán,creo que mi  dentro de lo posible está bien,Comuna 7
El Palmar,"creo que lo que ha presentado un aumento es la inseguridad en el , más apoyo a los comercios",Comuna 9
Victoria,creo que es un  muy agradable y la verdad no sé que mejorar está muy bien ubicado y es muy tranquilo,Comuna 1
Aguaclara,crearía mi propia escuela de fudbol y asi  nuestros niños y jóvenes puedan ocuparsen en el deporte,Comuna 10
"","cra 27 bis detrás de el colegio caldas,cerca parque infantil , más entretención,a las personas que residen,cursos etc",""
La Esperanza,"cra 14a con 26c1,26c3 ,estamos cansados de la bulla de los equipos de sonido a alto volumen",Comuna 6
"",corregimiento nariño,""
"",corregimiento mategudua. ayudar a seguir conservando la hermosa naturaleza con toda su diversidad que nos rodea,""
"",corregimiento falta iluminación por los lados del aeropuerto muy oscuro,""
"","corregimiento de nariño, activarla el sector comercial, para generar empleo a las personas  ya sean jóvenes y adultos",""
"",corregimiento de nariño tantas cosas que hay para hacer por este lugar los jóvenes son más los metidos en las drogas,""
"",corregimiento de la marina.de tulua lo.que avia.dicho control de animales popociando en.las.vias y parqués no es grato estar.ahi olores a po,""
"",corregimiento de bocas de tulua,""
Popular,cooperar para mantener limpias sus calles y que halla seguridad,Comuna 3
Victoria,"controlar los habitantes de calle, los consumidores de sustancias psicoactivas y sitios de expendio",Comuna 1
Bosques de Maracaibo,contar con un centro cultural como el de bosques de maracaibo y una ciudadela deportiva en el sector de la igles,Comuna 8
Marandúa,consumo de sustancias al aire libre,Comuna 6
Pueblo Nuevo,consumo de drogas,Comuna 6
Fátima,consientizar a la gente de  recoger los escrementos de sus mascotas,Comuna 1
"",consejo,""
El Lago,con el humedal del lago chillicotte. más protección a la fauna y flora,Comuna 5
Portales del Río,con acuerdos para mejoramiento de cada familia,Comuna 9
Villa del Sur,"cómo en otros sectores adecuar espacios de actividad saludable para el público bancas para quienes los visitan, e iluminación",Comuna 7
El Centro,"claver,  mejoraría la atención y el horario en el centro de salud de nuestro  más atención en la salud de los vecinos",Comuna 4
La Villa,ción la villa. sembraría más árboles en la ribera del río morales a su paso por el sector,Comuna 3
La Villa,ción la villa. que se construya el muro de contención del río,Comuna 3
La Villa,"ción la villa , el consumo de drogas",Comuna 3
La Villa,"ción la villa , aportar y participar  en alas actividades que se hagan dentro de ella",Comuna 3
El Lago,"cias, vigilancia constante en el lago por parte de la policía ambiental para control de tanto desadaptado y drogadicto que destruye",Comuna 5
El Lago,"cias, más vigilancia para el lago y que la policía ambiental permanezca en el cai para controlar y proteger este humedal",Comuna 5
"",centro.eso me permite decirle a la administración que eleve al máximo la zona del antiguo terminal.y un cable aéreo desde la marina .,""
"",centro. seguridad,""
La Merced,"ced, seguridad",Comuna 5
La Graciela,"casa comunal y realizar eventos culturales, de conciencia ciudadana, talleres varios, ferias emprendimiento. señalización vial",Comuna 9
San Carlos,carlos. construir verdaderos parques de recreación para los niños no los hay,Comuna 5
"",canchas deportivas en mi  no hay,""
"",campoalegre crearía un ciclo ruta tulua andalucia  vía tres esquinas con más dinamismo he inversión en seguridad y promoción,""
El Bosque,campañas educativas y programas sociales,Comuna 3
Popular,cambiar la junta que lleva muchos años y no se nota progreso en el,Comuna 3
Diablos Rojos,cámaras para que los dueños de mascotas recojan los excrementos de sus perros por qué los dos parques que hay solo son cargader,Comuna 7
Victoria,cámaras de vigilancia y demarcación de vias,Comuna 1
Alvernia,camaras de vigilancia,Comuna 2
"",calles sin pavimentar,""
"","calles sin huecos, todas las calles estan dañadas.",""
Aguaclara,callejon el diamante,Comuna 10
Aguaclara,"callejón 7 vueltas. falta parque para niños y abuelos,  mejorar la seguridad",Comuna 10
Tercer Milenio,calle 5c17-28 señales de pare,Comuna 8
"",call 26 a la. calle del sancocho la seguridad el  es.muy sólo,""
Quintas de San Felipe,"buscaría ayuda del municipio para mejorar la seguridad,el consumo de sustancias y la botadero de basura en el",Comuna 5
"","br av cali. inseguridad, aprovecharía y mejoraría el tramo del río desde la calle 34 hasta la cancha",""
El Bosque,bosque  que recibamos el apoyo de entidades competentes para la seguridad,Comuna 3
"",bocas de tulua via principal,""
Tomás Uribe Uribe,bicar los areneros y habitantes de calle,Comuna 4
"",balcones del empedrado,""
"",b/ santa rita pavimentación llll  para las calles que están en pésimo estado,""
Franciscanos,ayudar a mantener limpias las calles,Comuna 2
La Rivera,avimentación. y reubicación de la empresa maderas la rivera .debido a la contaminación ambiental y auditiva,Comuna 1
"",ave cali,""
"",av. cali mejorar las calles,""
Victoria,aumento de zonas verdes. puede ser un simple gym al aire libre,Comuna 1
Ciudad Campestre,aumentar las rondas de la policía,Comuna 1
El Lago,arreglo de vías de acceso y mejoramiento de las condiciones locativas del estadio 12 de octubre,Comuna 5
Fátima,"arreglo de las vías, y control sobre el parque de la familia",Comuna 1
Victoria,arreglo de calles y la seguridad y el bullicio,Comuna 1
"",arreglar las vias,""
Villa Campestre,arreglar las calles,Comuna 1
"",arboledas del darien,""
Aguaclara,"ara, faltan más centros deportivos",Comuna 10
Aguaclara,ara vía los caímos mejoraría la vía principal ya que yo vivo en una curva que es peligrosa pondría unos reductores de velocidad,Comuna 10
"","aprovechando nuestro parque infantil,atraer a la familia, jóvenes niños etc en programación didáctica y ejemplar",""
Victoria,"andenes iguales, semáforos sobre la carrera 34, seguridad, multar a motociclistas ruidosos. desalojar carros que se parques call",Comuna 1
"",andalucia,""
San Antonio,an antonio  mayor inversión en el deporte y la seguridad de mi,Comuna 3
Entre Ríos,ampliaría el conocimiento de los habitantes del  (incluyéndome) en convivencia. no permitir la explosión de pólvora. …………,Comuna 2
Flor de la Campana,ampanaen que terminar el pavimento y hubiera mejoras en la acción cumunal,Comuna 8
El Palmar,"almar, hacer uso de la biblioteca, para toda la comuna 9 y todos escrucibamente para fomentar la lectura, hacer diplomados de medio",Comuna 9
Franciscanos,allejón sanfrancisco siete vueltas yo he querido tener un comedor comunitario para los niños y un lugar de recreación para ellos,Comuna 2
Siete de Agosto,alcantarillado y pavimentacion,Comuna 9
"","alameda 1,y trataría de hacer campañas para que no tienen tanta basura en la transversal 12,también hay mucho perrito abandonado en la calle",""
"","alameda 1,el ruido de los vecinos cuando sacan los parlantes a la calle y les ponen mucho volumen",""
Portales del Río,aila que las autoridades estén más pendientes del ruido tan elevado por la música en varias casas q la policía llegue cuand,Comuna 9
Portales del Río,aila  le pondría reductores de velocidad a las cuadras anchas para que las motos y carros no andén a altas velocidades,Comuna 9
Farfán,adaptación de reductores de velocidad,Comuna 7
Bosques de Maracaibo,ada de bosques de maracaibo,Comuna 8
La Ceiba,"actualmente la cancha deportiva la retiraron la malla, supuestamente para mejorar, pero al momento paralizaron las obras",Comuna 6
Popular,actividades en el parque para que sean ocupafos de nuevo por los niños y las familias,Comuna 3
Lusitania,actividades de integración con los vecinos,Comuna 5
"",acondicionamiento de parques y zonas verdes. pavimentación completa de las calles. despeje de cañaduzales y lotes baldíos.  campañas,""
Villa Liliana,acabar con las drogas,Comuna 7
Villanueva,"a, mejor vigilancia en las zonas verdes, además en parques dispositivos de vigilancia (cámaras de seguridad) y canecas de basura",Comuna 3
Villanueva,"a, mayor vigilancia y control de la policía",Comuna 3
Aguaclara,a más autorida,Comuna 10
Aguaclara,a le daría un poco más de proyectos de recreación para los niños y mejoramiento en la vía  de la carrilera está en muy mal estado,Comuna 10
La Graciela,a graciela y los vecinos hacen mucho ruido poniéndo música a alto volumen y hay personas consumiendo sustancias alucinógenos,Comuna 9
Aguaclara,a,Comuna 10
"","7 de agosto seguridad, y mantenimiento a las alcantarillas para que no se inunden más las cuadras",""
"",7 de agosto   más presencia policial,""
"",7 canchas esa destapada,""
Victoria,"2 cosas, el civismo y los modales de las personas, me ha tocado ver como escupen y orinan en mi andén. y 2, hay mucha indigencia",Comuna 1
Departamental,2  departamental sacaría los bares a las afueras demasiado ruido olores de sustancias alucinógenas peleas ruido excesivo,Comuna 7
"",12 de octubre.. mejorar la vaya vial,""
La Villa,";terminar alto volumen de la música, prohibir fumar y vender bebidas alcohólicas en el supermercado.prohibir consumo de alucinógenos",Comuna 3
Victoria,"; seguridad, vías",Comuna 1
Avenida Cali,&#039;&#039;el  no es el asunto es la inseguridad que se vive,Comuna 5
Villa del Sur,"! pues mi cuadra es bien , solo uno que otro vecino ruidoso ( y bastante ) los fines de semana ! de resto todo excelente!",Comuna 7
Aguaclara,"",Comuna 10
Alameda I y II,"",Comuna 9
Alvernia,"",Comuna 2
Asoagrin,"",Comuna 3
Asoagrin - Farfán,"",Comuna 6
Bolívar,"",Comuna 6
Bosques de Maracaibo,"",Comuna 8
Buenos Aires,"",Comuna 6
Chiminangos,"",Comuna 8
Diablos Rojos,"",Comuna 7
Doce de Octubre,"",Comuna 5
El Centro,"",Comuna 4
El Dorado,"",Comuna 3
El Jardín,"",Comuna 9
El Lago,"",Comuna 5
El Laguito,"",Comuna 5
El Limonar,"",Comuna 7
El Palmar,"",Comuna 9
El Paraíso,"",Comuna 10
El Pinar,"",Comuna 6
El Príncipe,"",Comuna 5
El Retiro,"",Comuna 1
Escobar,"",Comuna 4
Fátima,"",Comuna 1
La Bastilla,"",Comuna 5
La Esperanza,"",Comuna 6
La Graciela,"",Comuna 9
La Paz,"",Comuna 10
La Santa Cruz,"",Comuna 3
La Villa,"",Comuna 3
Las Américas,"",Comuna 7
Las Nieves,"",Comuna 7
Marandúa,"",Comuna 6
Nuevo Alvernia,"",Comuna 2
Nuevo Príncipe,"",Comuna 5
Palobonito,"",Comuna 4
Panamericano,"",Comuna 1
Prados del Norte,"",Comuna 7
Quintas de San Felipe,"",Comuna 5
Rojas,"",Comuna 7
Rubén Cruz Vélez,"",Comuna 7
Salesiano,"",Comuna 5
San Benito,"",Comuna 1
San Luis,"",Comuna 8
San Pedro Claver,"",Comuna 6
Santa Inés de Comfamiliar,"",Comuna 8
Santa Isabel,"",Comuna 8
Tomás Uribe Uribe,"",Comuna 4
Urbanización Lomitas,"",Comuna 1
Urbanización Peñaranda,"",Comuna 3
Victoria,"",Comuna 1
Villa Campestre,"",Comuna 1
Villa del Sur,"",Comuna 7
