"Identificador de la publicación","Identificador de la cuenta","Nombre de usuario de la cuenta","Nombre de la cuenta",Descripción,"Duración (segundos)","Hora de publicación","Enlace permanente","Tipo de publicación","Comentario sobre los datos",Fecha,Visualizaciones,Alcance,"Me gusta","Veces que se compartió",Seguimientos,Comentarios,"Veces que se guardó"
18070529102051089,17841402591799685,alcaldiadetulua,"Alcaldía de Tuluá","🌱 Entregamos una biofábrica en Puerto Frazadas 🚜

Con la SEDAMA, brindamos insumos clave que fortalecerán la producción limpia en el campo tulueño, para que los productores rurales elaboren sus propios biofertilizantes y abonos orgánicos, cuidando el ambiente y reduciendo costos en La Moralia y Puerto Frazadas. 💚♻️

✅ Melaza, azufre y sulfato
✅ Canecas plásticas
✅ Medidor de pH

Agricultura sostenible para #ParaSerFelices 💙",52,"07/15/2025 08:59",https://www.instagram.com/reel/DMImHytgGt9/,"Reel de Instagram",,Total,4882,1744,23,4,0,1,1
17914766208079570,17841465258460662,secre.bienestarsocialtulua,"SECRETARIA DE BIENESTAR SOCIAL","🎉 ¡Votar en los Consejos de Juventud sí trae beneficios!
Si eres joven y participaste, esto es para ti:

1️⃣ 10% de descuento en matrícula, pasaporte, cédula y libreta militar
2️⃣ Medio día libre compensatorio si trabajas
3️⃣ Rebaja de 1 mes en el servicio militar
4️⃣ Preferencia en exámenes de ingreso
5️⃣ Prevalencia para empleos en el Estado
6️⃣ Prioridad en becas y subsidios 🏠📚

🙌 ¡Tu participación sí cuenta!
#JuventudActiva #GrandesPorElección #ConsejosDeJuventud",0,"07/15/2025 06:17",https://www.instagram.com/p/DMITpVTsgS4/,"Secuencia de Instagram",,Total,8208,,80,39,,1,0
18108679594559102,17841402591799685,alcaldiadetulua,"Alcaldía de Tuluá","🌈 El Lago Chilicote recibió a la Ruta de la felicidad 🤩✨💙

Las familias de Sajonia, Salesianos y barrios aledaños vivieron una jornada inolvidable con salud 🩺, vacunación para peluditos 🐶🐾, arte y cultura 🎭, música en vivo 🎶 y toda la oferta institucional de la Alcaldía.

Un encuentro lleno de sonrisas, unión y alegría #ParaSerFelices ✨🌟",0,"09/07/2025 17:56",https://www.instagram.com/p/DOUmnrqj8yk/,"Secuencia de Instagram",,Total,8888,3521,155,10,2,0,3
18100274317528876,17841405319886733,central_de_transportes_tulua_,"Tulua central de transportes • Terminal Tulua • transporte Tuluá","✨🪁 ¡Un día espectacular en el Festival de Cometas en la Central de Transportes de Tuluá – fue todo un éxito.

Gracias a cada uno de los asistentes que llenaron el cielo de color y alegría, y a nuestros patrocinadores por hacer posible esta jornada inolvidable. 🙌💙

Porque cuando la comunidad se une, el viento siempre sopla a favor. 🌬️🎉

Gracias infinitas a nuestros patrocinadores:
@flotamagdalena 
@deoccidenteoficial 
@bolivarianocol 
@cooptransandina 
@trejosoficial 
@coovictorialtda 
@taxcentral_co 
@cootracaiceltda 
@seguridadservigpoder 
@papeleriasantamaria 
@viajaencoopetranstrujillo 
@mardeplata_joyeria 
@distribuidorafarallon 
@centroaguas.sa.esp 
@emtulua 
@mediamaratontulua 
@microtechoficial 
@retalvidriosyaluminiossas 
@colombinaoficial 
@alcaldiadetulua",0,"09/07/2025 16:55",https://www.instagram.com/p/DOUfllNjWOE/,"Secuencia de Instagram",,Total,3921,,67,2,,0,0
17860012662481023,17841402591799685,alcaldiadetulua,"Alcaldía de Tuluá","🚔👊 Capturadas 5 personas que hurtaban el comercio en Tuluá🚨

Gracias a la denuncia ciudadana y a la rápida reacción de la @policiavalledelcauca, fueron capturadas 5 personas (3 hombres y 2 mujeres) señaladas de hurtar en establecimientos comerciales.

🔫 En el operativo se incautó un arma traumática y se recuperaron elementos robados.

📞 Recuerda: ante cualquier hecho delictivo, denuncia a la línea 123.",86,"09/07/2025 08:05",https://www.instagram.com/reel/DOTi7h4gD3K/,"Reel de Instagram",,Total,3475,1406,43,1,0,0,2
18086555917842137,17841402591799685,alcaldiadetulua,"Alcaldía de Tuluá","🎶💃✨ Comuna 8 en movimiento regresó a Bosques de Maracaibo 🌳

Más de 200 personas disfrutaron de arte, cultura, deporte e inclusión en un encuentro lleno de alegría y talento local. 💙🙌 Espacios para que nuestras familias sean felices 💙✌🏽",31,"09/07/2025 06:01",https://www.instagram.com/reel/DOTUt13gNTs/,"Reel de Instagram",,Total,4755,1980,43,4,2,0,0
17956132457851715,17841405611300510,labakana103.1,"Tu Emisora La Bakana 103.1 FM","¡Así vivimos el 1 festival de Cometas en Tuluá !🪁",58,"09/07/2025 04:41",https://www.instagram.com/reel/DOTLUlKjrYe/,"Reel de Instagram",,Total,5758,,83,3,,3,0
17942465018918459,17841402591799685,alcaldiadetulua,"Alcaldía de Tuluá","#Noticias | Conoce las noticias más importantes de la semana en el nuevo episodio de 45 Segundos #ParaSerFelices 🤩✌🏽",0,"09/06/2025 17:25",https://www.instagram.com/reel/DOR-Ojbj-Hj/,"Reel de Instagram",,Total,6554,3345,113,13,3,2,2
18049276106292722,17841465213107155,tuluaculturacol_,"DEPARTAMENTO DE ARTE Y CULTURA","🌺✨ ¡La cultura se vivió a lo grande en el corregimiento de Nariño! 🎶💃
Una tarde llena de música en vivo, arte y danza que unió a la comunidad en un espacio de alegría y tradición. 💙🌿

Gracias a todos los que nos acompañaron y hicieron parte de esta experiencia inolvidable. 🙌🎉

#culturaalparque",0,"09/05/2025 20:14",https://www.instagram.com/p/DOPs3XjjJz-/,"Secuencia de Instagram",,Total,5316,,71,3,,0,0
18070224952921561,17841402591799685,alcaldiadetulua,"Alcaldía de Tuluá","🎶💃 Cultura al Barrio llegó a Siete Canchas con música, arte y mucho sabor.

La comunidad disfrutó de una tarde llena de alegría, cultura y diversión 🌟🙌.

Seguimos llevando espacios que transforman y llenan de vida a cada rincón de Tuluá 💙✨.
#ParaSerFelices",41,"09/05/2025 14:59",https://www.instagram.com/reel/DOPIuOFj-pn/,"Reel de Instagram",,Total,2790,1438,36,0,0,2,0
18067620913980810,17841440597983973,sincomidanohayalegria,"Encuentro de Cocinas Tradicionales","¡Agéndate con tu familia y nuestra cocina tradicional este 11, 12 y 13 de octubre! 

Un proyecto de la corporación @artejoven.

Con el apoyo de @mincultura a través de la Lista Bienal de proyectos de interés nacional 2024-2025.

#comidatradicional #valle",46,"09/05/2025 11:55",https://www.instagram.com/reel/DOOzV_zDSD2/,"Reel de Instagram",,Total,13248,,500,167,,4,0
17996537273672477,17841402591799685,alcaldiadetulua,"Alcaldía de Tuluá","🌳✨ Desliza y descubre cómo avanza la transformación del Parque Las Acacias en el 📍Sajonia.

✅ 35% de ejecución en obras de remodelación
🚶‍♀️ Senderos peatonales incluyentes
💪 Zonas de ejercicio y recreación
👨‍👩‍👧 Espacios para toda la familia
Y muchos más... 

Un parque moderno, accesible y lleno de vida para la comunidad 🌳💙 #ParaSerFelices",0,"09/05/2025 10:52",https://www.instagram.com/p/DOOsjBQjznj/,"Secuencia de Instagram",,Total,5506,1707,61,4,0,8,0
17867309385442891,17841465213107155,tuluaculturacol_,"DEPARTAMENTO DE ARTE Y CULTURA","🌟 La cultura llegó al sector de Siete Canchas para compartir con grandes y chicos momentos inolvidables ✨; arte 🎨, alegría 😄, danzas 💃, regalos 🎁 y mucho más 🎶💚",0,"09/04/2025 17:24",https://www.instagram.com/p/DOM0mipDMXf/,"Secuencia de Instagram",,Total,6195,,74,2,,4,0
18069145424334237,17841402591799685,alcaldiadetulua,"Alcaldía de Tuluá","🚦👨‍👩‍👧‍👦 ¡Llevamos educación vial a padres y estudiantes!

En Tuluá construimos cultura ciudadana💪🏼 educando a padres de familia y estudiantes en conciencia vial para enseñar a movilizarnos con responsabilidad, ser ejemplo de respeto en las vías 🛑🚗 y transformar nuestras calles en espacios seguros. ✨ #ParaSerFelices",50,"09/04/2025 16:10",https://www.instagram.com/reel/DOMsDjRj2F-/,"Reel de Instagram",,Total,14549,4443,167,15,3,5,5
18037252499469394,17841402591799685,alcaldiadetulua,"Alcaldía de Tuluá","En Tuluá vivimos rodeados de verde 💚🌿 Montañas, humedales, parques y ese airecito fresquito que tanto nos gusta 😌🌬️
¿Y el tuyo? 👀 Cuéntanos tu color favorito en los comentarios 🎨👇 #ParaSerFelices",66,"09/04/2025 10:01",https://www.instagram.com/reel/DOMBvzCADk9/,"Reel de Instagram",,Total,4338,2285,81,7,0,7,0
17860032369473247,17841402591799685,alcaldiadetulua,"Alcaldía de Tuluá","🌟 Las oportunidades transforman vidas 🌟

Laura Valentina encontró en la Administración Municipal su primer empleo, y hoy, desde el programa “Vení, hablemos”, abre caminos para que más jóvenes también hagan realidad sus sueños. 💙✨ Conoce aquí su historia. #ParaSerFelices",67,"09/03/2025 16:27",https://www.instagram.com/reel/DOKJPG0j6tU/,"Reel de Instagram",,Total,12498,4157,193,22,2,6,5
17979253352904986,17841402591799685,alcaldiadetulua,"Alcaldía de Tuluá","🍃✨ ¡Septiembre llegó con todo! ✨🍃

Arte, música en vivo, deporte, recreación, inclusión y cometas 🪁🎶⚽🎨
Agéndate y desliza 👉 para conocer toda la programación que tenemos para ti y tu familia en este fin de semana. #ParaSerFelices ✨💙💪🏼",0,"09/03/2025 13:55",https://www.instagram.com/p/DOJ32UsDzN9/,"Secuencia de Instagram",,Total,4486,1275,55,7,0,0,1
18053268332559845,17841475722031117,bicentenariocentrocomercial,"BICENTENARIO PLAZA","🎡✨ ¡Samuel te invita a divertirte en Bicentenario Plaza! ✨🎡

👦👉 Nuestro pequeño anfitrión te muestra dónde están los juegos más divertidos y ¡a precios mucho más económicos! 🕹️🎯

🚗💨 Además, disfruta de parqueadero gratis y no te pierdas los 🍦 mejores helados del mundo mundial.

¿Qué esperas? 😍
Ven con tu familia a vivir momentos únicos en Bicentenario Plaza, Tuluá 🏙️💙

#BicentenarioPlaza #Tuluá #DiversiónEnFamilia #Helados #juegos",57,"09/03/2025 12:32",https://www.instagram.com/reel/DOJt47BDwwX/,"Reel de Instagram",,Total,5053,,116,17,,2,0
17987521163844632,17841431512646378,puntosinnova,"Punto Innova","¡Historias que transforman!🌟

Juan Pablo encontró una herramienta en los Puntos Innova que lo llevó a emprender 👨‍💼. Tres semana bastaron para aprender a vectorizar y empezar su nuevo proyecto🚀. 

Nos contó que ya ha recibido varios pedidos 🧾 y que agradece a la Administración Municipal en cabeza del Alcalde Gustavo Adolfo Vélez Román y al Departamento TIC por poner a disposición estas herramientas que benefician a los jóvenes. 

Espacios que transforman para ser felices 🙌",86,"09/03/2025 09:34",https://www.instagram.com/reel/DOJZTBKAPAs/,"Reel de Instagram",,Total,1377,,18,1,,0,0
17981135147885544,17841402591799685,alcaldiadetulua,"Alcaldía de Tuluá","¡Así quedó el cambio de sentido vial en La Herradura!✅💪🏼

📢 Hemos leído sus comentarios y venimos a aclararles todo. 😉🚦 Nuestro agente de tránsito les explica cómo será el cambio de sentido vial y de qué manera podrán movilizarse por este sector. 🚗➡️

¿Lo entendiste? 👀 Cuéntanos en los comentarios. 📝👇 #ParaSerFelices",51,"09/02/2025 15:47",https://www.instagram.com/reel/DOHfz9zD8gP/,"Reel de Instagram",,Total,10073,5304,212,75,2,83,5
18040904132391455,17841402591799685,alcaldiadetulua,"Alcaldía de Tuluá","🚧 Cada vez más cerca de conectar el barrio Rojas con Escobar y Palobonito. ✅

Una obra de movilidad que cumple lo prometido y transforma la vida de la comunidad. 💪🏼✨
Los habitantes lo dicen con gratitud: estas son obras que generan confianza, unen barrios y construyen la Tuluá #ParaSerFelices 💙",55,"09/02/2025 07:44",https://www.instagram.com/reel/DOGoi-7gE-l/,"Reel de Instagram",,Total,6523,2261,61,8,0,3,0
17946601131012830,17841402591799685,alcaldiadetulua,"Alcaldía de Tuluá","🚧✨ ¡Arrancó la pavimentación del Intercambiador de la 40!

Con 100 metros listos para ingresar al barrio Fátima, comienza la transformación de uno de los corredores más importantes de Tuluá. 💙 Seguimos avanzando #ParaSerFelices",50,"09/01/2025 15:34",https://www.instagram.com/reel/DOE5iH0jyLp/,"Reel de Instagram",,Total,7525,2984,123,13,2,0,2
17909358972212829,17841407739133684,emtulua,"Emtulua Esp","✅Con cada acción seguimos transformando nuestra zona rural, entregando espacios públicos que embellecen y brindan bienestar a la comunidad. 💙✨",59,"09/01/2025 08:23",https://www.instagram.com/reel/DOEHSUAkUl_/,"Reel de Instagram",,Total,2654,,42,1,,0,0
18140185558425906,17841402591799685,alcaldiadetulua,"Alcaldía de Tuluá","✨ Así vivimos la Ruta de la Felicidad en 📍La Marina ✨

Más de 20 asociaciones campesinas trajeron lo mejor del campo, 80 personas recibieron Atención Primaria en salud y 60 actualizaron su Sisbén.
Además, 32 familias accedieron a programas nacionales como Colombia Mayor y Renta Ciudadana, en medio de cultura, deporte y recreación para todos.

💫 Una jornada descentralizada que fue todo un éxito.
#ParaSerFelices ✌🏽",68,"09/01/2025 06:36",https://www.instagram.com/reel/DOD7Id0gPGB/,"Reel de Instagram",,Total,3869,1837,59,9,0,3,1
18056865716440162,17841402591799685,alcaldiadetulua,"Alcaldía de Tuluá","🌟🌻 Un domingo muy feliz en La Marina 🥳🤝

Nuestra jornada descentralizada fue todo un éxito con más de 100 tulueños que accedieron a los servicios de la Administración Municipal en el Polideportivo Central de la Consentida del Valle:
✅ Mercado campesino
✅ Atención en salud y Sisbén
✅ Programas nacionales
✅ Cultura, deporte y recreación para toda la familia
¡Y mucho más!

Seguimos llevando la Ruta de la Felicidad a cada rincón de Tuluá.💙✌🏽#ParaSerFelices",0,"08/31/2025 10:42",https://www.instagram.com/p/DOBzb25jwFg/,"Secuencia de Instagram",,Total,5431,1428,87,5,0,0,0
18291629503252811,17841465213107155,tuluaculturacol_,"DEPARTAMENTO DE ARTE Y CULTURA","La cultura en cada barrio 🎭🎨💃🏼🎼🎹
Desde el corazón de Tuluá, cada barrio tiene su latido, su voz, su historia… y un espacio vivo para conectarte con ella. Te invitamos a descubrir los centros culturales de la Casa de la Cultura, cerca de ti:

Ramiro Arana – barrio San Pedro Claver

Casa Popular Anual Cabrera – barrio Rubén Cruz

Julia Scarpeta – Parque Infantil

Ferdán Muñoz – Corregimiento Aguaclara

La Marina – zona rural

Gustavo Adolfo Jaramillo – barrio La Santa Cruz

Nelson Llanos – barrio Municipal

Lino Mora – barrio Diablos Rojos

Edmundo Dante Arias – Corregimiento de Nariño

Rodrigo Díaz – barrio La Trinidad

Enrique Uribe White – Casa de la Cultura (centro)

✨ Porque cada barrio lleva en su esencia la fuerza de la cultura, camina, descubre el centro cultural más cercano, y…
¡Inscríbete en todos nuestros talleres GRATIS!",102,"08/31/2025 07:17",https://www.instagram.com/reel/DOBbspJkaH4/,"Reel de Instagram",,Total,2254,,81,8,,3,0
18083270968931514,17841402591799685,alcaldiadetulua,"Alcaldía de Tuluá","#Noticias | Conoce las noticias más importantes de la semana en el nuevo episodio de 45 Segundos #ParaSerFelices 🤩✌🏽",68,"08/30/2025 16:00",https://www.instagram.com/reel/DN_zB_wD_AG/,"Reel de Instagram",,Total,6926,2741,94,36,0,5,4
18061490267069605,17841402591799685,alcaldiadetulua,"Alcaldía de Tuluá","🪁✨ ¡Ya estamos listos para volar!

Más de 60 niños y jóvenes con sus familias están hoy creando su cometa en nuestro primer taller, calentando motores para el Gran Festival de Cometas este sábado 6 de septiembre 🎉😎✌🏽

👉 Aún puedes venir para inscribirte y participar en las categorías: la más grande, la más pequeña y la más creativa.🪁✨

Un evento que realizamos en colaboración la @central_de_transportes_tulua_ y @labakana103.1 #ParaSerFelices 💙✨",0,"08/30/2025 14:35",https://www.instagram.com/p/DN_pPgXj-bf/,"Secuencia de Instagram",,Total,9849,2507,79,1,1,5,0
17882573691365459,17841465213107155,tuluaculturacol_,"DEPARTAMENTO DE ARTE Y CULTURA","💖 Entre sonrisas, cultura y mucha pasión, celebramos en el Centro del Adulto Mayor de Nariño el Reinado del Adulto Mayor 👑. Una fiesta de vida donde nuestros abuelos nos enseñaron que el amor y la alegría no tienen edad ✨🎶
👴🏼👵🏿🧓🏽👵🏽🧓🏻👴🏾👴🏻",0,"08/30/2025 09:40",https://www.instagram.com/p/DN_Hgs5EXP6/,"Secuencia de Instagram",,Total,11115,,193,6,,0,0
17953661303865807,17841402591799685,alcaldiadetulua,"Alcaldía de Tuluá","🌍🎧 ¡Conmemoramos el Día Internacional contra el Ruido con estudiantes!

Realizamos una jornada pedagógica con niños y niñas de la I.E. María Antonia Ruiz, creando conciencia sobre los riesgos que genera la contaminación acústica en la salud y el bienestar. 

🌱💙 Promovemos un ambiente sonoro más saludable y la reflexión sobre la importancia de reducir los niveles de ruido en nuestra municipio ✨#ParaSerFelices✨ ✌🏽",34,"08/29/2025 16:57",https://www.instagram.com/reel/DN9UqsGDxvx/,"Reel de Instagram",,Total,3239,1430,28,2,0,0,0
18420235471110407,17841402591799685,alcaldiadetulua,"Alcaldía de Tuluá","👑💃 Todo listo para el Reinado Municipal del Adulto Mayor 🎉✨
En pocos minutos daremos inicio este gran evento con la participación de 13 mujeres representantes de los grupos de Adulto Mayor 🌸💙.
Mientras tanto, nuestros abuelitos disfrutan de presentaciones artísticas 🎶💃 y una zona de emprendimientos 🛍️✨, en el Centro del Adulto Mayor de Nariño.  Espacios #ParaSerFelices ✨",0,"08/29/2025 13:42",https://www.instagram.com/p/DN8-Wttj1K5/,"Secuencia de Instagram",,Total,5048,1533,64,1,0,0,1
17857618797489674,17841402591799685,alcaldiadetulua,"Alcaldía de Tuluá","🏡✨ Alcalde Gustavo Vélez entregó primeras viviendas en 📍Siete Vueltas.

Con la entrega de 4 casas prefabricadas  y 3 mejoramientos de vivienda saludable, el alcalde @gustavovelezr cumple su compromiso con estas comunidades, golpeadas por la ola invernal 🌧️💪. En articulación con la Gobernación del Valle y el Ministerio de Vivienda, llevamos esperanza, dignidad y nuevos comienzos  a quienes más lo necesitan. ✨

#ParaSerFelices 💙🏡🌟",73,"08/29/2025 10:54",https://www.instagram.com/reel/DN8rJzrj7Xc/,"Reel de Instagram",,Total,8144,3927,118,16,1,8,0
17943256020043680,17841405319886733,central_de_transportes_tulua_,"Tulua central de transportes • Terminal Tulua • transporte Tuluá","🤝✨ Participamos en el Encuentro de Autoridades Turísticas realizado en la Central de Transportes de Tuluá, gracias a la @alcaldiadetulua Alcaldía Municipal. Un espacio de articulación y formación donde se presentó el plan de acción para fortalecer el sector turístico del Valle del Cauca. 📍🚍

Junto al Viceministerio de Turismo y bajo el liderazgo de la secretaria de Turismo, @miyerlandit, se socializaron las nuevas normas técnicas de calidad turística, clave para ofrecer experiencias seguras, confiables y sostenibles a nuestros visitantes. 🌿🏞️

Felicitaciones a la Secretaría de Turismo del Valle por seguir trabajando con compromiso para consolidar un territorio competitivo, sostenible y que ve en el turismo una verdadera oportunidad de desarrollo. 💚",96,"08/29/2025 09:37",https://www.instagram.com/reel/DN8iBkRDSya/,"Reel de Instagram",,Total,2472,,52,3,,1,0
18167863762317973,17841402591799685,alcaldiadetulua,"Alcaldía de Tuluá","🚦 🚨A partir de la primera semana de septiembre, la Calle 30 hacia la curva de La Herradura tendrá nuevo sentido vial.

Menos tráfico en Sajonia, Progresar y Pueblo Nuevo, además de una rotonda más segura para todos. Un cambio que mejora la movilidad y reduce la accidentalidad en esta zona clave de Tuluá. 📲 Comparte este video y entérate de la transformación vial. #ParaSerFelices",35,"08/28/2025 17:04",https://www.instagram.com/reel/DN6ubr6D2tH/,"Reel de Instagram",,Total,28382,9362,280,273,16,20,14
17888350359342280,17841402591799685,alcaldiadetulua,"Alcaldía de Tuluá","Bingo, música y sonrisas: así vivimos el tercer día del Adulto Mayor 💃🕺

💙✨ Más de 1.500 corazones siguen latiendo al ritmo de la Semana del Adulto Mayor. En esta tercera jornada de celebración, nuestros abuelitos gozaron de arte, bingo bailable y música en vivo, disfrutando de momentos llenos de alegría y unión en el 📍Parque Infantil Julia Escarpeta. 👵👴🎶 #ParaSerFelices",0,"08/28/2025 14:04",https://www.instagram.com/p/DN6cFOvj9LS/,"Secuencia de Instagram",,Total,3852,996,68,1,0,1,0
17860337571413453,17841402591799685,alcaldiadetulua,"Alcaldía de Tuluá","Alejandro: Un orgullo para la Alcaldía. 💙✨💪🏼

✨ Esta es la historia de Alejandro Lugo, un joven tulueño que hace parte de la Administración del alcalde Gustavo Vélez como orientador que inspira y transforma la vida de otros jóvenes.  Hace 9 años fue estudiante, aprendiz y beneficiario del programa #SerPiloEnamora; a pesar de las dificultades, pudo seguir adelante con el apoyo de la Administración Municipal, donde le brindamos espacios #ParaSerFelices 💙🌟",98,"08/27/2025 17:59",https://www.instagram.com/reel/DN4ROq1j2Mf/,"Reel de Instagram",,Total,14419,8250,100,9,0,6,1
17854814937510021,17841402591799685,alcaldiadetulua,"Alcaldía de Tuluá","✨👑 Conoce a las candidatas al Reinado del Adulto Mayor 👑✨
13 mujeres llenas de alegría, experiencia y carisma competirán por la corona del Adulto Mayor en Tuluá. 💙🌸
Te esperamos este viernes 29 de agosto, en el 📍 Centro del Adulto Mayor de Nariño, para disfrutar juntos un día inolvidable, lleno de magia, unión y diversión. 🎉💃
#ParaSerFelices ✨💙",0,"08/27/2025 16:18",https://www.instagram.com/p/DN4Gq5Yj3nW/,"Secuencia de Instagram",,Total,5492,1554,70,12,0,5,1
18281186878274121,17841402591799685,alcaldiadetulua,"Alcaldía de Tuluá","Proyectamos a Tuluá como destino turístico estratégico✅✌🏽

✨ En la Central de Transportes de Tuluá fuimos sede del Encuentro Departamental de Autoridades de Turismo, donde recibimos al Viceministerio de Turismo, la Dirección Nacional de Calidad Turística y la secretaria de Turismo del Valle, Miyerlandi Torres (@miyerlandit) 🌎🚍

Con esto, queremos fortalecer la competitividad y el desarrollo de nuestro municipio en el futuro. 💼🌱 #ParaSerFelices 💙",0,"08/27/2025 09:23",https://www.instagram.com/p/DN3XLbLQP_J/,"Secuencia de Instagram",,Total,7487,2418,93,3,0,0,2
17945931542898792,17841402591799685,alcaldiadetulua,"Alcaldía de Tuluá","Así iniciamos la Semana del Adulto Mayor 💙😎✨

💬 Nuestras participantes expresaron la emoción de vivir esta gran celebración en el primer día de la Semana del Adulto Mayor 🌸💙.
La fiesta continúa y seguimos compartiendo momentos de unión, deporte y diversión con quienes son orgullo y ejemplo para todos 👵👴✨ #ParaSerFelices 💙✨",55,"08/27/2025 07:13",https://www.instagram.com/reel/DN3INclwIR6/,"Reel de Instagram",,Total,5928,1823,57,5,5,0,1
17915266434175582,17841402591799685,alcaldiadetulua,"Alcaldía de Tuluá","🎉✨ Inició la Semana del Adulto Mayor ✨🎉

Con alegría, juegos y mucha energía, más de 100 abuelitos se dieron cita en el 📍Estadio Doce de Octubre para inaugurar esta celebración con las Olimpiadas del Adulto Mayor 🏅💃. Una semana llena de vida, recreación y sonrisas dedicada a quienes son ejemplo de amor y sabiduría 💙👵👴. #ParaSerFelices",0,"08/26/2025 09:01",https://www.instagram.com/p/DN0v3CFQAfg/,"Secuencia de Instagram",,Total,4949,1366,78,1,0,2,0
18134537728433108,17841402591799685,alcaldiadetulua,"Alcaldía de Tuluá","250 madres cabeza de hogar conocieron beneficios de Renta Ciudadana ✌🏽💪🏼✅

✨ Reunimos a estas mujeres madres cabeza de hogar de niños y niñas menores de 6 años y de personas con discapacidad, beneficiarias de este  programa en la Comuna 3. 🌸💜 

Un espacio para darles a conocer el programa, sus beneficios y ayudas que reciben, fortaleciendo el lazo entre la comunidad y la Administración Municipal. 🤝🌟 espacios #ParaSerFelices",46,"08/25/2025 14:45",https://www.instagram.com/reel/DNyyNckXqxh/,"Reel de Instagram",,Total,4119,1698,46,5,1,1,0
18062369924198574,17841402591799685,alcaldiadetulua,"Alcaldía de Tuluá","#Noticias | Conoce las noticias más importantes de la semana en el nuevo episodio de 45 Segundos #ParaSerFelices 🤩✌🏽",79,"08/23/2025 16:00",https://www.instagram.com/reel/DNtxa3E4j_L/,"Reel de Instagram",,Total,5452,2491,85,7,1,5,0
17891918655182739,17841402591799685,alcaldiadetulua,"Alcaldía de Tuluá","🚐💚 ¡La Ruta de la Felicidad llegó a Monteloro!

🙌 Atendimos a 180 personas en una gran jornada descentralizada con servicios de salud, deporte, recreación y vacunación para humanos y animales.

📍 En Monteloro unimos esfuerzos con Programas Nacionales, Sisbén, PIC y muchas más iniciativas, transformando a Tuluá en un municipio con más oportunidades y calidad de vida #ParaSerFelices ✨",0,"08/22/2025 16:26",https://www.instagram.com/p/DNrPk4L3mg1/,"Secuencia de Instagram",,Total,9751,2811,86,3,0,0,0
18071681030026330,17841402591799685,alcaldiadetulua,"Alcaldía de Tuluá","🚦👮‍♂️ Estudiantes tulueños reciben Educación vial💪🏼😎🚸

Con una jornada pedagógica de movilidad y seguridad vial, nuestros agentes de tránsito compartieron con los estudiantes de primaria del Colegio Bilingüe, conocimientos sobre la importancia de usar casco, chaleco y respetar las normas de tránsito. 💪🏼✅

🙌 Estamos formando ciudadanos responsables y con conciencia vial, creando espacios #ParaSerFelices 💙",38,"08/22/2025 13:40",https://www.instagram.com/reel/DNq8Nc7XiKz/,"Reel de Instagram",,Total,3543,1322,46,1,0,0,1
17913065301057499,17841407739133684,emtulua,"Emtulua Esp","Lo que fue un sueño, hoy es una realidad 💧
Nuestro alcalde Gustavo Vélez Román le cumplió a la comunidad del corregimiento de Nariño y continúa transformando la zona rural de Tuluá.💙

✅ Más de 7.000 habitantes beneficiados
✅ Agua más limpia y segura
✅ Mejor salud y bienestar para la comunidad
✅ Progreso y desarrollo para la zona rural plana",45,"08/22/2025 12:05",https://www.instagram.com/reel/DNqxqtdxwui/,"Reel de Instagram",,Total,5576,,105,9,,2,0
17959410317829759,17841402591799685,alcaldiadetulua,"Alcaldía de Tuluá","👑🎉 ¡Agosto es el mes para celebrar la Semana del Adulto Mayor! 🎉👴👵

Prepárate para una programación llena de vida: recreación, arte, cultura, emprendimiento, actividades lúdico-recreativas, bingo ¡y mucho más! ✨

📌 Y no te pierdas el Gran Reinado del Adulto Mayor, un espacio para resaltar la alegría, el talento y la belleza en la tercera edad. 🌟💃🕺

📅 ¡Agéndate y acompáñanos en estos espacios creados #ParaSerFelices! 💙💪🏼",0,"08/22/2025 09:50",https://www.instagram.com/p/DNqiQ0vAxd0/,"Secuencia de Instagram",,Total,6539,1972,67,7,0,2,3
18038024084427087,17841402591799685,alcaldiadetulua,"Alcaldía de Tuluá","🏫🔧 ¡Estudiantes del Occidente tienen espacios seguros!🚧💪🏼

Iniciamos la intervención de un muro que ponía en riesgo la integridad de los estudiantes de la 📍I.E. Técnica Occidente, priorizando la protección de nuestros niños, niñas y adolescentes. 🙌 Con esto, garantizamos espacios seguros y dignos en las instituciones educativas de Tuluá. 💙💪🏼 #ParaSerFelices",47,"08/21/2025 15:17",https://www.instagram.com/reel/DNoi4ilPmG8/,"Reel de Instagram",,Total,8433,3173,78,5,0,1,1
18013741154771168,17841402591799685,alcaldiadetulua,"Alcaldía de Tuluá","🚧✨ ¡La calle 34 ahora une comunas 5 y 6!

Gracias a la obra de topping en más de 20 cuadras, la calle 34 se convierte en una vía estratégica que permitirá el paso directo entre los barrios Progresar, Pueblo Nuevo al Sajonia y Salesianos, conectando de manera segura y eficiente estas comunas.

🙌 Con esta nueva vía que llega hasta la carrera 40, transformamos la movilidad y mejoramos la calidad de vida de los tulueños. ¡Las obras siguen transformando a Tuluá! #ParaSerFelices 💙💪🏼",29,"08/21/2025 07:36",https://www.instagram.com/reel/DNnt2d4AGWQ/,"Reel de Instagram",,Total,8371,2875,94,8,0,1,0
18152408947385995,17841465258460662,secre.bienestarsocialtulua,"SECRETARIA DE BIENESTAR SOCIAL","🌿 Conoce todos los beneficios que trae para ti nuestro programa Vení Hablemos 💬💚. Lo mejor de todo… ¡es completamente GRATIS! 🙌 Un espacio pensado para brindar apoyo psicológico y acompañamiento a toda la comunidad tulueña. 🤝✨",72,"08/21/2025 06:18",https://www.instagram.com/reel/DNnk2LzNJ6N/,"Reel de Instagram",,Total,4829,,133,13,,0,0
17916639840168129,17841405319886733,central_de_transportes_tulua_,"Tulua central de transportes • Terminal Tulua • transporte Tuluá","✨🎏 ¡El cielo de Tuluá se llenará de colores y sueños!
Este 6 de septiembre llega el Primer Festival de Cometas en la Central de Transportes de Tuluá.

🏆 Habrá premios para:
🌟 La cometa más grande
🎨 La cometa más creativa
🎀 La cometa más pequeña

📌 Requisitos:
1️⃣ Inscríbete al 📞 310-858-9350 o al link https://forms.gle/HJds3LmMP45t1Bga7 (cupos limitados).
2️⃣ Participa en el encuentro este 30 de agosto para armar tu cometa en la Central de Transportes.
3️⃣ Tu cometa debe llevar los colores y logos de la Central de Transportes, la Alcaldía de Tuluá y de Infitulúa.

📅 Te esperamos el 6 de septiembre a partir de las 3:00 p.m.
☁ ¡Haz que tu cometa conquiste el cielo de Tuluá!

#centraldetransportesdetuluá #infitulua #alcaldiadetulua #festivaldecometas #cometas #tulua #fesrival",59,"08/20/2025 17:47",https://www.instagram.com/reel/DNmPDHoNMpD/,"Reel de Instagram",,Total,10659,,140,33,,4,0
18405232351114696,17841402591799685,alcaldiadetulua,"Alcaldía de Tuluá","🌳✅ ¡Árbol en el barrio Victoria ya no será un riesgo!🚧🏡

Con la SEDAMA, realizamos la intervención y erradicación de un árbol de caucho (ficus elástica) que se encontraba muerto en pie y representaba un riesgo para los habitantes del sector. 🙌 Con estas acciones seguimos trabajando por una Tuluá más segura y responsable con el entorno y la comunidad #ParaSerFelices 💙✨",40,"08/20/2025 15:39",https://www.instagram.com/reel/DNmAUxUPR2V/,"Reel de Instagram",,Total,6958,2867,105,10,2,5,5
18089469751772138,17841440597983973,sincomidanohayalegria,"Encuentro de Cocinas Tradicionales","Cápsulas de tradición 🥘

Historias con sabor contadas por quienes llevan el legado gastronómico a la mesa de los vallecaucanos.

Un proyecto de la corporación @artejoven_corporacion.

Con el apoyo de @mincultura a través de la Lista Bienal de proyectos de interés nacional 2024-2025.

#comidatradicional #valle",95,"08/20/2025 11:42",https://www.instagram.com/reel/DNllXklN31x/,"Reel de Instagram",,Total,5634,,148,29,,5,0
18070752923118391,17841402591799685,alcaldiadetulua,"Alcaldía de Tuluá","🌟 ¡Habitantes de Barragán tendrán Puesto de Salud renovado! 🏥✨

En articulación con el Hospital Rubén Cruz Vélez, adelantamos la renovación del Puesto de Salud del corregimiento de Barragán, con obras de mantenimiento en cubiertas, muros, instalaciones hidráulicas y sanitarias, fachada y cerrajería.

🙌 Después de años sin intervención, este espacio vuelve a recibir la atención que merece, garantizando un lugar digno, moderno y seguro para la atención en salud de esta comunidad #ParaSerFelices 💙",0,"08/20/2025 11:00",https://www.instagram.com/p/DNlgufOvASQ/,"Secuencia de Instagram",,Total,5273,1643,47,6,1,0,0
18077716984783719,17841402591799685,alcaldiadetulua,"Alcaldía de Tuluá","¡Río Tuluá sin residuos!💙💪🏼😎

🌊 Iniciamos los recorridos con nuestros Gestores de Convivencia para la recolección de residuos en el río Tuluá. Con estas acciones recuperamos espacios que habían sido ocupados y llenos de basura. 🙌 Una labor colectiva para devolverle vida y limpieza a nuestro río y zonas verdes aledañas, pensando en el bienestar de todos los tulueños. 🌱✨ #ParaSerFelices",36,"08/19/2025 14:44",https://www.instagram.com/reel/DNjVUknPFjc/,"Reel de Instagram",,Total,6193,2088,89,4,1,7,3
17940802101028266,17841402591799685,alcaldiadetulua,"Alcaldía de Tuluá","🙌 Más de 300 personas fueron atendidas en Barragán con salud, SISBÉN, vacunación, recreación y cultura.
Además, por primera vez señalizamos las calles para mejorar la movilidad y transitar más seguros. 🚸✨
¡La Ruta de la Felicidad sigue llevando bienestar a cada rincón! 💙 #ParaSerFelices",66,"08/19/2025 07:34",https://www.instagram.com/reel/DNijMjvARXC/,"Reel de Instagram",,Total,7099,3702,134,15,0,4,0
17900517438122349,17841465258460662,secre.bienestarsocialtulua,"SECRETARIA DE BIENESTAR SOCIAL","🎨✨ ¡Así cerramos con broche de oro la Semana de la Juventud 2025!🪩

Con el Color Fest le pusimos alegría, color y mucha energía a este gran cierre. 🙌🌈🎉

Un espacio pensado para todos nuestros jóvenes tulueños 💜
¡Gracias infinitas a las entidades que hicieron posible este evento para unir a nuestra juventud! 🤝",0,"08/16/2025 18:10",https://www.instagram.com/p/DNb-yauNUwp/,"Secuencia de Instagram",,Total,14015,,162,6,,0,0
17894784147279717,17841402591799685,alcaldiadetulua,"Alcaldía de Tuluá","#Noticias | Conoce las noticias más importantes de la semana en el nuevo episodio de 45 Segundos #ParaSerFelices 🤩✌🏽",68,"08/16/2025 16:03",https://www.instagram.com/reel/DNbwCMRumzr/,"Reel de Instagram",,Total,8504,3259,123,40,2,6,0
18056756519116476,17841402591799685,alcaldiadetulua,"Alcaldía de Tuluá","🔥 2do día del Joven Fest 🔥

💼 Emprendimientos, 🤸‍♂️ show de stunt y 🎭 presentaciones artísticas llenan de energía el Coliseo de Ferias Manuel Victoria Rojas 🎪
🎉 ¡Así se vive el Festival de la Juventud 2025! 🚀🎶",0,"08/16/2025 14:42",https://www.instagram.com/p/DNbm6O3u1ID/,"Secuencia de Instagram",,Total,7274,1714,89,2,0,0,2
18044851124652902,17841465258460662,secre.bienestarsocialtulua,"SECRETARIA DE BIENESTAR SOCIAL","“✨🙌 Los jóvenes volvieron a unirse con toda su energía y alegría en el primer día de la #SemanaDeLaJuventud 🎉💃🕺. Estudiantes de diferentes colegios participaron en esta espectacular jornada llena de talento 🎤, diversión 😎 y unión 🤝, demostrando que cuando la juventud se encuentra, ¡todo es posible! 💛🔥”",67,"08/16/2025 08:14",https://www.instagram.com/reel/DNa6aastBx2/,"Reel de Instagram",,Total,2331,,74,5,,0,0
18056272184526063,17841402591799685,alcaldiadetulua,"Alcaldía de Tuluá","🎉📅 ¡Agéndate para un finde espectacular en Tuluá!

En la zona rural y urbana tenemos una programación cultural y tradicional que no te puedes perder.
✨ Desliza y descubre todos los eventos para que armes plan con tu familia y amigos.

💙 ¡Te esperamos en el mejor parche del fin de semana! #ParaSerFelices",0,"08/16/2025 04:58",https://www.instagram.com/p/DNakG1iAiwt/,"Secuencia de Instagram",,Total,7164,1815,62,9,1,0,1
18318349573208648,17841402591799685,alcaldiadetulua,"Alcaldía de Tuluá","¡Capturados en Piques Ilegales!❌❌🚨

Gracias a la rápida acción de nuestra Policía Nacional, 3 sujetos que participaban en piques ilegales en el barrio Bosques de Maracabio fueron capturados.
🔹 Acceso carnal abusivo
🔹 Comparendos porte de armas blancas y alucinógenos

💪 Desde la Administración Municipal y la Fuerza Pública seguimos trabajando por la seguridad y tranquilidad de los tulueños. #ParaSerFelices",104,"08/15/2025 16:17",https://www.instagram.com/reel/DNZM-1-vH4L/,"Reel de Instagram",,Total,14147,4957,213,20,4,7,5
18108006880548241,17841402591799685,alcaldiadetulua,"Alcaldía de Tuluá","📚 Foro Educativo Comunidad en Red: ¡educación que transforma!🙌🏼

Junto a los docentes de Tuluá, reflexionamos sobre los retos del futuro: inteligencia artificial, virtualidad, formación emocional y ciudadanía digital. 🌐💡
¡La educación evoluciona para formar ciudadanos integrales! 🚀 #ParaSerFelices",0,"08/15/2025 14:54",https://www.instagram.com/p/DNZDejKvR8o/,"Secuencia de Instagram",,Total,8915,2967,81,3,0,0,1
18059656523367697,17841402591799685,alcaldiadetulua,"Alcaldía de Tuluá","🚐✨ ¡La Ruta de la Felicidad llegó a Barragán!

Nos descentralizamos con toda nuestra oferta institucional➡️ Llevamos salud 👩‍⚕️, Sisbén 📋, vacunación 🐶, cultura 🎨, recreación ⚽ y mucho más para los tulueños de esta zona rural alta.🌄
¡Seguimos cumpliendo con bienestar y servicios de calidad! #ParaSerFelices💙",0,"08/15/2025 11:58",https://www.instagram.com/p/DNYvZ0-PtXt/,"Secuencia de Instagram",,Total,11274,3192,128,12,1,0,3
18051886607210651,17841411919702656,hospitalrubencruzvelez,"Hospital Rubén Cruz Vélez","🎉🔥 ¡Seguimos en modo juventud!
En el Joven Fest 2025 el PIC y nuestros Equipos Básicos de Salud llevaron bienestar, prevención, vacunación, trabajo social y mucho cuidado para todos. 💙

Porque la juventud se vive con salud…
Hospital Rubén Cruz Vélez, estamos transformando la salud.✨🤩",0,"08/15/2025 08:57",https://www.instagram.com/p/DNYasoeNoAH/,"Secuencia de Instagram",,Total,9884,2707,97,14,3,1,2
17927415932984102,17841402591799685,alcaldiadetulua,"Alcaldía de Tuluá","🔥🙌 ¡Ya arrancó el primer día del JOVENFEST 2025!

Estamos en el 📍Coliseo de Ferias Manuel Victoria Rojas con actividades como: 🧠 bienestar emocional, 🩺 atención primaria en salud, 💬 atención en salud sexual y reproductiva, 💼 feria de empleabilidad, presentaciones artísticas, rumboterapia, recreación y ¡mucho más! ✌🏽😎

Estaremos hasta las 12:00 m. 💙 ¡Te esperamos para que vivas la juventud al máximo! 😎 #ParaSerFelices",0,"08/15/2025 07:47",https://www.instagram.com/p/DNYSoU1AuWC/,"Secuencia de Instagram",,Total,13542,4434,177,10,2,0,2
18362826559154944,17841402591799685,alcaldiadetulua,"Alcaldía de Tuluá","✨ ¡Invertimos en el futuro de Tuluá! ✨

Avanzamos con obras que transforman vidas, destinando casi 600 millones de pesos a la adecuación y mejoramiento de:

🏫 Centros de Desarrollo Infantil Cariñositos y Semillitas
🎠 Parque de la Primera Infancia
🏡 Casa de los Abuelos

Espacios renovados, seguros y llenos de vida para nuestros niños, niñas, adolescentes y adultos mayores. 💙

#ParaSerFelices",62,"08/14/2025 17:26",https://www.instagram.com/reel/DNWv4j3vNDz/,"Reel de Instagram",,Total,5902,2190,63,7,1,3,0
17911958562188055,17841402591799685,alcaldiadetulua,"Alcaldía de Tuluá","¡En El Diamante ahora se transita con tranquilidad! 🚧💪🏼

Un nuevo muro de contención en piedra, alcantarillado y una vía segura están transformando la movilidad y evitando accidentes en la zona rural alta de nuestro municipio. 💙✌🏽Obras  #ParaSerFelices",49,"08/14/2025 09:13",https://www.instagram.com/reel/DNV3aq-AJUK/,"Reel de Instagram",,Total,10567,2946,79,9,2,0,2
17956697534991920,17841400356362656,infitulua,"INFITULUÁ E.I.C.E","🛠 Mantenimiento que cuida lo nuestro 🏢

En Infituluá trabajamos todos los días para mantener en óptimas condiciones nuestras Unidades de Negocio.

Con nuestra cuadrilla de mantenimiento permanente atendemos de manera oportuna las necesidades de cada espacio.

🏗 Más de $45 millones invertidos en la reparación del techo y el cambio de vigas del Centro Comercial Pabellón en trabajo conjunto con los comerciantes. 

Todo esto para garantizar la seguridad, comodidad y bienestar de los vendedores y de los miles de tulueños que visitan este lugar icónico de la ciudad.

📍 Centro Comercial Pabellón, patrimonio de todos.

#ObrasQueTransforman
#ParaSerFelices 💙",0,"08/14/2025 08:41",https://www.instagram.com/p/DNVz_Wkg4HX/,"Secuencia de Instagram",,Total,4246,915,33,1,0,0,0
18123855397475670,17841402591799685,alcaldiadetulua,"Alcaldía de Tuluá","➡️Conoce la historia de María Cruz, la reina del Centro Día “Para Ser Felices” ✨💙

💙👵 Así como María Cruz, 150 abuelitos viven días llenos de cuidado, alegría y amor en nuestro programa Centro Día Para Ser Felices. 🌟
Aquí encuentran 🍽️ alimentación, 🎯 recreación, 🩺 salud, 💬 acompañamiento psicosocial… y sobre todo, cariño y sonrisas que iluminan cada jornada. Aquí transformamos vidas #ParaSerFelices 💙💪🏼",89,"08/13/2025 16:29",https://www.instagram.com/reel/DNUEcyaPFR0/,"Reel de Instagram",,Total,6905,1920,78,6,0,4,1
18050420969208161,17841402591799685,alcaldiadetulua,"Alcaldía de Tuluá","🔥🙌 Este fin de semana, el JOVENFEST 2025 será tu parche 💙

Desliza y conoce lo que tenemos programado para celebrar la juventud: 🧠 bienestar emocional, 🩺 salud, 💼 empleabilidad, 🐶🐱 vacunación de mascotas, 🎤 presentaciones artísticas, 🏍️ show de STUNT, 🌈 Color Fest, batallas de Hip-Hop & DJ’s 🎨 concurso de graffiti y mucho más para que parches con tus amigos. 😎

📅 Viernes 15 y sábado 16 de agosto – Coliseo de Ferias Manuel Victoria Rojas

💙🤩 Espacios para crear y vivir la juventud al máximo. #ParaSerFelices",0,"08/13/2025 11:19",https://www.instagram.com/p/DNThTWRvnLT/,"Secuencia de Instagram",,Total,18810,6509,174,119,10,3,14
17891220342313443,17841402591799685,alcaldiadetulua,"Alcaldía de Tuluá","¿Sabías que Tuluá es tierra de humedales y que descubrimos uno recientemente en el corregimiento de Quebrada Grande? 🌿💧

Salimos a preguntarle a los tulueños cuántos tenemos… ¡y las respuestas te van a sorprender!😅

Y tú, ¿conocías toda la riqueza natural que tenemos en nuestro municipio?✌🏽😎 Déjanos tu comentario ⬇️",57,"08/13/2025 08:42",https://www.instagram.com/reel/DNTO4-2OiJd/,"Reel de Instagram",,Total,8856,3407,166,9,4,1,3
18084463414835320,17841400356362656,infitulua,"INFITULUÁ E.I.C.E","🚦💡 ¡En Tuluá no dormimos cuando se trata de tu seguridad vial!

Nuestra cuadrilla permanente de semaforización trabaja 24/7 para que la movilidad en la ciudad fluya sin interrupciones.

👷‍♂️ Ingenieros y técnicos se encargan de dar mantenimiento preventivo y correctivo a los semáforos, solucionando la mayoría de fallas de inmediato y atendiendo casos complejos con especialistas.

✅ Menos accidentes
✅ Movilidad más ágil
✅ Semáforos confiables en todo momento

La @alcaldiadetulua sigue firme en su compromiso de cuidarte en cada cruce.

#TransformandoATuluá
#MovilidadSegura
#ParaSerFelices 💙",46,"08/12/2025 15:13",https://www.instagram.com/reel/DNRW5TRJuYV/,"Reel de Instagram",,Total,7259,3873,162,13,0,9,4
18367724716178840,17841402591799685,alcaldiadetulua,"Alcaldía de Tuluá","¡Canalizamos Río Tuluá: Reducimos inundaciones! 💪🏼🌊❌ 💪🏼🌊❌

Hoy estamos realizando canalización del río Tuluá para proteger las márgenes, evitar desbordamientos y reducir el riesgo de inundaciones. 🛠️🏞️📏 Son 250 metros lineales intervenidos, que aportan al bienestar de los habitantes de barrios aledaños. 💪🌧️
En Tuluá, prevenir es proteger. ✅ #ParaSerFelices",0,"08/12/2025 09:57",https://www.instagram.com/p/DNQzHnQgRI2/,"Secuencia de Instagram",,Total,3745,1311,48,3,0,0,0
17983883147712052,17841402591799685,alcaldiadetulua,"Alcaldía de Tuluá","🏫🔨 ¡Nuestras instituciones estrenan techo! 💙

En la I.E. Julia Restrepo y la I.E. María Antonia Ruiz (sede Jesús Maestro) reemplazamos techos y mejoramos los espacios, para que nuestros niños y jóvenes aprendan en aulas más seguras, cómodas y llenas de vida. 👦👧📚
💡✨ En Tuluá, invertir en educación es sembrar futuro. 🌟 Espacios que Transforman a Tuluá. #ParaSerFelices 💪🏼💙",42,"08/11/2025 14:24",https://www.instagram.com/reel/DNOswG5PgqL/,"Reel de Instagram",,Total,9984,3402,76,4,3,6,0
18516888388012389,17841402591799685,alcaldiadetulua,"Alcaldía de Tuluá","🌾🛒 ¡El Mercado Campesino llegó a La Iberia! 💙

👩‍🌾👨‍🌾 22 productores tulueños de 8 asociaciones llevaron lo mejor de sus productos al Mercado Campesino en el 📍Cruce de La Iberia, una jornada que reunió a más de 100 asistentes. 🥦🍅🥔
💉🩺 Además, hubo atención de los Equipos Básicos en Salud y servicios de Renta Ciudadana, acercando oportunidades y bienestar a la comunidad. 🤝✨ #ParaSerFelices",41,"08/11/2025 09:29",https://www.instagram.com/reel/DNOK38-AkYb/,"Reel de Instagram",,Total,5645,2875,48,4,1,0,1
18071706746107470,17841402591799685,alcaldiadetulua,"Alcaldía de Tuluá","#Noticias | Conoce las noticias más importantes de la semana en el nuevo episodio de 45 Segundos #ParaSerFelices 🤩✌🏽",78,"08/09/2025 15:52",https://www.instagram.com/reel/DNJtF7rPA2I/,"Reel de Instagram",,Total,3667,1531,45,1,1,0,0
18075218290797447,17841465258460662,secre.bienestarsocialtulua,"SECRETARIA DE BIENESTAR SOCIAL","✨ ¡Celebremos nuestras raíces! 🌿👣
Más de 300 personas se unieron a la conmemoración del Día Internacional de los Pueblos Indígenas en Tuluá 💫. Vivimos una jornada llena de cultura, arte, gastronomía y saberes ancestrales 🪶🍲🧬.
Una muestra viva de la riqueza y sabiduría de nuestras comunidades indígenas, que nos recuerdan quiénes somos y hacia dónde vamos. 🫶🌍

#ParaSerFelices",0,"08/08/2025 14:14",https://www.instagram.com/p/DNG9YCmS666/,"Secuencia de Instagram",,Total,8731,,109,4,,4,0
17860644684393888,17841402591799685,alcaldiadetulua,"Alcaldía de Tuluá","🎨🎹 ¡Juan José nos inspira! 💙

🥹 Conoce la historia de este joven de 24 años que, teniendo una discapacidad, encontró en el Centro Cultural Edmundo Arias de Nariño 🎨🖌️ un lugar donde sus sueños no tienen límites. Hoy participa en talleres gratuitos de pintura y piano 🎹, en un espacio seguro, inclusivo y lleno de amor y respeto.

Porque en Tuluá creemos en el poder del arte para transformar vidas #ParaSerFelices 💫",64,"08/06/2025 16:30",https://www.instagram.com/reel/DNCDNz_PjUl/,"Reel de Instagram",,Total,14204,3250,128,10,1,7,4
18108237622551611,17841402591799685,alcaldiadetulua,"Alcaldía de Tuluá","¡Sajonia tendrá nuevo parque! 🌳✨

Un espacio que será transformado para el disfrute de las familias tulueñas. Con zonas verdes, nuevas sillas e infraestructura, iluminación y embellecimiento floral y ornamental 🌿 ¡Seguimos recuperando espacios #ParaSerFelices!💙",46,"08/06/2025 09:49",https://www.instagram.com/reel/DNBVCPmgJrt/,"Reel de Instagram",,Total,14435,3770,148,15,2,6,3
18153811549376892,17841402591799685,alcaldiadetulua,"Alcaldía de Tuluá","🌺 ¡Estambul cambió de cara! 🌿

La entrada a la carrera 30 ahora luce más viva y colorida gracias a los 110 metros lineales de nuevas plantas que adornan este sector, con la siembra de 7 especies plantas ornamentales, pasto y vegetación 🌸🚧 ✨ Transformamos los espacios en Tuluá 🌼 #ParaSerFelices 💙",59,"08/05/2025 17:46",https://www.instagram.com/reel/DM_nLOGvyP3/,"Reel de Instagram",,Total,13099,4243,163,14,0,9,3
18070052662888984,17841431512646378,puntosinnova,"Punto Innova","💻 ¡24 nuevos computadores llegaron al Punto Innova José Antonio Galán!
Con ellos seguimos cerrando la brecha digital en Tuluá.
📶 Equipos listos para conectarte al conocimiento: acceso a internet, cursos virtuales, herramientas de oficina y mucho más.

🎯 Son gratuitos y están al servicio de toda la comunidad.
Porque el acceso a la tecnología no debe ser un privilegio, sino un derecho.

#PuntoInnova #TuluáConectada #BrechaDigitalCero #TecnologíaParaTodos",52,"08/05/2025 11:14",https://www.instagram.com/reel/DM-6S6uOWOi/,"Reel de Instagram",,Total,2641,,40,4,,0,0
18185764648326246,17841402591799685,alcaldiadetulua,"Alcaldía de Tuluá","Estudiantes universitarios reciben beneficio alimentario 🎓🍽️

34 estudiantes de la Unidad Central del Valle, UCEVA, ahora recibirán alimentación diaria.🍛 Con esta nueva iniciativa, que busca evitar la deserción en la educación superior, brindamos apoyo a jóvenes que no cuentan con los recursos económicos suficientes ni redes de apoyo familiares en la ciudad🤝 para que puedan continuar sus estudios sin preocuparse por su alimentación.  Acciones #ParaSerFelices 💙💪🏼",85,"08/05/2025 10:28",https://www.instagram.com/reel/DM-0tKVPXZB/,"Reel de Instagram",,Total,21123,8539,404,72,3,4,12
18075258008004734,17841402591799685,alcaldiadetulua,"Alcaldía de Tuluá","Llegamos a Altaflor y La Balastrera🚐💙

Con atención integral en estos sectores, seguimos llevando servicios esenciales a nuestras comunidades rurales.

👩🏽‍⚕️ Atendiendo a +150 personas con Equipos Básicos de Salud, Programas Nacionales y Sisbén

🎨 Además, llevamos salud, cultura, vacunas antirrábicas y alegría a estos territorios.🌟 Espacios #ParaSerFelices porque en Tuluá... ¡la transformación se vive en cada rincón! ✌🏽💙",0,"08/04/2025 16:17",https://www.instagram.com/p/DM84QVOvhto/,"Secuencia de Instagram",,Total,3368,1184,42,2,0,0,0
18058223546594756,17841410990750626,ucevacol,"Uceva (oficial)","📚✨ Te invitamos a ser parte del I Festival Literario ""Tejiendo Letras"" – Microcuento, un espacio creativo donde las grandes historias caben en pocas palabras. Esta es tu oportunidad de dejar volar tu imaginación, compartir tu voz y tejer letras con impacto.
Conoce más sobre esta convocatoria en el enlace en biografía.",0,"08/04/2025 14:01",https://www.instagram.com/p/DM8orUJoNv0/,"Imagen de Instagram",,Total,11374,,102,23,,0,0
18074369365992107,17841402591799685,alcaldiadetulua,"Alcaldía de Tuluá","¡Regresan los Juegos Intercolegiados! 🏆🔥

¡La emoción del deporte escolar vuelve con toda! Más de 3.100 estudiantes participan en esta gran fiesta deportiva que reune a lo mejor del talento juvenil en 22 disciplinas. ⚽🏀🏐🥋🎾

💪 ¡Porque en Tuluá, el deporte también es formación! #ParaSerFelices 💙",50,"08/04/2025 10:28",https://www.instagram.com/reel/DM8QE2lvxf9/,"Reel de Instagram",,Total,7634,2827,129,15,4,0,0
17907732300194778,17841402591799685,alcaldiadetulua,"Alcaldía de Tuluá","#Noticias | Desde el Foro Comunal 2025, te contamos las noticias más importantes de la semana. Nuevo episodio de 45 Segundos #ParaSerFelices 🤩✌🏽",68,"08/02/2025 15:57",https://www.instagram.com/reel/DM3sL53P015/,"Reel de Instagram",,Total,5914,2132,103,3,0,3,0
18094837606628530,17841402591799685,alcaldiadetulua,"Alcaldía de Tuluá","👥 Líderes comunales serán capacitados en Tuluá 💪

Más de 100 representantes de diferentes sectores del municipio participaron este sábado en el Gran Foro Comunal 2025, un espacio diseñado para fortalecer sus capacidades en liderazgo, economía solidaria y emprendimiento.

Un encuentro de formación clave para el fortalecimiento de las Juntas de Acción Comunal. Espacios ParaSerFelices 💙✌🏽",0,"08/02/2025 12:12",https://www.instagram.com/p/DM3Sq6hOirE/,"Secuencia de Instagram",,Total,3905,1295,48,0,0,0,1
18038722091656200,17841402591799685,alcaldiadetulua,"Alcaldía de Tuluá","🎉 ¡Así reaccionaron los nuevos artistas! 🎨🎭🎶

Estos talentosos artistas ya hacen parte de la primera promoción de la Escuela Municipal de Arte, formados como Técnicos Laborales en Artes con énfasis en música, danza, teatro y artes plásticas. 💃🖌️🥁 ¡Y estas son sus reacciones! 👏🏽💙

Seguimos apostándole al arte como una verdadera forma de vida. #ParaSerFelices 🎓✨",62,"08/01/2025 15:32",https://www.instagram.com/reel/DM1EfmRPGaE/,"Reel de Instagram",,Total,5446,2366,75,8,1,0,2
18101917420519793,17841402591799685,alcaldiadetulua,"Alcaldía de Tuluá","🥇🏆 ¡Tuluá se mantiene Tercero en Juegos Departamentales! 💥🙌

Con 98 medallas y más de 350 deportistas entregando lo mejor en 33 disciplinas, nuestro municipio se consolida en el tercer lugar del medallero, dejando en alto el nombre de Tuluá. 💚🔥

🏋️‍♀️⚽🎾🏐 Disciplinas como pesas, fútbol femenino, tenis de mesa y voleibol han sido clave en este gran logro. ¡Seguimos demostrando que el talento tulueño no tiene límites! 💪 #ParaSerFelices",0,"08/01/2025 12:23",https://www.instagram.com/p/DM0vIxmPpKi/,"Secuencia de Instagram",,Total,10344,3279,111,17,0,2,3
17956591106966563,17841402591799685,alcaldiadetulua,"Alcaldía de Tuluá","🚧 ¡Ahora Progresar va hasta la 40! 🚗✨

Con obras como el paso de la calle 34, o el box culvert de la calle 23 los tulueños ahora pueden llegar más rápido y de manera más ágil a sus sentidos con vías totalmente renovadas 🛣️.

Con esto, seguimos mejorando la movilidad en nuestro municipio 💪🏽🏙️. #ParaSerFelices",68,"08/01/2025 07:13",https://www.instagram.com/reel/DM0LbPAAUem/,"Reel de Instagram",,Total,40929,7520,462,32,6,34,7
18029005541704035,17841402591799685,alcaldiadetulua,"Alcaldía de Tuluá","🎓✨ ¡Tuluá graduó 27 artistas! 🎭🎶🎨💃

27 tulueños se graduaron hoy como la primera promoción de la Escuela Municipal de Arte, un sueño hecho realidad gracias al liderazgo del alcalde Gustavo Vélez Román 💙🙌 👩‍🎓👨‍🎓 Nuestros estudiantes recibieron su certificado técnico laboral por competencias, después de 15 meses de formación en 🎼 Música, 🎭 Teatro,🎨 Artes Plásticas y💃 Danza. #ParaSerFelices 💙✌🏽",0,"07/31/2025 16:55",https://www.instagram.com/p/DMypfJPOk4H/,"Secuencia de Instagram",,Total,11093,3975,189,6,0,5,4
18061274390013940,17841402591799685,alcaldiadetulua,"Alcaldía de Tuluá","Luzmila, Madre sustituta y ejemplo de entrega 👩‍👧🌟

Hoy, tiene bajo su cuidado a una niña con discapacidad.💜 Gracias a su compromiso, Luzmila ahora es beneficiaria de los programas que ofrece la Administración Municipal y que fortalecen su labor como cuidadora. 🙌💙

Porque ser cuidadora también es amar… y su historia merece ser reconocida. #ParaSerFelices 💙",91,"07/30/2025 17:24",https://www.instagram.com/reel/DMwH0eYPV60/,"Reel de Instagram",,Total,6834,2659,97,7,0,3,2
17979114866851221,17841402591799685,alcaldiadetulua,"Alcaldía de Tuluá","🚧 ¡Iniciamos pavimentación en la calle 29A! 🛣️💪

Con 47 metros lineales, arrancamos una obra clave para la movilidad en el barrio Sajonia, una vía que muy pronto conectará de forma segura con la carrera 19 y los barrios Pueblo Nuevo y Progresar. ✅

Esta pavimentación no solo mejora el tránsito, también rompe barreras y une a más tulueños. ¡Seguimos cerrando brechas con obras que transforman! 💙🙌 #ParaSerFelices",22,"07/30/2025 11:26",https://www.instagram.com/reel/DMve75xPmth/,"Reel de Instagram",,Total,10282,2619,94,5,1,2,0
18314909389214434,17841402591799685,alcaldiadetulua,"Alcaldía de Tuluá","🔥 ¡Llega Agosto y con él un gran espacio para los jóvenes! 🎉🙌

Si tienes entre 14 y 28 años… ¡esto es para ti! Prepárate para vivir dos días llenos de energía, talento y color en el JovenFest 2025 🎶🎨🌈
Este 15 y 16 de agosto, el Coliseo de Ferias será el punto de encuentro de los jóvenes tulueños para disfrutar lo mejor de la creatividad, el emprendimiento y la cultura.

🧑🏽‍🎤 Feria de emprendimiento
🏍 Torneo de stunt
🎨 Taller de graffiti
🎭 Presentaciones artísticas
🌈 Y para cerrar… ¡el increíble Color Fest!

🎥 Pasa esta info a tus parches y nos vemos en el JovenFest. 💙🔥 #ParaSerFelices #JovenFest2025",33,"07/29/2025 17:48",https://www.instagram.com/reel/DMtl3PUP-DL/,"Reel de Instagram",,Total,11851,5187,145,92,3,9,6
18110872639520970,17841402591799685,alcaldiadetulua,"Alcaldía de Tuluá","🛠️💧¡Puerto Frazadas ahora duerme tranquilo!

Con una obra de 31 metros lineales, realizamos el recalce del muro en este corregimiento, fortaleciendo la protección contra inundaciones y reduciendo riesgos de desastres naturales.

Esta intervención mejora la seguridad de las familias y demuestra que ¡sí estamos transformando la infraestructura de nuestra zona rural! 🌱🚜 #ParaSerFelices 💙",39,"07/29/2025 10:50",https://www.instagram.com/reel/DMs1ReAvX5A/,"Reel de Instagram",,Total,5744,2652,63,38,0,3,0
18036247064418922,17841402591799685,alcaldiadetulua,"Alcaldía de Tuluá","🚀 ¡Emprende, crece y transforma tu futuro con ConRed! 🌟

¿Tienes un emprendimiento físico o virtual? ¿Quieres fortalecer tu perfil profesional? 💼✨
Entonces este programa es para ti. ConRed es una estrategia de competitividad y turismo pensada para impulsar el desarrollo socioeconómico de Tuluá, ¡y tú puedes ser parte! 🙌

📍 Acércate a las oficinas de Planeación o Renta Ciudadana en el segundo piso del Centro Comercial Bicentenario Plaza e inscríbete antes del 4 de agosto. 💡 ¡No dejes pasar esta oportunidad de crecer con tu ciudad! 💙 #ParaSerFelices",33,"07/28/2025 16:50",https://www.instagram.com/reel/DMq6TAZPg5O/,"Reel de Instagram",,Total,6696,3010,75,13,3,0,6
18049408964219453,17841400356362656,infitulua,"INFITULUÁ E.I.C.E","🚧✨ ¡La transformación en la calle 23 ya es una realidad!

Con la construcción del paso a desnivel, la Administración Municipal del ingeniero Gustavo Adolfo Vélez Román, busca conectar el barrio Escobar con el barrio Rojas, avanzando hacia una Tuluá más conectada, moderna y eficiente.

✅ Mejora la movilidad
✅ Reduce tiempos de desplazamiento
✅ Impulsa el desarrollo urbano

Una obra que ejecuta Infituluá y que unirá lo que antes estaba dividido, pensada para el bienestar de todos los tulueños.

#ObrasQueTransforman
#ParaSerFelices #TuluáSeMueve",63,"07/28/2025 12:18",https://www.instagram.com/reel/DMqbFyZJHW0/,"Reel de Instagram",,Total,9102,5276,269,43,6,23,6
17999849729640563,17841402591799685,alcaldiadetulua,"Alcaldía de Tuluá","💛 Más de 150 abuelitos disfrutaron de la muestra cultural en el Centro Día #ParaSerFelices 💙✌🏽

Estos adultos mayores vivieron un espacio donde las risas y la creatividad no tienen edad 🎨🤹‍♂️✨ con diferentes muestras culturales y feria de emprendimiento 🛍️👵👴, nos enseñaron que nunca es tarde para soñar, crear y brillar.

¡Porque la felicidad también se vive en grande! 🌈💫",47,"07/28/2025 10:51",https://www.instagram.com/reel/DMqRT63PJUh/,"Reel de Instagram",,Total,5136,1833,60,7,2,0,0
18095501236618870,17841402591799685,alcaldiadetulua,"Alcaldía de Tuluá","🎉 ¡Más de 3.000 asistentes en la segunda edición del 1/4 de Milla!🏁🔥

Así se vivió un fin de semana cargado de emoción en el Aeropuerto Heriberto Gil Martínez, una de las mejores pistas del país.

🏎️💥 Más de 130 pilotos de todo Colombia hicieron vibrar la pista y el público se dejó llevar por la velocidad y la adrenalina.

🔥 ¡Gracias, Tuluá!
Una vez más la rompimos… y esto apenas comienza. 😎Nos vemos en octubre con más potencia y pasión. #ParaSerFelices",39,"07/27/2025 15:39",https://www.instagram.com/reel/DMoNcFwvqC5/,"Reel de Instagram",,Total,11446,4196,187,15,5,2,1
18051136463625482,17841402591799685,alcaldiadetulua,"Alcaldía de Tuluá","🏁 ¡Más de 2.700 personas ya disfrutan de la velocidad en Tuluá! 🏎️🔥

En este segundo día del 1/4 de Milla Tuluá 2025, vivimos las emocionantes finales junto a 134 pilotos y los carros más rápidos de Colombia.

🚗💨 Aún estás a tiempo de venir con tu familia y amigos.
📍 Estaremos hasta las 6:00 p. m.
¡No te lo pierdas, la pista está encendida! 💥 #ParaSerFelices 💙",0,"07/27/2025 10:43",https://www.instagram.com/p/DMnrtZev4iq/,"Secuencia de Instagram",,Total,11316,3274,297,18,2,3,5
17858621265461848,17841402591799685,alcaldiadetulua,"Alcaldía de Tuluá","🚨✅Hoy desde el @cuartodemillatulua_2025 🏁 te contamos las noticias más importantes de la semana en 45 segundos #ParaSerFelices 😎✌🏽",81,"07/26/2025 16:41",https://www.instagram.com/reel/DMlvuN6vch_/,"Reel de Instagram",,Total,7688,2464,77,4,1,0,1
17914424964153648,17841402591799685,alcaldiadetulua,"Alcaldía de Tuluá","🎤 ¿Qué piensan los asistentes del @cuartodemillatulua_2025?
🏁 ¡Aquí nos cuentan! 🔥 ➡️ @jerogtr y @cazador_rs69 

La emoción, la velocidad y la pasión por los motores se viven al máximo en esta segunda edición de este evento que hace vibrar a Tuluá.

🚗💨 Aún estás a tiempo de venir y disfrutar de esta gran experiencia con los mejores pilotos de Colombia, en una de las mejores pistas del país. 🏁🇨🇴

📍 Te esperamos hasta las 6:00 p. m. en el Aeropuerto Heriberto Gil Martínez. ¡No te lo pierdas! 😎✌🏽",89,"07/26/2025 12:44",https://www.instagram.com/reel/DMlUkHQP4cA/,"Reel de Instagram",,Total,47968,9848,435,172,8,41,13
18056099504582807,17841402591799685,alcaldiadetulua,"Alcaldía de Tuluá","🔥 ¡Así arrancamos con toda la energía el primer día del 1/4 de Milla en Tuluá! 🏁💨

Los asistentes ya sienten la adrenalina en una de las mejores pistas del país: el Aeropuerto Heriberto Gil Martínez.😎

🚗💥 La segunda edición de esta fiesta de la velocidad ya está en marcha y tú no te la puedes perder.

📍 Ven con tu parche, vibra con los motores y vive este espectáculo único en el corazón del Valle. #ParaSerFelices",0,"07/26/2025 10:46",https://www.instagram.com/p/DMlHOKPP-9r/,"Secuencia de Instagram",,Total,22153,6190,504,33,7,4,8
17948746233006377,17841402591799685,alcaldiadetulua,"Alcaldía de Tuluá","🚀 ¡Más de 200 personas podrán acercarse a la tecnología en San Pedro Claver! 😎✌🏽

Entregamos más de 20 computadores al @puntosinnova del barrio San Pedro Claver, donde la comunidad podrá acceder gratuitamente a estos equipos para estudiar, trabajar o capacitarse.😎✅

Con estos computadores inclusivos, seguimos cerrando la brecha digital y brindando herramientas que transforman vidas, construyendo juntos un Tuluá más equitativo, conectado e innovador. 🌐💻
#ParaSerFelices",62,"07/25/2025 15:26",https://www.instagram.com/reel/DMjCY8MvE_O/,"Reel de Instagram",,Total,8174,2511,87,3,1,9,1
18039234860651539,17841402591799685,alcaldiadetulua,"Alcaldía de Tuluá","📚 ¡200 estudiantes de Monteloro recibieron dotación escolar!

Con 50 sillas, mesas y nuevos libros, la Alcaldía de Tuluá llegó a la 📍I.E Monteloro, beneficiando a los niños y niñas de sus sedes rurales.

Ahora recibirán sus clases en mejores condiciones gracias a la gestión del alcalde @gustavovelezr. 💙🏫 Transformamos la educación rural #ParaSerFelices",28,"07/25/2025 09:45",https://www.instagram.com/reel/DMibYitg3Ok/,"Reel de Instagram",,Total,4779,1316,42,0,0,1,0
18122582740475551,17841402591799685,alcaldiadetulua,"Alcaldía de Tuluá","🌱 ¡Llegamos con educación ambiental a los colegios! 

Con charlas sobre conciencia ambiental, cultura ciudadana, manejo del ruido y teatro educativo 🎭, seguimos formando estudiantes más conscientes.
junto con @centroaguas.sa.esp y @cvc_ambiental💧 Aprendieron sobre el agua, el ruido y cómo cuidar el planeta desde su colegio 🌎♻️
#paraserfelices #TuluáSeTransforma",42,"07/24/2025 16:33",https://www.instagram.com/reel/DMgkGK2OnVC/,"Reel de Instagram",,Total,3490,1584,39,2,0,0,1
17899678641248603,17841402591799685,alcaldiadetulua,"Alcaldía de Tuluá","🚧 ¡Así avanza el Intercambiador de la 40! 🏗️

Con excavaciones, demolición del pavimento antiguo y traslado de redes, ya se transforma la movilidad en el noroccidente de Tuluá. En el costado del Parque de la Familia, avanzamos con los trabajos para dar paso a la futura rotonda que conectará la carrera 40 con el barrio Fátima. 🔄🚗 

Todo esto, gracias a la gestión del alcalde @gustavovelezr en articulación con @infitulua, apostándole a la transformación de Tuluá. 💙🌱 #ParaSerFelices",31,"07/24/2025 06:53",https://www.instagram.com/reel/DMfhktkAsX1/,"Reel de Instagram",,Total,13765,3941,161,21,0,8,1
17960982815956974,17841402591799685,alcaldiadetulua,"Alcaldía de Tuluá","🎥✨ Conoce a Angélica y su sabor artesanal con @paperussa.artesanal 🍰👩🏻‍🍳

Una chef y repostera tulueña con un talento único para la cocina artesanal, que transforma ingredientes en experiencias inolvidables. 🥐🍓

Su emprendimiento fue protagonista en la Feria de Emprendimiento Impulsando Comunidades, una iniciativa de @fundacionlevapan, @camaratulua y @alcaldiadetulua que impulsa los sueños y el talento local. 💼🌟

Descubre su historia y cómo, con creatividad, dedicación y mucho amor, Angélica está conquistando Tuluá con cada receta. #ParaSerFelices 💙🔥",142,"07/23/2025 16:42",https://www.instagram.com/reel/DMd_3LAvdJj/,"Reel de Instagram",,Total,11813,5207,383,23,4,67,6
18521430490061949,17841402591799685,alcaldiadetulua,"Alcaldía de Tuluá","🎥 ¡Aquí sí contamos! Cultura y Bienestar con espacios para crecer 💡👧🏻👧🏽

En Tuluá, las voces de nuestras niñas niños y jóvenes, son escuchadas y valoradas. 🙌  Por eso, seguimos apostándole a la transformación social a través de la cultura, el arte y la formación. 🎨📚

Con talleres, cursos y espacios diseñados para fortalecer el tejido social y descubrir talentos, seguimos abriendo caminos para que nuestras nuevas generaciones crezcan felices, seguras y con oportunidades. #ParaSerFelices 💙",50,"07/23/2025 08:36",https://www.instagram.com/reel/DMdJ1J1gJvT/,"Reel de Instagram",,Total,10346,5828,235,29,6,7,9
18051561047417542,17841402591799685,alcaldiadetulua,"Alcaldía de Tuluá","🚧✨ ¡Adiós a los huecos en la calle 34!

Así se ven 1.400 metros lineales de topping en esta vía que conecta a 5 barrios, y hoy está totalmente recuperada con topping, ofreciendo mejor movilidad y calidad de vida a los tulueños. ✌🏽

💙 ¡Aquí trabajamos día y noche para seguir transformando a Tuluá en la ciudad que soñamos #ParaSerFelices! 🤩💪🏼",31,"07/22/2025 18:27",https://www.instagram.com/reel/DMbor85giru/,"Reel de Instagram",,Total,89181,14203,465,45,4,23,5
18067292135134371,17841402591799685,alcaldiadetulua,"Alcaldía de Tuluá","🌳 ¡Retiramos árbol que representaba riesgo en la calle 25!

Con una intervención técnica y responsable de la SEDAMA, ahora la calle 25 es un lugar más seguro para peatones y vecinos de la calle 25. 🛣️💙 El árbol retirado presentaba daños estructurales y fitosanitarios, es decir, con afectaciones por plagas o enfermedades que comprometían su estabilidad. 🚶‍♀️🚗 y que podían afectar a peatones y conductores que transitan por el sector. 🚶‍♀️🚗

🌿 Como medida compensatoria, sembramos nuevos árboles en otros sectores del municipio, reafirmando el compromiso del alcalde @gustavovelezr con una Tuluá más verde, segura y sostenible. 💙🍃 #ParaSerFelices",51,"07/22/2025 15:17",https://www.instagram.com/reel/DMbS8sIP6t9/,"Reel de Instagram",,Total,7193,2880,81,3,0,9,3
18067784534120726,17841433443880918,fundacionlevapan,"Fundación Levapan","✨ Gracias por ser parte de la Feria de Emprendimiento Levapan: Impulsando Comunidades

Desde la Fundación Levapan agradecemos a los 70 emprendimientos que participaron en esta gran iniciativa, donde el talento, la creatividad y el esfuerzo local fueron los verdaderos protagonistas.

Gracias al valioso apoyo de la @alcaldiadetulua @camaratulua y @senaclem_tulua seguimos construyendo espacios que impulsan el crecimiento, fortalecen la economía local y generan oportunidades reales para nuestras comunidades.

 ❤️Juntos seguimos transformando vidas a través del emprendimiento.
.
.
#FundaciónLevapan #ImpulsandoComunidades #FeriaDeEmprendimientoLevapan #EmprendimientoLocal #Tuluá #SENA #CámaraDeComercioDeTuluá #AlcaldíaDeTuluá #EmprenderEsCrecer #JuntosTransformamos",0,"07/22/2025 13:02",https://www.instagram.com/p/DMbDqNGxVWc/,"Secuencia de Instagram",,Total,5498,,116,9,,2,0
18085283314699484,17841402591799685,alcaldiadetulua,"Alcaldía de Tuluá","🏅 ¡Tuluá presente en los Juegos Departamentales 2025! ⚽🔥

Estos son algunos de nuestros deportistas tulueños que ya están dejando huella en los Juegos Departamentales. 💪 Ellos integran la selección Tuluá de fútbol masculino, representando con pasión, disciplina y talento a nuestro municipio. 💙⚽

Ellos se unen a los más de 300 jóvenes atletas que participarán en 33 disciplinas deportivas, demostrando que en Tuluá sí se transforma el deporte #ParaSerFelices. 🏃‍♀️🏋️‍♂️

¡Vamos, Tuluá! 💙 💪🏽",24,"07/22/2025 08:25",https://www.instagram.com/reel/DMajw93AgoY/,"Reel de Instagram",,Total,14112,2912,119,15,1,9,1
18068643203029026,17841402591799685,alcaldiadetulua,"Alcaldía de Tuluá","🚧 Agricultores de Tochecito y Altaflor cuentan con mejores vías para sacar sus productos 🌄

Con maquinaria y labores de compactación,  mejoramos la vía para facilitar el transporte de productos frescos del campo a la ciudad, de estudiantes de zona rural y el acceso a servicios. 

💪🌱 Porque una vía en buen estado mejora la calidad de vida de nuestros campesinos. 🌾 #ParaSerFelices 💙",56,"07/21/2025 15:17",https://www.instagram.com/reel/DMYuEXLv_2u/,"Reel de Instagram",,Total,6845,1772,53,4,0,3,0
17971840514763156,17841402591799685,alcaldiadetulua,"Alcaldía de Tuluá","🐾 Un día lleno de huellas, amor y esperanza 💙🤩

Este fin de semana celebramos  el Día Mundial del Perro en el Parque de la Familia📍. Una jornada cargada de emociones, donde tulueños y tulueñas se unieron para honrar la vida de nuestros peludos con amor y compromiso. 🐾🐶

Durante el evento, realizamos vacunación antirrábica gratuita tanto a perritos como gatitos, desparasitación, asesorías sobre tenencia responsable, rifas y actividades para toda la familia. Además, muchos animalitos encontraron una nueva oportunidad de vida gracias a la jornada de adopción liderada por la Fundación Huellitas En La Calle. 🤩🐾💙

¡Porque cada vida cuenta y cada ladrido también merece un hogar! 🐶🏡 #ParaSerFelices",0,"07/21/2025 08:18",https://www.instagram.com/p/DMX-SDLgHAp/,"Secuencia de Instagram",,Total,6808,3145,165,9,1,1,2
18071100638044109,17841402591799685,alcaldiadetulua,"Alcaldía de Tuluá","➡️Conoce las noticias más importantes de la semana en nuestro resumen semanal “45 segundos” #*ParaSerFelices* 💙✅ 😎",62,"07/20/2025 16:14",https://www.instagram.com/reel/DMWP3QJvmrv/,"Reel de Instagram",,Total,4154,1917,41,3,0,2,0
18082148806889170,17841402591799685,alcaldiadetulua,"Alcaldía de Tuluá","🇨🇴✨ Hoy celebramos con orgullo el Día de la Independencia💪🏼

La Plaza Cívica Boyacá se llenó de honor y patriotismo en el homenaje a nuestros símbolos patrios.🎶 Con presentaciones artísticas y culturales vivimos la conmemoración del Grito de Independencia. 🙌 Exaltando la labor de nuestras fuerzas armadas quienes se encargan de la seguridad de nuestro municipio y del país.

¡Viva nuestra historia, viva nuestra gente, viva Colombia! 💛💙❤️ #ParaSerFelices",0,"07/20/2025 09:30",https://www.instagram.com/p/DMVhyJIg3kT/,"Secuencia de Instagram",,Total,10180,5379,410,22,0,4,5
17952119348848767,17841402591799685,alcaldiadetulua,"Alcaldía de Tuluá","🍽️ ¡Ahora 250 personas podrán acceder a alimentación digna y balanceada! 💙✨

El alcalde @gustavovelezr visitó el comedor comunitario del programa “Sazón para Ser Felices” y anunció la ampliación del cupo para beneficiar a niños, adultos mayores y personas vulnerables 👵👦👨‍🦳 Esta estrategia, liderada por la Secretaría de Bienestar Social, se mantendrá hasta el 30 de diciembre de 2025, garantizando acceso a comida saludable para quienes más lo necesitan 🥗🙌

✅ Lucha contra el hambre
✅ Bienestar social
✅ Atención con enfoque humano

¡Así construimos una Tuluá más justa y solidaria! #ParaSerFelices 💙🍲",27,"07/18/2025 15:41",https://www.instagram.com/reel/DMRCjRcPr0Q/,"Reel de Instagram",,Total,8928,2216,68,4,0,0,0
18082211668799905,17841402591799685,alcaldiadetulua,"Alcaldía de Tuluá","🔵 ¡+2.000 personas beneficiadas en Tres Esquinas! 🏥🙌

Con la apertura del Puesto de Salud en este corregimiento, los tulueños tendrán acceso a servicios médicos de calidad, más cerca de sus hogares 💙 El alcalde @gustavovelezr entregó este renovado espacio con atención integral y personal capacitado del Hospital Rubén Cruz Vélez, mejorando la calidad de vida en la zona rural de Tuluá 🌿

¡Seguimos transformando la salud para quienes más lo necesitan! #ParaSerFelices 💙✨",45,"07/18/2025 10:44",https://www.instagram.com/reel/DMQgg3Lvqic/,"Reel de Instagram",,Total,8383,3145,88,13,1,6,0
18072210077064782,17841465258460662,secre.bienestarsocialtulua,"SECRETARIA DE BIENESTAR SOCIAL","¡Más de 200 vidas transformadas! 💚
Durante nuestra jornada de atención integral en el Comedor Sazón para ser Felices, logramos impactar positivamente a más de 200 personas gracias a las diferentes ofertas institucionales que brinda la Administración Municipal, bajo el liderazgo del alcalde Gustavo Adolfo Vélez Román.
Seguimos trabajando con compromiso y corazón por el bienestar de nuestra comunidad tulueña. 💪✨",0,"07/18/2025 09:42",https://www.instagram.com/p/DMQZidbs2RL/,"Secuencia de Instagram",,Total,8178,,95,3,,1,0
17897901966251409,17841400356362656,infitulua,"INFITULUÁ E.I.C.E","🚧 ¡Avanza la transformación más grande de una vía en Tuluá! 🛣️

La calle 34 ya suma más de 900 metros lineales pavimentados con técnica de topping, garantizando mayor resistencia y calidad para todos los tulueños. 👷‍♂️✨

La Administración Municipal del ingeniero @gustavovelezr sigue cumpliendo con obras que conectan barrios, mejoran la movilidad y dignifican el espacio público.

📍¡Así se construye una Tuluá para el presente y el futuro!

#ParaSerFelices 💙
#ObrasQueTransforman 
#TuluáSigueAvanzando",44,"07/18/2025 05:16",https://www.instagram.com/reel/DMP6vdXgBQd/,"Reel de Instagram",,Total,4775,2741,132,6,1,6,1
17904343281212843,17841400356362656,infitulua,"INFITULUÁ E.I.C.E","🚧 ¡Seguimos transformando a Tuluá! 🏡🚧

Con más de 700 m² de ampliación vial, la Administración Municipal del ingeniero Gustavo Adolfo Vélez Román avanza en la modernización de la calle 13 en la zona de Estambul.

✅ Instalación de carpeta asfáltica
✅ Ampliación de la doble calzada
✅ Separador vial
✅ Embellecimiento con zonas verdes

Una obra pensada Para Ser Felices, con más movilidad, seguridad y calidad de vida para todos. 🌱🚗

#TuluáSigueAvanzando
#ObrasQueTransforman 
#ParaSerFelices 💙",23,"07/17/2025 17:45",https://www.instagram.com/reel/DMOr_shpbA1/,"Reel de Instagram",,Total,3846,2338,72,6,1,4,0
18065154365275979,17841402591799685,alcaldiadetulua,"Alcaldía de Tuluá","🔵 Tres Esquinas tiene renovado Puesto de Salud 🏥✨

El alcalde @gustavovelezr reabrió este centro con espacios dignos, personal calificado y atención continua para la comunidad rural 💙

📅 Martes y sábados
🕖 De 7:00 a. m. a 4:00 p. m.

🩺 Servicios:
✅ Medicina general
✅ Odontología
✅ Enfermería
✅ Programas de promoción y prevención

¡Seguimos llevando salud de calidad a todos los rincones de Tuluá!  #ParaSerFelices 💙🤩",0,"07/17/2025 16:10",https://www.instagram.com/p/DMOhIw3vrvA/,"Secuencia de Instagram",,Total,7743,3666,158,9,0,4,5
18072770315487914,17841402591799685,alcaldiadetulua,"Alcaldía de Tuluá","🏡✨ 📝 Más de 80 familias en proceso de legalización en La Estrella 
🏡

Con una jornada de atención integral,🐶 vacunación para mascotas, 🧑‍💼 atención social y 📋 caracterización puerta a puerta, inicia el proceso de legalización urbanística en este asentamiento ubicado en la vía a Tres Esquinas, donde las familias de este sector, comienzan a ver hecha realidad la esperanza de una vivienda digna, servicios públicos legalizados y beneficios del Estado. 💧🏠📑

¡Seguimos transformando a Tuluá en un municipio más humano! 💙
#ParaSerFelices",0,"07/17/2025 08:48",https://www.instagram.com/p/DMNug9EgXzF/,"Secuencia de Instagram",,Total,2899,1349,66,5,0,0,1
17934673605059294,17841402591799685,alcaldiadetulua,"Alcaldía de Tuluá","🧼🔍 ¡Reforzamos el control sanitario en Tuluá!

Hoy con Secretaría de Salud, realizamos nuevamente operativos de Inspección, Vigilancia y Control 🍽️

✅ Revisamos productos y espacios de manipulación
✅ Sensibilizamos a comerciantes sobre normas sanitarias
✅ Invitamos a tener la documentación al día y cumplir la ley

¡Comer bien también es transformar la salud de Tuluá! #ParaSerFelices 💙",35,"07/17/2025 05:02",https://www.instagram.com/reel/DMNUr0XAA2S/,"Reel de Instagram",,Total,3352,1476,18,2,0,2,0
17994355148663448,17841402591799685,alcaldiadetulua,"Alcaldía de Tuluá","🏥🌿 Atención Primaria en Salud sigue recorriendo la zona rural de Tuluá

Los Equipos Básicos de Salud del @hospitalrubencruzvelez, continúan su recorrido por nuestros corregimientos, llevando atención integral a las comunidades que más lo necesitan. 👩‍⚕️🚑

Esta semana, llegaron al corregimiento de Quebradagrande, donde ofrecieron servicios médicos, odontológicos, psicológicos, de enfermería y trabajo social, con el respaldo de la comunidad y el compromiso de la Administración Municipal. 💙

✅ Más de 150 familias atendidas
✅ Jornadas en Altaflor, El Recreo, El Rocío, El Retiro y ahora Quebradagrande
✅ Salud con enfoque rural, humano y oportuno

¡Seguimos construyendo una Tuluá con bienestar #ParaSerFelices!",0,"07/16/2025 15:01",https://www.instagram.com/p/DML0bHav13C/,"Secuencia de Instagram",,Total,3073,1454,31,0,0,0,0
17968343849924110,17841402591799685,alcaldiadetulua,"Alcaldía de Tuluá","🎥✨ Conoce a Carolina y su marca ALISK💙 

Una emprendedora tulueña con un talento innato para las manualidades y la moda circular, que transforma el arte en oportunidades. 🧵👜

Su emprendimiento fue el ganador del pabellón de artesanías en la Feria de Emprendimiento Impulsando Comunidades, una iniciativa de @fundacionlevapan, @camaratulua y @alcaldiadetulua. 🏆💼

Descubre su historia y cómo, con sus manos y su creatividad, Carolina está dejando huella en Tuluá. #ParaSerFelices 💙🤩",121,"07/16/2025 10:46",https://www.instagram.com/reel/DMLXJFkvck2/,"Reel de Instagram",,Total,5791,2441,155,13,3,29,3
18007901594608306,17841402591799685,alcaldiadetulua,"Alcaldía de Tuluá","🚧 ¡Jarillón artesanal beneficiará las familias de Zabaletas! 🌊🏡

Gracias a una alianza entre la comunidad, la empresa privada, los ingenios y la Administración Municipal, hoy ejecutamos una obra de mitigación del riesgo en la vereda Zabaletas, zona rural plana de Tuluá. Con maquinaria y trabajo conjunto, construimos un jarillón artesanal que evitará desbordamientos del río y desastres en temporada de lluvias, protegiendo la vida y los hogares de las familias tulueñas. 🙌💪

Seguimos transformando la zona rural con obras que brindan seguridad y bienestar a los tulueños. #ParaSerFelices 💙🌱",38,"07/15/2025 16:55",https://www.instagram.com/reel/DMJcVbDvSzG/,"Reel de Instagram",,Total,5360,1782,33,2,0,2,0
17853799128475126,17841402591799685,alcaldiadetulua,"Alcaldía de Tuluá","🚧 ¡La transformación vial ya es una realidad en Tuluá!

✅ Con el inicio de nuevas obras, avanzamos hacia una ciudad con vías más seguras, modernas y pensadas para el bienestar de todos.
🛣️ Así le apostamos a una mejor movilidad y a una mayor calidad de vida para los tulueños.
💙 ¡Seguimos trabajando #ParaSerFelices!",39,"07/14/2025 07:44",https://www.instagram.com/reel/DMF407JAsxh/,"Reel de Instagram",,Total,39934,3776,130,15,1,9,3
18018654710537715,17841402591799685,alcaldiadetulua,"Alcaldía de Tuluá","🚨 Capturados dos sicarios del grupo ‘La Inmaculada’ 🕵️‍♂️

En una operación conjunta entre la SIJIN y la Fiscalía, fueron capturados en los barrios Porvenir y Farfán alias ‘Tingo’ y ‘Rochi’, señalados por homicidio  y otros delitos como extorsión y porte ilegal de armas. 🔫👮‍♂️

Ambos fueron enviados a centro carcelario. El trabajo y la lucha contra las estructuras criminales continúan para transformar a Tuluá. 💪🚔",88,"07/14/2025 16:08",https://www.instagram.com/reel/DMGyYxhvdPh/,"Reel de Instagram",,Total,43589,6839,249,28,3,1,19
17844063486523140,17841402591799685,alcaldiadetulua,"Alcaldía de Tuluá","⚽✨ ¡Los niños llegaron al Doce de Octubre!

El emblemático estadio se llenó de sonrisas, talento y pasión infantil con la Copa Corazón, un torneo que les permite a nuestros niños cumplir el sueño de jugar como profesionales. 🏟️💙

Gracias al liderazgo del alcalde @gustavovelezr y el trabajo de la Secretaría del Deporte y la Recreación, este escenario se convierte nuevamente en un espacio de inclusión, formación y grandes oportunidades para la niñez tulueña y del centro del Valle. ⚽👦👧 #ParaSerFelices",48,"07/14/2025 15:09",https://www.instagram.com/reel/DMGrpmqvbDW/,"Reel de Instagram",,Total,6628,1617,49,4,0,5,0
