"Identificador de la publicación","Identificador de la página","Nombre de la página",Título,Descripción,"Duración (segundos)","Hora de publicación","Tipo de subtítulo","Enlace permanente","Es una publicación cruzada","Es una publicación compartida","Tipo de publicación",Idiomas,"Etiquetas personalizadas","Estado de contenido financiado","Comentario sobre los datos",Fecha,Visualizaciones,Alcance,"Reacciones, comentarios y veces que se compartió",Reacciones,Comentarios,"Veces que se compartió","Segundos reproducidos","Segundos en promedio reproducidos","CPM del anuncio (USD)","Impresiones del anuncio","Total de clics","Clics de otro tipo","Clics en el enlace","Consumo de segmentación del público coincidente (Photo Click)","Comentarios negativos de los usuarios: Ocultar todo","Ingresos estimados (USD)"
1276563701177626,100064720237286,"Alcaldía de Tuluá","#Halloween | Más de 10.000 sonrisas iluminaron el Mundo de la Fantasía 2025.

El Coliseo de Ferias Manuel Victoria Rojas se llenó de alegría, color y diversión con la llegada de más de 10.000 tulueños que disfrutaron de un día mágico en el Mundo de la Fantasía 2025.

Lee la noticia completa: ⬇⬇⬇
",,0,"10/27/2025 15:41",N/A,https://www.facebook.com/AlcaldiaDeTulua/posts/pfbid0Q2y8scURouHcrst9JrUn6N8WykuE3spo5kRRky9wjULMd4jhTBP21t97jcMisbqjl,0,0,Enlaces,,,,,Total,3584,2385,19,18,1,0,,,,,49,23,26,,,
1276562771177719,100064720237286,"Alcaldía de Tuluá","#Noticias | 1/4 de Milla Tuluá cerró el año con una jornada llena de adrenalina y velocidad.

El 1/4 de Milla Tuluá  vivió su última válida del año con una jornada cargada de emoción, velocidad y adrenalina, que reunió a miles de aficionados del automovilismo en el Aeropuerto Heriberto Gil Martínez, una de las pistas más importante de esta categoría en el país.

Lee la noticia completa: ⬇⬇⬇
",,0,"10/27/2025 15:39",N/A,https://www.facebook.com/AlcaldiaDeTulua/posts/pfbid0uKjQQ7NkbbjzyB3pX3BJjr5TMA1e71FCMm2EYbHFHux6mhtERQEiwXQt98mY24Cgl,0,0,Enlaces,,,,,Total,965,638,9,8,0,1,,,,,5,2,3,,,
1276498444517485,100064720237286,"Alcaldía de Tuluá","¿Qué son las violencias basadas en género y cómo identificarlas?🚫💜

Desliza 👉🏼 y descubre cómo prevenirlas y decir ¡basta! 🚫
 
Toda acción o conducta que cause daño, sufrimiento o afecte la vida de una persona por su género, identidad o expresión de género es una forma de violencia que debemos rechazar. 🙅🏽‍♀️

💬 Reconocerlas es el primer paso para prevenirlas.

📞 Si necesitas ayuda, comunícate con la Línea 155 o con la Patrulla Violeta: 317 648 8146",,0,"10/27/2025 13:26",N/A,https://www.facebook.com/AlcaldiaDeTulua/posts/pfbid02HkkbBjAz6uLo9veUn7QpHb6HrJwHEjzRUjS4KGpSpny75ACayarJt9GhRDP7MPjHl,0,0,Fotos,,,,,Total,1343,837,25,15,0,10,,,,,23,4,,19,,
1276326844534645,100064720237286,"Alcaldía de Tuluá","#Obras | Nuevas vías para la montaña tulueña

Estas obras, avanzan significativamente en sectores como Quebradagrande, donde ya se registra un progreso del 80% al 90% en su construcción, con aportes del municipio en materiales, maquinaria y adecuación de la vía.

Lee la noticia completa: ⬇⬇⬇
",,0,"10/27/2025 08:46",N/A,https://www.facebook.com/AlcaldiaDeTulua/posts/pfbid03Fj4EyDeKY2zBN3bnbQ9wAN2YxAupX2YHMyRr1N51ytkFw58bwAtLVak6rQ94Frsl,0,0,Enlaces,,,,,Total,4323,3001,47,34,5,8,,,,,64,36,28,,1,
1276321381201858,100064720237286,"Alcaldía de Tuluá","🏁 ¡Así cerramos con toda la fuerza del motor! 💥

El Cuarto de Milla Tuluá 2025 rugió por última vez este año con una jornada llena de adrenalina, velocidad y emoción. 🚗💨
Pilotos de todo el país y miles de asistentes hicieron vibrar la pista en un espectáculo que une familias, equipos y pasión por el automovilismo. 🔥

💪 ¡Nos vemos en la próxima temporada, porque en Tuluá… la emoción no se detiene! 🏁 #ParaSerFelices","🏁 ¡Así cerramos con toda la fuerza del motor! 💥

El Cuarto de Milla Tuluá 2025 rugió por última vez este año con una jornada llena de adrenalina, velocidad y emoción. 🚗💨
Pilotos de todo el país y miles de asistentes hicieron vibrar la pista en un espectáculo que une familias, equipos y pasión por el automovilismo. 🔥

💪 ¡Nos vemos en la próxima temporada, porque en Tuluá… la emoción no se detiene! 🏁 #ParaSerFelices",42,"10/27/2025 08:38",N/A,https://www.facebook.com/reel/24973048875716051/,1,0,Videos,,,,,Total,1487,1286,36,26,0,10,7296.491,5.272,0,0,4,4,,,,0
1275729404594389,100064720237286,"Alcaldía de Tuluá","#Noticias | Desde el #MundodelaFantasía2025, te traemos las noticias más importantes de la semana en 45 Segundos #ParaSerFelices 🤩✌🏽","#Noticias | Desde el #MundodelaFantasía2025, te traemos las noticias más importantes de la semana en 45 Segundos #ParaSerFelices 🤩✌🏽",79,"10/26/2025 16:03",N/A,https://www.facebook.com/reel/1286767336557665/,1,0,Videos,,,,,Total,1397,1295,29,23,0,6,11048.78,8.545,0,0,9,9,,,,0
1275664101267586,100064720237286,"Alcaldía de Tuluá",,,0,"10/26/2025 13:59",N/A,https://www.facebook.com/AlcaldiaDeTulua/posts/pfbid0f7QxzNdsGG5oS5MjQjKekKh6xiv2pCC3uxEsb2USEFJKZ2K5jsuVs1koCRmz8BX5l,0,1,Fotos,,,,,Total,2722,1512,20,17,0,0,,,,,290,77,,213,,
1275662941267702,100064720237286,"Alcaldía de Tuluá","🏁 ¡Último día del 1/4 de milla! 🏁

Por tercera vez en el año, este emocionante encuentro vuelve a reunir a las familias tulueñas en una jornada llena de adrenalina, velocidad y diversión. 🚗💨

🔥 Más de 200 pilotos de todo el país se dan cita en Tuluá
🙌 Y más de 4.000 asistentes viven esta gran experiencia.",,0,"10/26/2025 13:58",N/A,https://www.facebook.com/AlcaldiaDeTulua/posts/pfbid0KTNPtixY1omthPkWumh5sBT85SF1uwzvpTgz64EHLPM3PCFXn9EaFD1xxQtiMsqGl,0,0,Fotos,,,,,Total,9116,5866,53,44,1,8,,,,,517,161,,356,,
1274871664680163,100064720237286,"Alcaldía de Tuluá","✨💫 ¡10.000 personas vivieron una mágica tarde en el Mundo de la Fantasía 2025! 💫✨

El Coliseo de Ferias Manuel Victoria Rojas se llenó nuevamente de alegría, color, dulces, música, premios, rifas y mucha diversión 🍭🎶🎁.

Historias y cuentos tradicionales cobraron vida para hacer soñar a grandes y pequeños 🌈📖💖

Gracias a todas las familias tulueñas por ser parte de esta experiencia inolvidable 🙌🏼💙✨🏙️💪🏼",,0,"10/25/2025 18:19",N/A,https://www.facebook.com/AlcaldiaDeTulua/posts/pfbid022APAkCaCSB79iN5PNXvuJ9UqpwQC3gWwaBPgA8Gu54TjbdVgopsdYkYi2riYZvKPl,0,0,Fotos,,,,,Total,66847,34928,570,434,39,85,,,,,6205,2197,,4008,1,
1274620698038593,100064720237286,"Alcaldía de Tuluá","🍭🎭 ¡Así estamos viviendo El Mundo de la Fantasía! 🌈💫

Dulces, disfraces, diversión y mucho tiempo en familia 💕👨‍👩‍👧‍👦
Los tulueños ya disfrutan de este mundo mágico en el Coliseo de Ferias 🎪✨
🕔 ¡Estaremos hasta las 5 de la tarde!
Ven con tu mejor actitud y tu mejor disfraz #ParaSerFelices juntos 😄🎉💙",,0,"10/25/2025 10:53",N/A,https://www.facebook.com/AlcaldiaDeTulua/posts/pfbid02vV1CjjPm3EuAsWAUwjB2x1zEudneQR2WavSoFRGAtnagKMxf9qVZFverYi1RSg6vl,0,0,Fotos,,,,,Total,31990,16592,189,159,6,24,,,,,3997,1084,,2913,,
1274584281375568,100064720237286,"Alcaldía de Tuluá","🎙️ #ElPodcastdeVélez | Episodio 36: Recursos que transforman vidas","🎙️ #ElPodcastdeVélez | Episodio 36: Recursos que transforman vidas

En este episodio, el alcalde Gustavo Vélez nos cuenta cómo los beneficios tributarios impulsan el progreso de Tuluá 💪🏽, permitiendo reinvertir en educación, programas sociales, vías y bienestar ciudadano. 🏫🚧🍽️

Además, hace una invitación especial para disfrutar la magia del ✨ Mundo de la Fantasía 2025 ✨, una tarde llena de alegría y diversión en familia. 👨‍👩‍👧‍👦",828,"10/25/2025 10:00",uploaded,https://www.facebook.com/reel/1260007979213903/,1,0,Videos,,,,,Total,3340,2099,111,35,5,71,19613.627,6.657,0,0,36,36,,,,0
1274554394711890,100064720237286,"Alcaldía de Tuluá","🎉✨ ¡Ya iniciamos con El Mundo de la Fantasía! ✨🎉
Ven ahora y disfruta de todas las historias y cuentos tradicionales reunidos en un solo lugar 📚💫
Un espacio lleno de diversión, magia y mucho color para toda la familia 🎠🌈💖
🎟️ Entrada gratis ¡Te esperamos! 🙌💫",,0,"10/25/2025 09:18",N/A,https://www.facebook.com/AlcaldiaDeTulua/posts/pfbid02BRv1UVjp2evQVKXwYrybPHG247FxRbnL9C2viqpieNAHDyhGMyyYGu3MsmzZq7Epl,0,0,Fotos,,,,,Total,70607,37006,381,311,21,45,,,,,8373,3005,1,5367,,
1273572194810110,100064720237286,"Alcaldía de Tuluá","💪🌧 ¡Familias afectadas por la lluvia recibieron ayuda! 💙

El alcalde @gustavovelezr entregó ayudas y elementos para reconstruir los techos afectados a 4 familias que resultaron perjudicadas por las fuertes lluvias, contribuyendo a recuperar la seguridad y tranquilidad en sus hogares. 🏡💙 

#ParaSerFelices ✌🏽💙","💪🌧 ¡Familias afectadas por la lluvia recibieron ayuda! 💙

El alcalde @gustavovelezr entregó ayudas y elementos para reconstruir los techos afectados a 4 familias que resultaron perjudicadas por las fuertes lluvias, contribuyendo a recuperar la seguridad y tranquilidad en sus hogares. 🏡💙 

#ParaSerFelices ✌🏽💙",48,"10/24/2025 07:40",N/A,https://www.facebook.com/reel/674541928710220/,1,0,Videos,,,,,Total,2708,2071,103,45,11,47,14953.738,6.143,0,0,31,31,,,,0
1273139498186713,100064720237286,"Alcaldía de Tuluá","#Halloween | Todo listo para el Mundo de la Fantasía 2025

Desde las 10:00 de la mañana, grandes y pequeños podrán disfrutar de rifas, premios, shows, dulces, inflables y muchos regalos, en una jornada gratuita que promete llenar de sonrisas y emoción cada rincón del recinto ferial.

Lee la noticia completa: ⬇️⬇️⬇️
",,0,"10/23/2025 20:45",N/A,https://www.facebook.com/AlcaldiaDeTulua/posts/pfbid0MMfwxet1WKGcMtFACAJyimSGAQH1eyEaD2G7Dj8148EwZRVouSYaTkzcyV6Z3KLgl,0,0,Enlaces,,,,,Total,2231,1326,12,9,0,3,,,,,65,3,62,,,
1273137214853608,100064720237286,"Alcaldía de Tuluá","#Obras | Continúan las obras en el parque de La Marina.

La Alcaldía de Tuluá, bajo el liderazgo del ingeniero Gustavo Adolfo Vélez Román, avanza en un 25% de ejecución en las obras de construcción, mantenimiento y conservación del parque central del corregimiento de La Marina, un espacio emblemático para las familias y visitantes de esta zona rural tulueña.

Lee la noticia completa:⬇️⬇️⬇️
https://tulua.gov.co/publicaciones/6530/continuan-las-obras-en-el-parque-de-la-marina/a a",,0,"10/23/2025 20:41",N/A,https://www.facebook.com/AlcaldiaDeTulua/posts/pfbid022JaETQBJ4eYTqiiFqh4tL7AehUCDoo2FWrTsk3PG9ewMxu8F7fkJfJ9iiX1yjuZxl,0,0,Enlaces,,,,,Total,5730,3642,59,46,5,8,,,,,71,41,30,,,
1273007131533283,100064720237286,"Alcaldía de Tuluá","🎃✨ ¡Estas son algunas recomendaciones para vivir El Mundo de la Fantasía! 🌈

Este sábado 25 de octubre te esperamos en el Coliseo de Ferias Manuel Victoria Rojas 🏰 para disfrutar de un día lleno de magia, alegría y diversión en familia. 💫 Te contamos todo lo que necesitas saber para vivir una experiencia única. 👨‍👩‍👧‍👦🍭

🧚‍♀️ ¡Prepárate para vivir un Halloween mágico y seguro en Tuluá! 🎠 #ParaSerFelices","🎃✨ ¡Estas son algunas recomendaciones para vivir El Mundo de la Fantasía! 🌈

Este sábado 25 de octubre te esperamos en el Coliseo de Ferias Manuel Victoria Rojas 🏰 para disfrutar de un día lleno de magia, alegría y diversión en familia. 💫 Te contamos todo lo que necesitas saber para vivir una experiencia única. 👨‍👩‍👧‍👦🍭

🧚‍♀️ ¡Prepárate para vivir un Halloween mágico y seguro en Tuluá! 🎠 #ParaSerFelices",58,"10/23/2025 17:04",N/A,https://www.facebook.com/reel/600354416432827/,1,0,Videos,,,,,Total,6916,6375,156,103,1,52,63850.822,10.125,0,0,122,121,1,,,0
1272897868210876,100064720237286,"Alcaldía de Tuluá","💪🏗️ ¡Seguimos transformando a Tuluá! 🌆","💪🏗️ ¡Seguimos transformando a Tuluá! 🌆

Obras que embellecen, modernizan y mejoran la calidad de vida de todos los tulueños. 💙💪🏼
Desliza 👉 y descubre los proyectos que están cambiando la cara de nuestro municipio.  #ParaSerFelices",101,"10/23/2025 13:38",N/A,https://www.facebook.com/reel/2224950311306743/,0,0,Videos,,,,,Total,14987,14503,371,263,46,62,257495.496,18.793,0,0,836,836,,,,0
1272060358294627,100064720237286,"Alcaldía de Tuluá","¡María Ángel ahora accede a los beneficios de la Administración Municipal! 💙✨

Gracias al apoyo del alcalde @gustavovelezr , María Ángel fue certificada en su discapacidad y hoy puede acceder a los beneficios que ofrece la Administración Municipal. 🌈
A través del programa “Vení, hablemos”, María Ángel y su familia también reciben acompañamiento psicosocial constante, encontrando respaldo, confianza y nuevas oportunidades para salir adelante. 🤝

Porque en Tuluá, trabajamos con empatía y compromiso para transformar vidas. #ParaSerFelices","¡María Ángel ahora accede a los beneficios de la Administración Municipal! 💙✨

Gracias al apoyo del alcalde @gustavovelezr , María Ángel fue certificada en su discapacidad y hoy puede acceder a los beneficios que ofrece la Administración Municipal. 🌈
A través del programa “Vení, hablemos”, María Ángel y su familia también reciben acompañamiento psicosocial constante, encontrando respaldo, confianza y nuevas oportunidades para salir adelante. 🤝

Porque en Tuluá, trabajamos con empatía y compromiso para transformar vidas. #ParaSerFelices",104,"10/22/2025 16:22",N/A,https://www.facebook.com/reel/799673909704867/,1,0,Videos,,,,,Total,2088,2057,40,26,0,14,17702.455,9.11,0,0,34,34,,,,0
1271987284968601,100064720237286,"Alcaldía de Tuluá","#Gobierno | Tuluá, referente ejemplar en Atención a Víctimas

La Alcaldía de Tuluá, bajo el liderazgo del alcalde Gustavo Adolfo Vélez Román, recibió un Reconocimiento Especial por parte de la Unidad para la Atención y Reparación Integral a las Víctimas, por su destacado compromiso en la implementación de la política pública de víctimas.

Lee la noticia completa: ⬇⬇⬇
",,0,"10/22/2025 13:56",N/A,https://www.facebook.com/AlcaldiaDeTulua/posts/pfbid02mw5fRR9BKDVDRUjNVo6VFKmAZ2L8ixrv6xCb5kb4Zabyy5SZeKoeqDLKkRvANJGal,0,0,Enlaces,,,,,Total,4693,3131,25,18,3,4,,,,,106,39,67,,,
1271986921635304,100064720237286,"Alcaldía de Tuluá","#SimulacroNacional2025 | Tuluá se unió al Primer Simulacro Nacional de Respuesta a Emergencias.

La Alcaldía de Tuluá, a través del equipo de Brigadistas de Seguridad y Salud en el Trabajo, participó activamente en el Primer Simulacro Nacional de Respuesta a Emergencias, una estrategia liderada por la Unidad Nacional para la Gestión del Riesgo de Desastres (UNGRD), con el objetivo de fortalecer las capacidades de reacción ante posibles situaciones de emergencia.

Lee la noticia completa: ⬇⬇⬇
",,0,"10/22/2025 13:55",N/A,https://www.facebook.com/AlcaldiaDeTulua/posts/pfbid02SW9DhKfuJnL46uSNHbqaFDUvhpVLe2HPbsnTVuTDUQd9p7mT1LzrebpVKXgXPgrTl,0,0,Enlaces,,,,,Total,1311,811,15,14,0,1,,,,,6,,6,,,
1271878811646115,100064720237286,"Alcaldía de Tuluá","🥔💚 ¡En Tuluá seguimos transformando vidas.!

Más de 2.400 familias tulueñas fueron beneficiadas con la entrega de 30 toneladas de papa, una acción que fortalece la seguridad alimentaria y brinda apoyo a mujeres cabeza de hogar, personas con discapacidad y adultos mayores.💪🏼🤩

Gracias al trabajo conjunto con el Departamento para la Prosperidad Social, @prosperidadcol, Tuluá es el primer municipio del Valle del Cauca en recibir esta importante ayuda. Porque cuando trabajamos en equipo, mejoramos la calidad de vida de los tulueños ✨ #ParaSerFelices 💙💪🏼","🥔💚 ¡En Tuluá seguimos transformando vidas.!

Más de 2.400 familias tulueñas fueron beneficiadas con la entrega de 30 toneladas de papa, una acción que fortalece la seguridad alimentaria y brinda apoyo a mujeres cabeza de hogar, personas con discapacidad y adultos mayores.💪🏼🤩

Gracias al trabajo conjunto con el Departamento para la Prosperidad Social, @prosperidadcol, Tuluá es el primer municipio del Valle del Cauca en recibir esta importante ayuda. Porque cuando trabajamos en equipo, mejoramos la calidad de vida de los tulueños ✨ #ParaSerFelices 💙💪🏼",34,"10/22/2025 10:46",N/A,https://www.facebook.com/reel/1137996625131851/,1,0,Videos,,,,,Total,20989,20165,353,282,40,31,213199.713,11.569,0,0,1194,1193,1,,,0
1271720101661986,100064720237286,"Alcaldía de Tuluá","✨📖 ¡La magia de los cuentos se hará realidad! 🏰💫

Este 25 de octubre vive “El Mundo de la Fantasía” en el Coliseo de Ferias Manuel Victoria Rojas. 🌈
Desde las 10:00 a.m. disfruta con tu familia de rifas, premios, shows, dulces y mucha diversión. 🎭🎁🍬

👨‍👩‍👧‍👦 ¡Ven y vive un día lleno de alegría, magia y sonrisas para grandes y pequeños!
¡Te esperamos para soñar despiertos en el Mundo de la Fantasía! #ParaSerFelices ✨","✨📖 ¡La magia de los cuentos se hará realidad! 🏰💫

Este 25 de octubre vive “El Mundo de la Fantasía” en el Coliseo de Ferias Manuel Victoria Rojas. 🌈
Desde las 10:00 a.m. disfruta con tu familia de rifas, premios, shows, dulces y mucha diversión. 🎭🎁🍬

👨‍👩‍👧‍👦 ¡Ven y vive un día lleno de alegría, magia y sonrisas para grandes y pequeños!
¡Te esperamos para soñar despiertos en el Mundo de la Fantasía! #ParaSerFelices ✨",42,"10/22/2025 06:50",N/A,https://www.facebook.com/reel/1615370509640129/,1,0,Videos,,,,,Total,1832,1550,71,51,2,18,8621.02,5.14,0,0,28,28,,,,0
1271271448373518,100064720237286,"Alcaldía de Tuluá","🎠✨ ¡La magia está por comenzar! ✨🎉

Nuestra gestora social Luz Elena Londoño invita a todas las familias tulueñas a vivir el Mundo de la Fantasía este sábado 25 de octubre en el 📍Coliseo de Ferias Manuel Victoria Rojas. 🏰🌈

🎭 Shows, espectáculos, dulces, rifas, premios y muchísima diversión para grandes y chicos. 🍭🎁

⏰ ¡Te esperamos desde las 10:00 a.m. para vivir un día mágico en familia! a #ParaSerFelices","🎠✨ ¡La magia está por comenzar! ✨🎉

Nuestra gestora social Luz Elena Londoño invita a todas las familias tulueñas a vivir el Mundo de la Fantasía este sábado 25 de octubre en el 📍Coliseo de Ferias Manuel Victoria Rojas. 🏰🌈

🎭 Shows, espectáculos, dulces, rifas, premios y muchísima diversión para grandes y chicos. 🍭🎁

⏰ ¡Te esperamos desde las 10:00 a.m. para vivir un día mágico en familia! a #ParaSerFelices",59,"10/21/2025 18:04",N/A,https://www.facebook.com/reel/4349777855254366/,1,0,Videos,,,,,Total,18358,14711,680,411,30,239,178253.06,10.624,0,0,598,598,,,,0
1271216435045686,100064720237286,"Alcaldía de Tuluá","#ParaSerFelices | Prosperidad Social beneficia a 2.400 familias tulueñas con apoyo alimentario.

En un trabajo articulado entre el Departamento para la Prosperidad Social (DPS) y la Alcaldía de Tuluá, se realizó la entrega de 30 toneladas de papa, beneficiando a más de 2.400 familias tulueñas en situación de vulnerabilidad.

Lee la noticia completa: ⬇⬇⬇",,0,"10/21/2025 16:10",N/A,https://www.facebook.com/AlcaldiaDeTulua/posts/pfbid0Kt3wqmAhfYp4FY1oFJDph9NhjgHjobfyDUVPug6zGzztYk1LLkNtQZAUxzzZSUr3l,0,0,Enlaces,,,,,Total,4556,2792,52,44,5,3,,,,,105,45,60,,,
1271206478380015,100064720237286,"Alcaldía de Tuluá","📚✨ ¡Celebramos el talento literario tulueño! ✍️💫

Premiamos a los jóvenes ganadores del I Festival Literario de Microcuentos “Tejiendo Letras”, organizado por la @ucevacol en articulación con la Administración Municipal.

🏆 Gabriela Ramírez, estudiante de 11-1 del colegio @institucionjuliarestrepo, obtuvo el primer lugar y recibió un iPad.
🥈 Samuel Castaño, del grado 11-2 del Colegio @sanfranciscotulua se llevó el segundo puesto y un parlante JBL. 

Un reconocimiento a su creatividad, imaginación y amor por las letras. 💬💙 #ParaSerFelices","📚✨ ¡Celebramos el talento literario tulueño! ✍️💫

Premiamos a los jóvenes ganadores del I Festival Literario de Microcuentos “Tejiendo Letras”, organizado por la @ucevacol en articulación con la Administración Municipal.

🏆 Gabriela Ramírez, estudiante de 11-1 del colegio @institucionjuliarestrepo, obtuvo el primer lugar y recibió un iPad.
🥈 Samuel Castaño, del grado 11-2 del Colegio @sanfranciscotulua se llevó el segundo puesto y un parlante JBL. 

Un reconocimiento a su creatividad, imaginación y amor por las letras. 💬💙 #ParaSerFelices",49,"10/21/2025 15:48",N/A,https://www.facebook.com/reel/1364398315338165/,1,0,Videos,,,,,Total,4497,3887,130,105,10,15,35201.158,8.369,0,0,52,52,,,,0
1271151241718872,100064720237286,"Alcaldía de Tuluá","#Impuestos | Últimos días con el 90% de descuento en impuestos municipales.

La Alcaldía de Tuluá invita a todos los tulueños a aprovechar los últimos 10 días del mes de octubre para ponerse al día con sus impuestos y disfrutar de un descuento del 90% en intereses y sanciones.

Lee la noticia completa: ⬇⬇⬇
",,0,"10/21/2025 13:41",N/A,https://www.facebook.com/AlcaldiaDeTulua/posts/pfbid0aNkWfu7nFciH28RyNYRc5bsHKWF69caenUeJh3Vyg3UdUtLELdZi5XHLDhVtXekil,0,0,Enlaces,,,,,Total,2201,1238,70,47,1,22,,,,,22,6,16,,,
1271018438398819,100064720237286,"Alcaldía de Tuluá","🥔💛 2.400 familias tulueñas beneficiadas con 30 toneladas de papa 💪🏼

Gracias al trabajo articulado con el Departamento para la Prosperidad Social, realizamos la entrega de 30 toneladas de papa destinados a fortalecer la seguridad alimentaria de mujeres cabeza de hogar, personas con discapacidad y adultos mayores del municipio. 👩‍👧‍👦🤝

Tuluá es el primer municipio del Valle del Cauca beneficiado con esta ayuda, que permiten unir esfuerzos para mejorar la calidad de vida de las familias tulueñas. 🌿 #ParaSerFelices",,0,"10/21/2025 09:59",N/A,https://www.facebook.com/AlcaldiaDeTulua/posts/pfbid037vTPGwQctP8tPC34xgHqW2hL1T1xR2xEAkzJWU8BnznzC52WMpE1UUe3tipFDN4jl,0,0,Fotos,,,,,Total,143217,74436,771,551,150,66,,,,,13178,4486,,8692,,
1270408941793102,100064720237286,"Alcaldía de Tuluá","✨🌈 ¡Bienvenidos al Mundo de la Fantasía 2025! ✨🌈

📍 Desliza el mapa y descubre los mundos mágicos que te esperan 🌟
Cada rincón del 📍Coliseo de Ferias Manuel Victoria Rojas estará lleno de historias, personajes y aventuras que te harán volver a creer en la magia. 🧚‍♀️📖

👑 💫 Rifas, sorpresas y mucha diversión te esperan este 25 de octubre. ¡ENTRADA GRATIS!",,0,"10/20/2025 18:01",N/A,https://www.facebook.com/AlcaldiaDeTulua/posts/pfbid02LpmHiqkXWKdFaWnBdhdYNtwFH2pRXVXagD4JXvykeneYhNSrm1pbxQexNBS8gGB3l,0,0,Fotos,,,,,Total,26517,14680,187,126,11,50,,,,,1251,461,,790,,
1270309418469721,100064720237286,"Alcaldía de Tuluá","🎓💡 ¡Premiamos a nuestros estudiantes emprendedores! 🙌

La I.E. Corazón del Valle ocupó el primer puesto en el Foro Educativo “COMRED: Educación que Transforma” con su experiencia “Tejiendo Competencias”. 🧵📚
💻 Para fortalecer su proyecto, entregamos un software especializado, un computador, un refrigerador para lácteos y un congelador para carnes. herramientas que los mismos estudiantes solicitaron para impulsar su proyecto. 💻🧊 

En Tuluá seguimos transformando la educación #ParaSerFelices 💙💪🏼","🎓💡 ¡Premiamos a nuestros estudiantes emprendedores! 🙌

La I.E. Corazón del Valle ocupó el primer puesto en el Foro Educativo “COMRED: Educación que Transforma” con su experiencia “Tejiendo Competencias”. 🧵📚
💻 Para fortalecer su proyecto, entregamos un software especializado, un computador, un refrigerador para lácteos y un congelador para carnes. herramientas que los mismos estudiantes solicitaron para impulsar su proyecto. 💻🧊 

En Tuluá seguimos transformando la educación #ParaSerFelices 💙💪🏼",42,"10/20/2025 14:33",N/A,https://www.facebook.com/reel/1310901167192824/,1,0,Videos,,,,,Total,5179,3913,190,137,20,33,41558.069,9.003,0,0,99,99,,,,0
1270285031805493,100064720237286,"Alcaldía de Tuluá","#Educación | Premiando a estudiantes emprendedores.

La secretaría de Educación y la administración del alcalde Gustavo Vélez Román premió a la institución Educativa Corazón del Valle al ocupar el primer puesto con la Experiencia Significativa “Tejiendo Competencias, presentada durante el pasado Foro Educativo Comunidad en Red, “Educación que Transforma”. 

Lee la noticia completa: ⬇⬇⬇
",,0,"10/20/2025 13:43",N/A,https://www.facebook.com/AlcaldiaDeTulua/posts/pfbid0Byv1YLR3K6xgKbPvQvxogS1o1XRr179bhskdfatMNZNZfESbo71mhEE34rsq6KBYl,0,0,Enlaces,,,,,Total,5932,3873,81,62,0,19,,,,,111,11,100,,,
1270138181820178,100064720237286,"Alcaldía de Tuluá","🎃✨ ¡Cada vez falta menos para vivir la magia! ✨🎭

¡Agéndate este 25 de octubre! El Coliseo de Ferias Manuel Victoria Rojas se llenará de alegría, color y mucha diversión. 🏰🌈
Prepárate para una tarde con rifas, premios, dulces, shows, inflables y muchos regalos 🎁🍭🎈 todo en un lugar lleno de cuentos y fantasía para nuestros niños y niñas. 🧚‍♀️📖

💫 ¡Ven con tu familia y vive Halloween en el Mundo de la Fantasía! 🧙‍♂️👻 #ParaSerFelices",,0,"10/20/2025 09:44",N/A,https://www.facebook.com/AlcaldiaDeTulua/posts/pfbid0356K8MZgTPPLoBdLc9Eg9XPm4iGpH4mxTTE7RfC7MzKnPBHv8zPQBrhSLqjGFm4b6l,0,0,Fotos,,,,,Total,16432,9774,174,107,12,55,,,,,477,302,,175,,
1268552921978704,100064720237286,"Alcaldía de Tuluá","#Noticias | Desde la Feria de AgroTurismo y Negocios de la @camaratulua, te traemos las noticias más importantes de la semana en 45 Segundos #ParaSerFelices 🤩✌🏽","#Noticias | Desde la Feria de AgroTurismo y Negocios de la @camaratulua, te traemos las noticias más importantes de la semana en 45 Segundos #ParaSerFelices 🤩✌🏽",55,"10/18/2025 16:22",N/A,https://www.facebook.com/reel/4224336144559772/,1,0,Videos,,,,,Total,1643,1489,47,37,1,9,9816.03,6.504,0,0,20,20,,,,0
1268455775321752,100064720237286,"Alcaldía de Tuluá","¡Reactivación económica en la Feria de AgroTurismo y Negocios de la @camaratulua! ✌🏽✅

✨ El alcalde @gustavovelezr estuvo presente en la apertura oficial de esta Feria, un espacio que reúne a 230 emprendedores de todo el país 🌎.
Con su visita, el alcalde recorrió los stands, compartió con los expositores y reafirmó su compromiso con la reactivación económica y el impulso al emprendimiento en nuestra región 💪🌾. #ParaSerFelices","¡Reactivación económica en la Feria de AgroTurismo y Negocios de la @camaratulua! ✌🏽✅

✨ El alcalde @gustavovelezr estuvo presente en la apertura oficial de esta Feria, un espacio que reúne a 230 emprendedores de todo el país 🌎.
Con su visita, el alcalde recorrió los stands, compartió con los expositores y reafirmó su compromiso con la reactivación económica y el impulso al emprendimiento en nuestra región 💪🌾. #ParaSerFelices",58,"10/18/2025 13:09",N/A,https://www.facebook.com/reel/830846492794441/,1,0,Videos,,,,,Total,1829,1320,104,45,0,59,8639.482,5.1,0,0,9,9,,,,0
1268362508664412,100064720237286,"Alcaldía de Tuluá","🎙️ #ElPodcastdeVélez | Episodio 35, Tiempo de hacer los sueños realidad.

El alcalde Gustavo Vélez regresa recargado y listo para seguir transformando a Tuluá 💙.
🤝 Junto a la gobernadora Dilian Francisca Toro, inauguró el nuevo punto físico DIGICampus en Comfandi 💻🎓.

🚜 También participó en la Feria de Agroturismo y Negocios Multisectoriales de la Cámara de Comercio de Tuluá, versión #12 🌾💼, y nos cuenta cómo avanzan las obras que transforman la ciudad, la infraestructura que hará brillar a Tuluá 🌟 y los descuentos tributarios 💰 que regresan para alivianar las cargas de los tulueños.

🎧 ¡Dale play y entérate de todo lo que se viene para nuestro municipio!","🎙️ #ElPodcastdeVélez | Episodio 35, Tiempo de hacer los sueños realidad.

El alcalde Gustavo Vélez regresa recargado y listo para seguir transformando a Tuluá 💙.
🤝 Junto a la gobernadora Dilian Francisca Toro, inauguró el nuevo punto físico DIGICampus en Comfandi 💻🎓.

🚜 También participó en la Feria de Agroturismo y Negocios Multisectoriales de la Cámara de Comercio de Tuluá, versión #12 🌾💼, y nos cuenta cómo avanzan las obras que transforman la ciudad, la infraestructura que hará brillar a Tuluá 🌟 y los descuentos tributarios 💰 que regresan para alivianar las cargas de los tulueños.

🎧 ¡Dale play y entérate de todo lo que se viene para nuestro municipio!",750,"10/18/2025 10:33",N/A,https://www.facebook.com/reel/1772327450086020/,0,0,Videos,,,,,Total,1791,1637,107,52,3,52,22555.298,13.678,0,0,28,28,,,,0
1268165555350774,100064720237286,"Alcaldía de Tuluá","🏃‍♂️💨 ¡Regresa la Media Maratón Tuluá! 

2025 se pasó volando y solo queda un mes para vivir nuevamente la @mediamaratontulua . 🏅🔥

💙 Este 16 de noviembre nos volvemos a encontrar para correr, disfrutar y hablar bien de Tuluá, porque aquí pasan cosas muy buenas para todos 🙌

📍 ¡Prepárate para ser parte de este gran evento que pone a Tuluá como el epicentro runner del corazón del Valle! 🏃‍♀️💫 #ParaSerFelices","🏃‍♂️💨 ¡Regresa la Media Maratón Tuluá! 

2025 se pasó volando y solo queda un mes para vivir nuevamente la @mediamaratontulua . 🏅🔥

💙 Este 16 de noviembre nos volvemos a encontrar para correr, disfrutar y hablar bien de Tuluá, porque aquí pasan cosas muy buenas para todos 🙌

📍 ¡Prepárate para ser parte de este gran evento que pone a Tuluá como el epicentro runner del corazón del Valle! 🏃‍♀️💫 #ParaSerFelices",37,"10/18/2025 06:10",N/A,https://www.facebook.com/reel/2409079426219498/,1,0,Videos,,,,,Total,6560,5763,153,110,12,31,48230.864,7.901,0,0,192,190,2,,,0
1267746312059365,100064720237286,"Alcaldía de Tuluá","¡Inició la Feria de AgroTurismo y Negocios 2025!🤝💪🏼✅

Con 230 expositores de todo el país, inició la Feria de Agroturismo y Negocios organizada por la Cámara de Comercio de Tuluá con apoyo de la Alcaldía Municipal. ✌🏽

El alcalde @gustavovelezr resaltó la importancia de estos espacios para el emprendimiento y la reactivación económica de la región. 📈📊✅",,0,"10/17/2025 19:02",N/A,https://www.facebook.com/AlcaldiaDeTulua/posts/pfbid02HN348LYmANFCUtatoNPjwHamXLNtcpyKAQU9PLCH7vBgE8fDcSu8L2y1dmYzP9K1l,0,0,Fotos,,,,,Total,6828,3684,177,100,43,33,,,,,401,115,,286,,
1267443998756263,100064720237286,"Alcaldía de Tuluá","🚦 ¡Instalamos un nuevo semáforo hacia el Oasís! 🙌

La Calle 27 con Carrera 19 ahora cuenta con un moderno cruce semafórico que mejorará la movilidad y la seguridad de peatones y conductores, reduciendo los índices de accidentalidad en este importante sector. ✅

Esta obra se suma al plan de modernización vial que garantiza un tránsito más ordenado y seguro para todos. 🚗👣

Recuerda cuidar y respetar estos equipos, son bienes que pertenecen a todos los tulueños. 💙 #ParaSerFelices","🚦 ¡Instalamos un nuevo semáforo hacia el Oasís! 🙌

La Calle 27 con Carrera 19 ahora cuenta con un moderno cruce semafórico que mejorará la movilidad y la seguridad de peatones y conductores, reduciendo los índices de accidentalidad en este importante sector. ✅

Esta obra se suma al plan de modernización vial que garantiza un tránsito más ordenado y seguro para todos. 🚗👣

Recuerda cuidar y respetar estos equipos, son bienes que pertenecen a todos los tulueños. 💙 #ParaSerFelices",47,"10/17/2025 10:06",auto,https://www.facebook.com/reel/1950349528856923/,1,0,Videos,,,,,Total,2968,2184,112,69,23,20,24046.814,8.929,0,0,170,170,,,,0
1267363428764320,100064720237286,"Alcaldía de Tuluá","🎃✨ ¡Este 25 de octubre regresa la magia! ✨🎭

El Coliseo de Ferias Manuel Victoria Rojas abre sus puertas para recibir a miles de familias 👨‍👩‍👧‍👦 que vivirán una experiencia llena de fantasía, color y cuentos encantados. 🧚‍♀️📖

🎈 Ven a celebrar Halloween con todo el encanto de los cuentos de hadas. 🏰💫

¡Te esperamos para vivir una tarde mágica en el Mundo de la Fantasía! 🪄🧙‍♂️👻 #ParaSerFelices","🎃✨ ¡Este 25 de octubre regresa la magia! ✨🎭

El Coliseo de Ferias Manuel Victoria Rojas abre sus puertas para recibir a miles de familias 👨‍👩‍👧‍👦 que vivirán una experiencia llena de fantasía, color y cuentos encantados. 🧚‍♀️📖

🎈 Ven a celebrar Halloween con todo el encanto de los cuentos de hadas. 🏰💫

¡Te esperamos para vivir una tarde mágica en el Mundo de la Fantasía! 🪄🧙‍♂️👻 #ParaSerFelices",41,"10/17/2025 08:06",N/A,https://www.facebook.com/reel/736484729405885/,1,0,Videos,,,,,Total,8866,7613,251,157,21,73,45355.713,5.579,0,0,304,304,,,,0
1267309598769703,100064720237286,"Alcaldía de Tuluá","✨  El Parche de mi Cole llegó al Gimnasio del Pacífico 🎨🎶

Con arte, música y mensajes de convivencia, llevamos alegría, reflexión y valores a nuestros estudiantes de esta Institución. 💙
Esta iniciativa busca transformar los entornos escolares a través del arte, la cultura y la comunicación asertiva. 🙌
💬 Promovemos el NO al bullying, el respeto y la unión entre todos.

🚀 Espéranos en tu colegio para juntos fortalecer la convivencia. #ParaSerFelices  💪🏼",,0,"10/17/2025 06:52",N/A,https://www.facebook.com/AlcaldiaDeTulua/posts/pfbid02BSngY7n1TS1vE7JttzoN3az8ahYnnZ9sTEKhzUqVhShufqGfXuHAykwkj9yxJrP3l,0,0,Fotos,,,,,Total,6034,3583,61,46,0,15,,,,,300,101,,199,,
1266661795501150,100064720237286,"Alcaldía de Tuluá","🌳🏫 ¡Iniciamos poda y mantenimiento de árboles en Instituciones Eduvativas!

Buscando proteger los techos y entornos de nuestras Instituciones Educativas 🌿 identificamos peligro de colapso de algunos árboles, además varias especies no nativas que afectaban la salud de nuestros estudiantes, y por eso estamos actuando con responsabilidad. 💙💪🏼

💪 Queremos que nuestros niños y jóvenes aprendan en espacios más seguros y saludables. #ParaSerFelices","🌳🏫 ¡Iniciamos poda y mantenimiento de árboles en Instituciones Eduvativas!

Buscando proteger los techos y entornos de nuestras Instituciones Educativas 🌿 identificamos peligro de colapso de algunos árboles, además varias especies no nativas que afectaban la salud de nuestros estudiantes, y por eso estamos actuando con responsabilidad. 💙💪🏼

💪 Queremos que nuestros niños y jóvenes aprendan en espacios más seguros y saludables. #ParaSerFelices",55,"10/16/2025 13:21",N/A,https://www.facebook.com/reel/1347155573744928/,1,0,Videos,,,,,Total,4923,4235,181,131,21,29,51321.012,11.422,0,0,198,198,,,,0
1266510282182968,100064720237286,"Alcaldía de Tuluá","Nuevo cruce semafórico mejora la movilidad entre la Calle 27 y la Carrera 19

La Administración Municipal de Tuluá, a través del Departamento de Movilidad y Seguridad Vial, continúa fortaleciendo la infraestructura vial con la instalación de un nuevo cruce semafórico entre la Calle 27 y la Carrera 19, que mejorará la movilidad y la seguridad de peatones y conductores, disminuyendo la accidentalidad en este importante sector de la ciudad.

Lee la noticia completa: ⬇⬇⬇
",,0,"10/16/2025 09:13",N/A,https://www.facebook.com/AlcaldiaDeTulua/posts/pfbid02wrBVGfaN7CvfuHFBCmHNSxxM8ExTpyJtKyWXykcwZy4X8RBmKsJsvzJxZyrQae9Jl,0,0,Enlaces,,,,,Total,4033,2634,34,26,5,3,,,,,80,50,30,,,
1266504238850239,100064720237286,"Alcaldía de Tuluá","#BienestarSocial | Tuluá, referente de construcción de Políticos Públicas para la niñez.

La secretaria de Bienestar Social, Karol René Berón, participó en un foro organizado por ProPacífico y la iniciativa “Un Mejor Lugar para CreSer” , un espacio que le permitió compartir experiencias y avanzar en la consolidación de estrategias articuladas con otros entes territoriales.

Lee la noticia completa: ⬇⬇⬇
",,0,"10/16/2025 09:04",N/A,https://www.facebook.com/AlcaldiaDeTulua/posts/pfbid0cEyfbWRLRsjujnpwgHCVkXqnttEE2ytSz2Wn5cPffbhUEjpYod58nCgxVNKepnGbl,0,0,Enlaces,,,,,Total,1202,798,18,16,0,2,,,,,9,1,8,,,
1265887385578591,100064720237286,"Alcaldía de Tuluá","👧🏽👦🏽 ¡Somos referentes en el trabajo por la niñez y primera infancia! 💙

Participamos en el foro de ProPacífico sobre la construcción de políticas públicas para la primera infancia y la niñez, compartiendo nuestras experiencias y avances desde el municipio. 🌱

Hoy pasamos del papel a la acción, y estos espacios son la muestra de que vamos por buen camino hacia un futuro más justo, protector y feliz para ellos. 🤝✨ #ParaSerFelices",,0,"10/15/2025 16:27",N/A,https://www.facebook.com/AlcaldiaDeTulua/posts/pfbid02Vxem6Bj1xHsau4wWjhLJMHV46Z726XpJckLrT8yCfQnwKJv8QfChnpuhhJm3dn34l,0,0,Fotos,,,,,Total,3378,1711,113,93,6,14,,,,,169,66,,103,,
1265836742250322,100064720237286,"Alcaldía de Tuluá","#Deportes #Inclusión | Tuluá, tricampeón en el Torneo de la Amistad de Baloncesto en silla de ruedas.

La Administración Municipal, liderada por el alcalde Gustavo Adolfo Vélez Román, continúa demostrando su compromiso con la inclusión y el fortalecimiento del deporte adaptado, brindando acompañamiento permanente a los deportistas en condición de discapacidad que representan con orgullo a nuestro municipio, convirtiéndose en un ejemplo de disciplina, superación y amor por Tuluá.

Lee la noticia completa: ⬇⬇⬇
",,0,"10/15/2025 14:44",N/A,https://www.facebook.com/AlcaldiaDeTulua/posts/pfbid0xFZ4fFzJDHa4UViWS8wSRkZEttHGLAjq3e2NJi6xjrA31LcVsG5wkxwHDfmHvXbNl,0,0,Enlaces,,,,,Total,1411,907,32,28,1,3,,,,,6,2,4,,,
1265805918920071,100064720237286,"Alcaldía de Tuluá","#Obras | Reparación de rejillas de drenaje mejora la movilidad en Tuluá.

La Administración Municipal culminó al 100% los trabajos de reparación y mantenimiento de las rejillas de drenaje en la Calle 34, una de las vías con mayor flujo vehicular de la ciudad. 

Lee la noticia completa: ⬇⬇⬇
",,0,"10/15/2025 13:48",N/A,https://www.facebook.com/AlcaldiaDeTulua/posts/pfbid0dPABaKnm29sd92Sa7wBfGgYBaJSZtHkzpU2NHdsuRfr76qUgPe2Rqh63EENMYRj8l,0,0,Enlaces,,,,,Total,3287,2240,40,33,5,2,,,,,47,23,24,,,
1265003725666957,100064720237286,"Alcaldía de Tuluá","✨ Hace un año vivimos un mundo mágico… 🏰
🌈 Este año regresamos con una aventura aún más grande: un mundo lleno de cuentos, fantasía y mucha diversión para nuestros niños. 📚💫

🎠 Prepárate para vivirlo este 25 de octubre en el Coliseo de Ferias Manuel Victoria Rojas.
👧🧒 ¡La magia está por comenzar! #MundoDeLaFantasía #ParaSerFelices 💙","✨ Hace un año vivimos un mundo mágico… 🏰
🌈 Este año regresamos con una aventura aún más grande: un mundo lleno de cuentos, fantasía y mucha diversión para nuestros niños. 📚💫

🎠 Prepárate para vivirlo este 25 de octubre en el Coliseo de Ferias Manuel Victoria Rojas.
👧🧒 ¡La magia está por comenzar! #MundoDeLaFantasía #ParaSerFelices 💙",30,"10/14/2025 16:51",N/A,https://www.facebook.com/reel/809842041644968/,1,0,Videos,,,,,Total,14245,12449,250,148,18,84,74009.178,5.811,0,0,432,432,,,,0
1264963949004268,100064720237286,"Alcaldía de Tuluá","Alcaldía de Tuluá actualizó su foto de portada.",,0,"10/14/2025 15:54",N/A,https://www.facebook.com/photo.php?fbid=1264963949004268&set=a.404265015074170&type=3,0,0,Fotos,,,,,Total,140,75,21,17,1,3,,,,,1,1,,,,
1264933205674009,100064720237286,"Alcaldía de Tuluá","✨ ¡Así cerramos Festival María Antonia Ruiz y el 6º Encuentro de Cocinas Tradicionales @sincomidanohayalegria ! 💙

Con el corazón lleno, estos dos grandes espacios llegaron a su final, dejándonos un fin de semana lleno de sabor, tradición y alegría. 🌿🍲
Gracias a cada cocinero, emprendedor, bailador,  y a todas las familias que con 🤩su amor mantuvieron viva la esencia de nuestras cocinas tradicionales. 💪🏼

🔥 El fuego de la tradición sigue encendido en cada uno de nosotros, así como sigue intacta la historia y el legado de María Antonia Ruiz, nuestra heroína afro, símbolo de fuerza, identidad y resistencia. ✊🏾🌺 #ParaSerFelices","✨ ¡Así cerramos Festival María Antonia Ruiz y el 6º Encuentro de Cocinas Tradicionales @sincomidanohayalegria ! 💙

Con el corazón lleno, estos dos grandes espacios llegaron a su final, dejándonos un fin de semana lleno de sabor, tradición y alegría. 🌿🍲
Gracias a cada cocinero, emprendedor, bailador,  y a todas las familias que con 🤩su amor mantuvieron viva la esencia de nuestras cocinas tradicionales. 💪🏼

🔥 El fuego de la tradición sigue encendido en cada uno de nosotros, así como sigue intacta la historia y el legado de María Antonia Ruiz, nuestra heroína afro, símbolo de fuerza, identidad y resistencia. ✊🏾🌺 #ParaSerFelices",77,"10/14/2025 15:14",mixed,https://www.facebook.com/reel/1151099223654039/,1,0,Videos,,,,,Total,1083,1036,34,28,0,6,5475.525,5.53,0,0,9,8,1,,,0
1264905995676730,100064720237286,"Alcaldía de Tuluá","#Noticias | Más de 8.000 tulueños vivieron el Primer Festival María Antonia Ruiz y el Encuentro de Cocinas Tradicionales. 

Con una asistencia que superó las 8.000 personas durante los tres días de programación, el Coliseo de Ferias Manuel Victoria Rojas se convirtió en el epicentro de la alegría, la cultura y las tradiciones durante el Primer Festival María Antonia Ruiz, un evento que se fusionó al Sexto Encuentro de Cocinas Tradicionales “Sin Comida No Hay Alegría”

Lee la noticia completa: ⬇⬇⬇
al o",,0,"10/14/2025 14:16",N/A,https://www.facebook.com/AlcaldiaDeTulua/posts/pfbid0TGvGgQNZXuA3ysjwsqDeNAmX7Lab4LdKHEMiYW3R91d7xkvLfwocSXPUASVXd89el,0,0,Enlaces,,,,,Total,1830,1159,35,25,4,6,,,,,42,24,18,,,
1264905682343428,100064720237286,"Alcaldía de Tuluá","#Deportes | Alcaldía de Tuluá respalda a los deportistas tulueños en Paranatación.

Desde la Secretaría de Deporte y la Recreación, el alcalde Gustavo Vélez sigue respaldando el talento y la proyección de los deportistas tulueños, especialmente en disciplinas que promueven la inclusión y la superación personal como la Paranatación.

Lee la noticia completa: ⬇⬇⬇
",,0,"10/14/2025 14:16",N/A,https://www.facebook.com/AlcaldiaDeTulua/posts/pfbid031cGrjPnJ4iYKkszijP4fT3WUQmUt8n2PihTRBATi7V5d9yWjQGyyXh3Zitz6dvYDl,0,0,Enlaces,,,,,Total,3813,2210,101,75,6,20,,,,,58,21,37,,,
1264703942363602,100064720237286,"Alcaldía de Tuluá","#BienestarSocial | Certificación de discapacidad y jornada recreativa para adultos mayores del Buen Samaritano.

La Alcaldía de Tuluá, en articulación con la Secretaría de Salud Municipal y el Hospital Tomás Uribe Uribe, realizó la certificación de discapacidad a 15 adultos mayores del albergue El Buen Samaritano, con el objetivo de actualizar su información en el Registro de Localización y Caracterización de Personas con Discapacidad (RLCPD) y facilitar el acceso y su derecho a los servicios de salud.

Lee la noticia completa: ⬇⬇⬇
",,0,"10/14/2025 08:30",N/A,https://www.facebook.com/AlcaldiaDeTulua/posts/pfbid02CoRKbGpqiyqMw9i79w9iKkunPcXcFxLxw3LvnX7DYnQJW6taDsTvyMT9BF2g5zXdl,0,0,Enlaces,,,,,Total,628,433,8,7,0,1,,,,,6,,6,,,
1264695609031102,100064720237286,"Alcaldía de Tuluá","🎶 ¡Reconocimos a quienes hacen grande nuestra historia!🥇

En el marco del Festival María Antonia Ruiz y el 6to Encuentro de Cocinas Tradicionales Sin Comida no hay alegría, conmemoramos a quienes día a día siembran cultura, identidad y orgullo tulueño. 🌿 Ellos son guardianes de las raíces afrodescendientes y defensores de la memoria viva de nuestro pueblo tulueño. 💙💪🏼

Un reconocimiento del corazón de Tuluá #ParaSerFelices 🤩",,0,"10/14/2025 08:19",N/A,https://www.facebook.com/AlcaldiaDeTulua/posts/pfbid0iwshmD2nMUb9You1Ni5ccpo8CSF3tFGF8JVMNKJDPA1aeHJwR7YxUejNRJ2VQAwPl,0,0,Fotos,,,,,Total,6777,3708,76,59,4,13,,,,,477,157,,320,,
1264126965754633,100064720237286,"Alcaldía de Tuluá","🎉 ¡El público habla!","🎉 ¡El público habla!

Esto es lo que dicen quienes han disfrutado del Festival María Antonia Ruiz y nuestro Encuentro de Cocinas Tradicionales @sincomidanohayalegria ✨

Desliza ➡️y vive esta experiencia de sabor y alegría #ParaSerFelices",236,"10/13/2025 16:59",N/A,https://www.facebook.com/reel/1121023106818561/,0,0,Videos,,,,,Total,2040,2014,56,47,0,9,17457.288,8.92,0,0,23,23,,,,0
1702752927070591,100064720237286,"Alcaldía de Tuluá","Sexto Encuentro de Cocinas Tradicionales y Primer Festival María Antonia Ruiz. 🤩 Entrega de Reconocimiento Cocineras Tradicionales.","Sexto Encuentro de Cocinas Tradicionales y Primer Festival María Antonia Ruiz. 🤩 Entrega de Reconocimiento Cocineras Tradicionales.",1456,"10/13/2025 15:21",uploaded,https://www.facebook.com/AlcaldiaDeTulua/videos/1702752927070591/,0,0,"En vivo",,,,,Total,1444,890,35,33,0,2,16729.977,13.383,0,0,33,33,,,,
3134767803363567,100064720237286,"Alcaldía de Tuluá","Primer Festival María Antonia Ruiz. 🤩Conversatorio María Antonia Ruiz, de armas tomar - La Games (historiadora MAR) - Roberto","Primer Festival María Antonia Ruiz. 🤩Conversatorio María Antonia Ruiz, de armas tomar - La Games (historiadora MAR) - Roberto",1335,"10/13/2025 14:48",uploaded,https://www.facebook.com/AlcaldiaDeTulua/videos/3134767803363567/,0,0,"En vivo",,,,,Total,1156,782,25,21,0,4,17119.715,16.258,0,0,36,36,,,,
1854227812197481,100064720237286,"Alcaldía de Tuluá","Primer Festival María Antonia Ruiz. 🤩Conversatorio María Antonia Ruiz, de armas tomar","Primer Festival María Antonia Ruiz. 🤩Conversatorio María Antonia Ruiz, de armas tomar - La Gámez (historiadora MAR) - Roberto",1336,"10/13/2025 14:09",uploaded,https://www.facebook.com/AlcaldiaDeTulua/videos/1854227812197481/,0,0,"En vivo",,,,,Total,1512,1307,32,26,2,4,8483.768,6.025,0,0,28,27,1,,,
823817710339987,100064720237286,"Alcaldía de Tuluá","Primer Festival María Antonia Ruiz. 🤩Conversatorio María Antonia Ruiz, de armas tomar","Primer Festival María Antonia Ruiz. 🤩Conversatorio La Realidad del Viche, de cara a su reglamento.

Inviados: 
José de los Santos, Vichero 
Jerson Cabezas, Vichero 
Julián Balanta, Vichero 
Moderadora: Adriana Montes, editora del podcast ""La historia no contada del viche""",2096,"10/13/2025 13:06",uploaded,https://www.facebook.com/AlcaldiaDeTulua/videos/823817710339987/,0,0,"En vivo",,,,,Total,1498,1256,11,10,0,1,6683.059,4.719,0,0,12,11,1,,,
1263951325772197,100064720237286,"Alcaldía de Tuluá","✨ ¡Hoy en el último día del Sexto Encuentro de Cocinas Tradicionales: @sincomidanohayalegria y el Festival María Antonia Ruiz!🍽️✨

Con conversatorios sobre el👩‍🍳Pandeyuca y Trabuco de La Unión.
📖 Historias de la Cocina Tulueña,🇲🇽 Experiencias Sublimes con los cocineros José y Mar desde México;
🧁 y Cocina para Niños, seguimos celebrando juntos nuestras raíces.🌾

Vivimos un gran espacio lleno de saberes, sabores y tradición. 🍲💃 #ParaSerFelices",,0,"10/13/2025 11:46",N/A,https://www.facebook.com/AlcaldiaDeTulua/posts/pfbid02Zf2mY2GcM1zAHbyRrWF87mmwreuVadwFF7BoVqVcdcqd8EWvQXHmddH2LzjbSkiKl,0,0,Fotos,,,,,Total,2527,1499,41,26,9,6,,,,,75,21,,54,,
2094818404657850,100064720237286,"Alcaldía de Tuluá","Primer Festival María Antonia Ruiz. 🤩 Conversatorio Historias de cocinas Tulueñas🍽️ cocina del Eje Cafetero ""Frijoles de la aundancia""","Sexto Encuentro de cocinas Tradicionales 🧂🥣🤩Conversatorio Historias de cocinas Tulueñas🍽️ cocina del Eje Cafetero ""Frijoles de la abundancia""",1392,"10/13/2025 11:43",uploaded,https://www.facebook.com/AlcaldiaDeTulua/videos/2094818404657850/,0,0,"En vivo",,,,,Total,1985,1326,31,24,2,5,28732.696,16.06,0,0,47,47,,,,
1268135551994569,100064720237286,"Alcaldía de Tuluá","Primer Festival María Antonia Ruiz. 🤩 Conversatorio Historias de cocinas Tulueñas🍽️","Primer Festival María Antonia Ruiz. 🤩 Conversatorio Historias de cocinas Tulueñas🍽️
Show de Cocina Experiencias sublimes José y Mar, cocineros mexicanos",2230,"10/13/2025 09:44",uploaded,https://www.facebook.com/AlcaldiaDeTulua/videos/1268135551994569/,0,0,"En vivo",,,,,Total,1873,1355,54,35,1,18,12903.357,7.156,0,0,38,38,,,,
2590888647942834,100064720237286,"Alcaldía de Tuluá","Primer Festival María Antonia Ruiz. 🤩 Conversatorio Historias de cocinsa Tulueñas🍽️","Primer Festival María Antonia Ruiz. 🤩 Conversatorio Historias de cocinas Tulueñas🍽️
Invitados:
Omar Ortiz, historiador y escritor 
Carlos Arboleda, historiador
Moderador: Juan Carlos Escobar, Investigador PCI",2186,"10/13/2025 08:37",uploaded,https://www.facebook.com/AlcaldiaDeTulua/videos/2590888647942834/,0,0,"En vivo",,,,,Total,1718,1051,36,27,0,9,10940.692,6.946,0,0,27,27,,,,
1263718049128858,100064720237286,"Alcaldía de Tuluá","¡Otro día lleno de sabores y saberes!✨🥘

Con talleres y conversatorios junto a chefs del Pacífico y Boyacá, cocinas para niños, mucha danza, música y diversión, además del esperado concurso de fritanga 🥘🔥

Así disfrutamos el segundo día del festival María Antonia Ruiz y del Encuentro de Cocinas Tradicionales @sincomidanohayalegria 🎶💙

¡Nos vemos hoy para seguir celebrando nuestras raíces y darle cierre a nuestro Festival! 🙌🏽🇨🇴 #ParaSerFelices","¡Otro día lleno de sabores y saberes!✨🥘

Con talleres y conversatorios junto a chefs del Pacífico y Boyacá, cocinas para niños, mucha danza, música y diversión, además del esperado concurso de fritanga 🥘🔥

Así disfrutamos el segundo día del festival María Antonia Ruiz y del Encuentro de Cocinas Tradicionales @sincomidanohayalegria 🎶💙

¡Nos vemos hoy para seguir celebrando nuestras raíces y darle cierre a nuestro Festival! 🙌🏽🇨🇴 #ParaSerFelices",43,"10/13/2025 06:03",mixed,https://www.facebook.com/reel/766490823043628/,1,0,Videos,,,,,Total,1147,983,50,34,1,15,6141.845,5.838,0,0,13,13,,,,0
1841716669775435,100064720237286,"Alcaldía de Tuluá","Primer Festival María Antonia Ruiz. 🤩","Primer Festival María Antonia Ruiz. 🤩",959,"10/12/2025 16:40",uploaded,https://www.facebook.com/AlcaldiaDeTulua/videos/1841716669775435/,0,0,"En vivo",,,,,Total,2128,1260,93,73,2,18,16014.593,8.605,0,0,82,82,,,,
1263149825852347,100064720237286,"Alcaldía de Tuluá","#Noticias | Desde el Festival María Antonia Ruiz y el Sexto Encuentro de Cocinas Tradicionales @sincomidanohayalegria, te traemos una edición especial de 45 Segundos #ParaSerFelices 🤩✌🏽","#Noticias | Desde el Festival María Antonia Ruiz y el Sexto Encuentro de Cocinas Tradicionales @sincomidanohayalegria, te traemos una edición especial de 45 Segundos #ParaSerFelices 🤩✌🏽",35,"10/12/2025 16:13",N/A,https://www.facebook.com/reel/1537486934355889/,1,0,Videos,,,,,Total,1596,1378,60,53,0,7,10805.58,7.36,0,0,23,23,,,,0
1139284984425307,100064720237286,"Alcaldía de Tuluá","Primer Festival María Antonia Ruiz. 🤩 Concurso de Fritanga tradicional ""La mejor empanada Vallecaucana""🍽️","Primer Festival María Antonia Ruiz. 🤩 Concurso de Fritanga tradicional ""La mejor empanada Vallecaucana""🍽️",4807,"10/12/2025 14:43",uploaded,https://www.facebook.com/AlcaldiaDeTulua/videos/1139284984425307/,0,0,"En vivo",,,,,Total,2376,1604,60,50,3,7,11259.14,5.205,0,0,68,68,,,,
1263082185859111,100064720237286,"Alcaldía de Tuluá","🌞✨ ¡Segundo Día del Festival María Antonia Ruiz y el Encuentro de Cocinas Tradicionales “Sin comida no hay alegría”! 🍲🎶

Entre sabores, tradición y alegría, disfrutamos de conversatorios, shows de cocina en vivo y presentaciones artísticas en un ambiente lleno de familia y cultura. 💃🏽👨🏽‍👩🏽‍👧🏽

¡Ven ahora! En la tarde y noche tendremos más sabor, música y diversión para todos. 🎉🥁 #ParaSerFelices 💙","🌞✨ ¡Segundo Día del Festival María Antonia Ruiz y el Encuentro de Cocinas Tradicionales “Sin comida no hay alegría”! 🍲🎶

Entre sabores, tradición y alegría, disfrutamos de conversatorios, shows de cocina en vivo y presentaciones artísticas en un ambiente lleno de familia y cultura. 💃🏽👨🏽‍👩🏽‍👧🏽

¡Ven ahora! En la tarde y noche tendremos más sabor, música y diversión para todos. 🎉🥁 #ParaSerFelices 💙",51,"10/12/2025 14:14",N/A,https://www.facebook.com/reel/1566804494306649/,1,0,Videos,,,,,Total,1150,873,44,28,0,16,5179.913,4.868,0,0,10,10,,,,0
1263072302526766,100064720237286,"Alcaldía de Tuluá","🌽✨ Sabores que cuentan historias ✨🌽

Con el conversatorio “Sabores que cuentan historias” y los shows de cocina del chef Juan Felipe Rojas desde Zipaquirá y la cocinera tradicional Tulueña Cleotilde Vidarte, seguimos llevando saberes y sabores a las familias vallecaucanas que hoy disfrutan del Festival María Antonia Ruiz en el Coliseo de Ferias Manuel Victoria Rojas. 🍲🎶",,0,"10/12/2025 13:56",N/A,https://www.facebook.com/AlcaldiaDeTulua/posts/pfbid02H8VcfCxi3eomsgZKMVv7wuTT7fd2PC4YmAhesjApfPnPAgD13NVLZJinuYYMGncZl,0,0,Fotos,,,,,Total,3460,2014,30,24,1,4,,,,,214,62,,152,,
1263063592527637,100064720237286,"Alcaldía de Tuluá","Primer Festival María Antonia Ruiz.","Primer Festival María Antonia Ruiz.",135,"10/12/2025 13:39",N/A,https://www.facebook.com/reel/827014776946556/,0,0,Videos,,,,,Total,572,525,21,19,0,2,2843.355,5.597,0,0,3,3,,,,0
1349765436734221,100064720237286,"Alcaldía de Tuluá","Primer Festival María Antonia Ruiz. 🤩 Show de Cocina del Pacifico (Pandao de Pescao) Nubia Gómez Banguera, cocinera tradicional Timbiqui 🍽️","Primer Festival María Antonia Ruiz. 🤩 Show de Cocina del Pacifico (Pandao de Pescao) Nubia Gómez Banguera, cocinera tradicional Timbiqui 🍽️",1954,"10/12/2025 12:29",uploaded,https://www.facebook.com/AlcaldiaDeTulua/videos/1349765436734221/,0,0,"En vivo",,,,,Total,1841,1173,34,26,1,7,7640.54,4.537,0,0,24,24,,,,
1810637586238296,100064720237286,"Alcaldía de Tuluá","Primer Festival María Antonia Ruiz. 🤩 Conversaorio Sabores que cuentan historias.","Primer Festival María Antonia Ruiz. 🤩 Conversaorio Sabores que cuentan historias.
Invitados: 
Marco Paredes, Director audiovisual
David Ruiz, Cocinero y Divulgador Cultural  Juan Escobar, Investigador PCI 🍽️",1854,"10/12/2025 10:00",uploaded,https://www.facebook.com/AlcaldiaDeTulua/videos/1810637586238296/,0,0,"En vivo",,,,,Total,2038,1311,35,27,1,7,6336.533,3.481,0,0,29,29,,,,
4200782130170246,100064720237286,"Alcaldía de Tuluá","Primer Festival María Antonia Ruiz. 🤩 Cleotilde Vidarte, cocinera tradicional de Tuluá ""Pepinos Relleno""🍽️","Primer Festival María Antonia Ruiz. 🤩 Cleotilde Vidarte, cocinera tradicional de Tuluá ""Pepinos Relleno""🍽️",1196,"10/12/2025 09:15",uploaded,https://www.facebook.com/AlcaldiaDeTulua/videos/4200782130170246/,0,0,"En vivo",,,,,Total,2556,1895,50,40,0,10,13418.772,5.773,0,0,73,73,,,,
1262838432550153,100064720237286,"Alcaldía de Tuluá","Así se vivió uno de los momentos más vibrantes del Afro Model 2025 💫✨

Modelos de la academia Staff Models brillaron con los diseños de Jofer de Jara y los turbantes de Irma Tulia Escobar 🌈🔥

Una noche de color, diversidad e inclusión, en el marco del Festival María Antonia Ruiz con las presentaciones artísticas de La Gámez del Pacífico, Julián Rodríguez y Laura Valentina Gutiérrez. 🎶💃🏾","Así se vivió uno de los momentos más vibrantes del Afro Model 2025 💫✨

Modelos de la academia Staff Models brillaron con los diseños de Jofer de Jara y los turbantes de Irma Tulia Escobar 🌈🔥

Una noche de color, diversidad e inclusión, en el marco del Festival María Antonia Ruiz con las presentaciones artísticas de La Gámez del Pacífico, Julián Rodríguez y Laura Valentina Gutiérrez. 🎶💃🏾",57,"10/12/2025 08:12",N/A,https://www.facebook.com/reel/1323830705355526/,1,0,Videos,,,,,Total,2207,1503,114,89,12,13,16812.632,8.427,0,0,42,42,,,,0
1262285149272148,100064720237286,"Alcaldía de Tuluá","✨ Color, diversidad e inclusión en el Afro Model 2025. 

Más de 25 artistas y modelos brillaron en la pasarela del Afro Model 2025, luciendo los diseños del artista caleño Jofer de Jara y los turbantes y kufís de la lideresa Tulueña Irma Tulia Escobar Gutiérrez.✨😎

Una noche vibrante que abrió la primera noche del Festival María Antonia Ruiz, con el apoyo de la Unidad Central del Valle, UCEVA y la Agencia Staff Models. 💫",,0,"10/11/2025 18:50",N/A,https://www.facebook.com/AlcaldiaDeTulua/posts/pfbid02W2FnisdabMuAf1i2AzsC5yikw5a5mu85KVcRZCTKmgPDwpSDEcAgjYEsHbfD3ox8l,0,0,Fotos,,,,,Total,8133,4588,106,86,3,17,,,,,571,132,,439,,
2388297214920466,100064720237286,"Alcaldía de Tuluá","Primer Festivla María Antonia Ruiz.","Pasarela Afro Model 2025 en el Primer Festival María Antonia Ruiz. 🤩

Más de 25 modelos vistiendo diseños del caleño Jofer de Jara. 😎✨",1233,"10/11/2025 17:05",uploaded,https://www.facebook.com/AlcaldiaDeTulua/videos/2388297214920466/,0,0,"En vivo",,,,,Total,2744,1763,116,93,4,19,22205.271,9.283,0,0,155,154,1,,,
1167536435260038,100064720237286,"Alcaldía de Tuluá","Primer Festivla María Antonia Ruiz. Show de Cocina, Chef David Ruiz, cocina nariñense (La Juanesca)","Primer Festival María Antonia Ruiz. 🤩

Show de Cocina, Chef David Ruiz, cocina nariñense (La Juanesca)🍽️",2996,"10/11/2025 12:19",uploaded,https://www.facebook.com/AlcaldiaDeTulua/videos/1167536435260038/,0,0,"En vivo",,,,,Total,2365,1243,46,41,1,4,14914.643,7.347,0,0,49,49,,,,
1262035812630415,100064720237286,"Alcaldía de Tuluá","✨ ¡Inicia el primer día del Festival María Antonia Ruiz!

Entre sabores, música y tradición también seguimos disfrutando del Encuentro de Comidas Tradicionales “Sin comida no hay alegría” 🍲🎶

👉 La entrada es GRATIS, vení con tu familia y hacé parte de esta gran experiencia gastronómica que va hasta la noche.  #ParaSerFelices",,0,"10/11/2025 12:04",N/A,https://www.facebook.com/AlcaldiaDeTulua/posts/pfbid0bE7YGGcp3Cc3vKK4eutoiBP3EAzer2uBH1Wqhgh1U5pSCGJr9X7s6CxKY4NqiPSgl,0,0,Fotos,,,,,Total,8104,4460,127,96,13,16,,,,,510,148,,362,,
1261996072634389,100064720237286,"Alcaldía de Tuluá","#ElPodcastdeVélez | Desde el Festival María Antonia Ruiz.

En este episodio te contamos todos los detalles del Primer Festival María Antonia Ruiz, un evento que celebra nuestras raíces con cocinas tradicionales, arte y cultura afro del Pacífico, zonas de bienestar, artesanías, emprendedores, dulces, mecato y mucho más. Desde el 11 al 13 de octubre desde las 9:00 a. m. en el Coliseo de Ferias Manuel Victoria Rojas, para vivir juntos el sabor, la cultura y la alegría del Pacífico en Tuluá.","#ElPodcastdeVélez | Desde el Festival María Antonia Ruiz.

En este episodio te contamos todos los detalles del Primer Festival María Antonia Ruiz, un evento que celebra nuestras raíces con cocinas tradicionales, arte y cultura afro del Pacífico, zonas de bienestar, artesanías, emprendedores, dulces, mecato y mucho más. Desde el 11 al 13 de octubre desde las 9:00 a. m. en el Coliseo de Ferias Manuel Victoria Rojas, para vivir juntos el sabor, la cultura y la alegría del Pacífico en Tuluá.",668,"10/11/2025 11:03",uploaded,https://www.facebook.com/reel/813313134402847/,0,0,Videos,,,,,Total,1767,1650,70,46,15,9,18258.612,11.433,0,0,52,52,,,,0
3199966796828074,100064720237286,"Alcaldía de Tuluá","Primer Festivla María Antonia Ruíz","Acto de Apertura del Primer Festivla María Antonia Ruíz en el Coliseo Manuel Victoria Rojas de Tuluá",1561,"10/11/2025 07:58",uploaded,https://www.facebook.com/AlcaldiaDeTulua/videos/3199966796828074/,0,0,"En vivo",,,,,Total,3992,2249,87,55,6,26,24856.44,7.244,0,0,92,92,,,,
1261272632706733,100064720237286,"Alcaldía de Tuluá","🌊🔥 ¡Desliza para conocer todo lo que tendremos este fin de semana en el Coliseo de Ferias Manuel Victoria Rojas! 💃🏾🎶

Zonas de bienestar, cocinas tradicionales, artesanías, emprendedores, dulces, mecato y mucho más 😍✨

Nos vemos desde el 11 al 13 de octubre desde las 9:00 a. m. en el Primer Festival María Antonia Ruiz para vivir juntos el sabor, la cultura y la alegría del Pacífico 💙 #ParaSerFelices",,0,"10/10/2025 17:47",N/A,https://www.facebook.com/AlcaldiaDeTulua/posts/pfbid0atTPMnmNvqzQdGP5cS6eDNF1rtw8JDjHdhkLbZqVqJxjwtKqgDy6rZyt3H47cdaDl,0,0,Fotos,,,,,Total,4900,2704,76,46,1,28,,,,,221,41,,180,,
1261199172714079,100064720237286,"Alcaldía de Tuluá","🎉 ¡Todo está listo para vivir el Festival María Antonia Ruiz 2025!

💃🏾 Estos son los artistas y agrupaciones que nos harán bailar, gozar y vibrar con toda la fuerza de nuestra cultura. 📍 Desde el Coliseo de Ferias Manuel Victoria Rojas, este fin de semana del 11 al 13 de octubre viviremos noches llenas de música, alegría y tradición, unidas en un solo corazón: el de Tuluá.
✨ ¡Prepárate para sentir, disfrutar y vivir el festival como nunca antes! #ParaSerFelices","🎉 ¡Todo está listo para vivir el Festival María Antonia Ruiz 2025!

💃🏾 Estos son los artistas y agrupaciones que nos harán bailar, gozar y vibrar con toda la fuerza de nuestra cultura. 📍 Desde el Coliseo de Ferias Manuel Victoria Rojas, este fin de semana del 11 al 13 de octubre viviremos noches llenas de música, alegría y tradición, unidas en un solo corazón: el de Tuluá.
✨ ¡Prepárate para sentir, disfrutar y vivir el festival como nunca antes! #ParaSerFelices",60,"10/10/2025 15:34",N/A,https://www.facebook.com/reel/1691018808261578/,1,0,Videos,,,,,Total,3610,3264,70,45,3,22,19461.119,5.766,0,0,55,55,,,,0
1260897589410904,100064720237286,"Alcaldía de Tuluá","🚫 ¡Los piques no son un juego!

Este joven tulueño aprendió la lección: conducir sin papeles, con el vehículo en mal estado y poniendo en riesgo su vida y la de los demás, nunca será una buena decisión. Desde la Administración Municipal seguimos trabajando por una movilidad responsable y segura.🏍️⚠️","🚫 ¡Los piques no son un juego!

Este joven tulueño aprendió la lección: conducir sin papeles, con el vehículo en mal estado y poniendo en riesgo su vida y la de los demás, nunca será una buena decisión. Desde la Administración Municipal seguimos trabajando por una movilidad responsable y segura.🏍️⚠️",47,"10/10/2025 08:06",N/A,https://www.facebook.com/reel/2696831767375807/,1,0,Videos,,,,,Total,113566,40312,4532,3803,397,332,1252263.817,14.262,0,0,14157,14157,,,,0
1260209172813079,100064720237286,"Alcaldía de Tuluá","¡Llegó el Festival María Antonia Ruiz a Tuluá! ✨✌🏽

Desliza y mira nuestros 5 tips esenciales para gozar al máximo este fin de semana: comida, baile, cultura y ¡mucho goce! 🌊🔥
Prepárate para vivir un parche lleno de color, sabor y tradición del Pacífico en el 📍Coliseo de Ferias Manuel Victoria Rojas. #ParaSerFelices 🎶💃🏾🪘","¡Llegó el Festival María Antonia Ruiz a Tuluá! ✨✌🏽

Desliza y mira nuestros 5 tips esenciales para gozar al máximo este fin de semana: comida, baile, cultura y ¡mucho goce! 🌊🔥
Prepárate para vivir un parche lleno de color, sabor y tradición del Pacífico en el 📍Coliseo de Ferias Manuel Victoria Rojas. #ParaSerFelices 🎶💃🏾🪘",74,"10/09/2025 15:38",N/A,https://www.facebook.com/reel/796017343168223/,1,0,Videos,,,,,Total,4200,3370,156,125,2,29,37555.814,9.94,0,0,77,77,,,,0
1259978926169437,100064720237286,"Alcaldía de Tuluá","🚧💪 ¡Conectamos Tomás Uribe con La Trinidad!

El paso a nivel de la Carrera 26B, entre estos dos sectores, ya alcanza un 85% de avance ✅.
Una obra realizada en tiempo récord que mejora la movilidad y transforma la infraestructura de nuestro municipio.
Lo que por años fue un sueño, ¡hoy es una realidad! Obras #ParaSerFelices 💙💪🏼","🚧💪 ¡Conectamos Tomás Uribe con La Trinidad!

El paso a nivel de la Carrera 26B, entre estos dos sectores, ya alcanza un 85% de avance ✅.
Una obra realizada en tiempo récord que mejora la movilidad y transforma la infraestructura de nuestro municipio.
Lo que por años fue un sueño, ¡hoy es una realidad! Obras #ParaSerFelices 💙💪🏼",59,"10/09/2025 09:38",N/A,https://www.facebook.com/reel/1333244718291826/,1,0,Videos,,,,,Total,14112,11737,475,303,31,141,152430.986,11.798,0,0,521,521,,,,0
1259340762899920,100064720237286,"Alcaldía de Tuluá","🎉✨ ¡Conoce la programación oficial del Festival María Antonia Ruiz!✨✌🏽

Este fin de semana prepárate para vivir un parche lleno de color, alegría y tradición 🎶💃🏾🪘.
Con música, baile, goce y mucho tirar paso al mejor estilo del Pacífico 🌊🔥

👉🏾 Desliza y descubre todo lo que trae este finde en Tuluá. #ParaSerFelices ✨💙",,0,"10/08/2025 18:19",N/A,https://www.facebook.com/AlcaldiaDeTulua/posts/pfbid02H8PHH1Cw7f1QYceUV4aFKaJpNhJgwhfF34cSebWAtRSaLRoPPu9cTnutfnBCfbqGl,0,0,Fotos,,,,,Total,17080,8373,285,199,4,82,,,,,998,221,,777,,
1259281046239225,100064720237286,"Alcaldía de Tuluá","🎬✨ Edward, el talento tulueño que le apuesta al cine de terror 👻

Con el apoyo de la Administración Municipal, este joven cineasta está cumpliendo su sueño de producir historias de terror desde el corazón del Valle. 💪🎥 En Tuluá creemos en el talento local, lo impulsamos y lo transformamos en oportunidades reales. 🌟 Porque aquí, soñar también es una forma #ParaSerFelices. 💙💪🏼","🎬✨ Edward, el talento tulueño que le apuesta al cine de terror 👻

Con el apoyo de la Administración Municipal, este joven cineasta está cumpliendo su sueño de producir historias de terror desde el corazón del Valle. 💪🎥 En Tuluá creemos en el talento local, lo impulsamos y lo transformamos en oportunidades reales. 🌟 Porque aquí, soñar también es una forma #ParaSerFelices. 💙💪🏼",117,"10/08/2025 16:33",N/A,https://www.facebook.com/reel/1120833529730361/,1,0,Videos,,,,,Total,3804,3164,344,268,47,29,42564.221,12.566,0,0,248,248,,,,0
1259250182908978,100064720237286,"Alcaldía de Tuluá","#Obras | Paso a nivel que conecta la Trinidad y el Tomás Uribe avanza en un 85%.

Con un 85% de avance, la Administración Municipal de Tuluá continúa con la construcción del paso a nivel de la Carrera 26B, una obra que conectará los barrios La Graciela, La Trinidad, Tomás Uribe y el Centro, mejorando significativamente la movilidad en este importante sector de la ciudad.

Lee la noticia completa: ⬇⬇⬇",,0,"10/08/2025 15:34",N/A,https://www.facebook.com/AlcaldiaDeTulua/posts/pfbid0nqqADmDazKZph3hAqU9iLxq1q7S2NzyuuNxm6bM1afDxLCHd6hNWXSFjV3SswNNal,0,0,Enlaces,,,,,Total,9443,6446,85,68,5,12,,,,,211,105,106,,,
1259248949575768,100064720237286,"Alcaldía de Tuluá","#Deportes | Barragán cuenta con monitor deportivo permanente gracias al alcalde Gustavo Vélez.

La Alcaldía Municipal de Tuluá, a través de la Secretaría de Deporte y la Recreación, continúa ampliando la oferta deportiva en la zona rural de Tuluá. Por primera vez, el corregimiento de Barragán cuenta con un monitor deportivo de manera permanente, quien está brindando recreación y deporte todos los días a los habitantes de este corregimiento.

Lee la noticia completa: ⬇⬇⬇",,0,"10/08/2025 15:32",N/A,https://www.facebook.com/AlcaldiaDeTulua/posts/pfbid05rsa3TmjBofWSGjxEkNGkgM3ikK3868UJqrAN7kvb8vVrj2ZyoeGK8RGtoBHGLufl,0,0,Enlaces,,,,,Total,2840,1840,89,68,5,16,,,,,46,18,28,,,
1258190629681600,100064720237286,"Alcaldía de Tuluá","#Obras | Ya está listo primer tramo que conecta en intercambiador de la 40 con el Fátima.

Con la pavimentación de 800 metros cuadrados, la Administración Municipal de Tuluá avanza en la construcción del tramo que conecta la Carrera 40 con el barrio Fátima, una obra estratégica que mejorará la movilidad, la conectividad y la calidad de vida de los tulueños.

Lee la noticia completa:⬇⬇⬇
",,0,"10/07/2025 13:17",N/A,https://www.facebook.com/AlcaldiaDeTulua/posts/pfbid0bqw9pkAtYJsprt3hdfehPLXfw2YBQ9AFPopxoUYvutCM4afi7XjngQmAW4tpRinfl,0,0,Enlaces,,,,,Total,5402,3504,75,56,8,11,,,,,107,68,39,,,
1258094953024501,100064720237286,"Alcaldía de Tuluá","🎉🍲 ¡Prepárate para vivir el Primer Festival María Antonia Ruiz!

Este 11, 12 y 13 de octubre el Coliseo de Ferias Manuel Victoria Rojas se llenará de sabor, tradición, cultura y mucha música para todos 🎶✨

En el marco del Sexto Encuentro de Cocinas Tradicionales, celebramos lo que más nos une: la comida, las raíces y la alegría 💛

Nosotros ya estamos listos #ParaSerFelices… ¿y vos? 👀 Déjanos saber en los comentarios ⬇️","🎉🍲 ¡Prepárate para vivir el Primer Festival María Antonia Ruiz!

Este 11, 12 y 13 de octubre el Coliseo de Ferias Manuel Victoria Rojas se llenará de sabor, tradición, cultura y mucha música para todos 🎶✨

En el marco del Sexto Encuentro de Cocinas Tradicionales, celebramos lo que más nos une: la comida, las raíces y la alegría 💛

Nosotros ya estamos listos #ParaSerFelices… ¿y vos? 👀 Déjanos saber en los comentarios ⬇️",47,"10/07/2025 11:03",N/A,https://www.facebook.com/reel/782259498034808/,1,0,Videos,,,,,Total,2515,1959,60,46,1,13,16417.297,7.094,0,0,14,14,,,,0
1258003846366945,100064720237286,"Alcaldía de Tuluá","💪🏫 ¡El techo de la Antonia Santos ya está en transformación!

Durante años, estudiantes, docentes y padres de familia soñaron con este cambio… y hoy es una realidad 🙌✨

Más de 300 niños y niñas se verán beneficiados con espacios más seguros y dignos para aprender y crecer.

💙 En Tuluá seguimos transformando la educación y los espacios para nuestros niños y niñas. #ParaSerFelices","💪🏫 ¡El techo de la Antonia Santos ya está en transformación!

Durante años, estudiantes, docentes y padres de familia soñaron con este cambio… y hoy es una realidad 🙌✨

Más de 300 niños y niñas se verán beneficiados con espacios más seguros y dignos para aprender y crecer.

💙 En Tuluá seguimos transformando la educación y los espacios para nuestros niños y niñas. #ParaSerFelices",30,"10/07/2025 09:11",N/A,https://www.facebook.com/reel/1107385678231687/,1,0,Videos,,,,,Total,5125,3309,162,130,1,31,36365.194,8.233,0,0,95,95,,,,0
1257814293052567,100064720237286,"Alcaldía de Tuluá","#Deportes | Más de 300 tulueños le “pedalearon a la salud” en el gran Ciclopaseo Nocturno

Más de 300 tulueños participaron en el Ciclopaseo Nocturno “Pedalea tu Salud”, una iniciativa liderada por el alcalde Gustavo Adolfo Vélez, que promovió la actividad física, el bienestar y la unión familiar en una noche llena de alegría, deporte y comunidad para todos los tulueños. 

Lee la noticia completa: ⬇️⬇️⬇️
",,0,"10/07/2025 05:27",N/A,https://www.facebook.com/AlcaldiaDeTulua/posts/pfbid02XmAaS91LQX8xqyWYECZzsjaeHwjRc456hTXuJeEfbhfkxnxSUfczUeYhLGfBJxLZl,0,0,Enlaces,,,,,Total,2731,1811,35,31,0,4,,,,,34,4,30,,,
1257074313126565,100064720237286,"Alcaldía de Tuluá","¡Listo el tramo que conecta la 40 con el Fátima!🚧🏗️

Así avanza la construcción del Intercambiador de la 40 con el  nuevo tramo que consta de 800 m² de pavimento rígido para mejorar la movilidad y la calidad de vida de los tulueños. ¡Estas son obras que transforman a Tuluá! 💪 #ParaSerFelices",,0,"10/06/2025 10:24",N/A,https://www.facebook.com/AlcaldiaDeTulua/posts/pfbid03424cioqpNqER3aNbmP55v3ehED2VnZaJEgXCr5evmoB8rPuuhLC9dpm226qQssoXl,0,0,Fotos,,,,,Total,25526,13031,270,221,22,25,,,,,2805,817,,1988,,
1256017689898894,100064720237286,"Alcaldía de Tuluá",,,0,"10/05/2025 07:48",N/A,https://www.facebook.com/AlcaldiaDeTulua/posts/pfbid02Dic51yP5qYU3pFxa2Epw9WpY8h62i3PEShQb46Es43a43KEWyUM3Qafp2Nt3HeV6l,0,1,Fotos,,,,,Total,4046,2304,57,46,2,0,,,,,386,131,,255,,
1255417796625550,100064720237286,"Alcaldía de Tuluá","#Noticias | Desde el Ciclopaseo Nocturno “Pedalea tu Salud” te traemos las noticias más importantes de la semana en el nuevo episodio de 45 Segundos #ParaSerFelices 🤩✌🏽","#Noticias | Desde el Ciclopaseo Nocturno “Pedalea tu Salud” te traemos las noticias más importantes de la semana en el nuevo episodio de 45 Segundos #ParaSerFelices 🤩✌🏽",74,"10/04/2025 16:00",N/A,https://www.facebook.com/reel/706375672471631/,1,0,Videos,,,,,Total,6082,5438,169,138,8,23,66267.047,12.044,0,0,235,235,,,,0
1255306839969979,100064720237286,"Alcaldía de Tuluá","🚴‍♀️✨ ¡Con alegría vivimos el gran Ciclopaseo Nocturno “Pedalea tu Salud”!

Más de 300 tulueños se unieron en bicicleta para recorrer las calles del municipio y disfrutar de un espacio lleno de salud, deporte y unión familiar.✨💙

Seguimos transformando los espacios para todos y promoviendo el bienestar de nuestras comunidades. 🌟💪 #ParaSerFelices 💙","🚴‍♀️✨ ¡Con alegría vivimos el gran Ciclopaseo Nocturno “Pedalea tu Salud”!

Más de 300 tulueños se unieron en bicicleta para recorrer las calles del municipio y disfrutar de un espacio lleno de salud, deporte y unión familiar.✨💙

Seguimos transformando los espacios para todos y promoviendo el bienestar de nuestras comunidades. 🌟💪 #ParaSerFelices 💙",47,"10/04/2025 12:33",N/A,https://www.facebook.com/reel/1845559512981865/,1,0,Videos,,,,,Total,3583,2719,110,89,2,19,19802.059,6.033,0,0,60,60,,,,0
1254441813389815,100064720237286,"Alcaldía de Tuluá","#BienestarSocial | Tuluá, referente regional en la protección de la niñez.

En el marco del séptimo Comité Interinstitucional de Erradicación del Trabajo Infantil (CIETI), que contó con la participación de la representante del Ministerio de Trabajo, se exaltó la labor del municipio de Tuluá por sus avances y resultados en la protección de la niñez.

Lee la noticia completa: ⬇⬇⬇
",,0,"10/03/2025 13:26",N/A,https://www.facebook.com/AlcaldiaDeTulua/posts/pfbid0KMuiBpruS7L4TG7ky1PJsky43VpbNVon2oz7GdK3LbdaxvU8eQn98iNY9iJ2RGC7l,0,0,Enlaces,,,,,Total,1836,1171,26,22,0,4,,,,,9,,9,,,
1254441486723181,100064720237286,"Alcaldía de Tuluá","#BienestarSocial | Jóvenes tulueños acceden a rutas de empleabilidad y primer empleo.

Los jóvenes tulueños beneficiarios del programa Renta Joven, tuvieron la posibilidad de acceder a las convocatorias públicas que ofrece el Estado colombiano en una jornada donde los participantes conocieron las rutas de empleabilidad.

Lee la noticia completa: ⬇⬇⬇
",,0,"10/03/2025 13:26",N/A,https://www.facebook.com/AlcaldiaDeTulua/posts/pfbid02B6hDY4YaUiDWjjCqSiTZNb1vLBfmbRv3m3V3ub3go2BJEKEhoJduw7pTiaDCYSTBl,0,0,Enlaces,,,,,Total,1426,910,18,15,0,3,,,,,8,1,7,,,
1254328596734470,100064720237286,"Alcaldía de Tuluá","🏡 Entregamos casas a familias en Siete Vueltas💪🏼

4 familias recibieron viviendas nuevas y 3 más mejoramientos en sus casas💙, después de perderlo todo en la ola invernal a principio de año.😔
Hoy cuentan con espacios dignos y seguros que transformarán sus vidas para empezar de nuevo. 💪🏼✨ #ParaSerFelices","🏡 Entregamos casas a familias en Siete Vueltas💪🏼

4 familias recibieron viviendas nuevas y 3 más mejoramientos en sus casas💙, después de perderlo todo en la ola invernal a principio de año.😔
Hoy cuentan con espacios dignos y seguros que transformarán sus vidas para empezar de nuevo. 💪🏼✨ #ParaSerFelices",98,"10/03/2025 10:15",N/A,https://www.facebook.com/reel/3352877718194935/,1,0,Videos,,,,,Total,4167,4061,146,86,11,49,34235.715,8.906,0,0,90,90,,,,0
1254198856747444,100064720237286,"Alcaldía de Tuluá","📚✨ ¡Estudiantes de Puerto Frazadas tendrán nuevos salones!
 
Entregamos materiales para iniciar la mejora de la Institución Educativa de este sector, con el propósito de brindar salones dignos y espacios de calidad donde nuestros jóvenes puedan aprender y soñar con un mejor futuro donde transformamos la educación #ParaSerFelices 🌱👩‍🏫👨‍🎓","📚✨ ¡Estudiantes de Puerto Frazadas tendrán nuevos salones!
 
Entregamos materiales para iniciar la mejora de la Institución Educativa de este sector, con el propósito de brindar salones dignos y espacios de calidad donde nuestros jóvenes puedan aprender y soñar con un mejor futuro donde transformamos la educación #ParaSerFelices 🌱👩‍🏫👨‍🎓",52,"10/03/2025 07:14",N/A,https://www.facebook.com/reel/772471332321787/,1,0,Videos,,,,,Total,5570,2294,323,259,23,41,53469.19,11.218,0,0,186,186,,,,0
