"Identificador de la publicación","Identificador de la página","Nombre de la página",Título,Descripción,"Duración (segundos)","Hora de publicación","Tipo de subtítulo","Enlace permanente","Es una publicación cruzada","Es una publicación compartida","Tipo de publicación",Idiomas,"Etiquetas personalizadas","Estado de contenido financiado","Comentario sobre los datos",Fecha,Visualizaciones,Alcance,"Reacciones, comentarios y veces que se compartió",Reacciones,Comentarios,"Veces que se compartió","Total de clics","Clics en el enlace","Consumo de segmentación del público coincidente (Photo Click)","Clics de otro tipo","Comentarios negativos de los usuarios: Ocultar","Comentarios negativos de los usuarios: Ocultar todo","Segundos reproducidos","Segundos en promedio reproducidos","Ingresos estimados (USD)","CPM del anuncio (USD)","Impresiones del anuncio"
1295995275901135,100064720237286,"Alcaldía de Tuluá",,,0,"11/19/2025 08:53",N/A,https://www.facebook.com/AlcaldiaDeTulua/posts/pfbid02Bo7ZMdi1V1pWaMbTcSvUwto17yYBc7dFeZ8UqETz79yEzVKtCK7NxjAPsc5ABdrAl,0,1,Texto,,,,,Total,,88,2,2,0,0,4,,,4,,,,,,,
1295978345902828,100064720237286,"Alcaldía de Tuluá","📚✨ ¡Tuluá le apuesta al bilingüismo! 🇬🇧💙

Hoy, junto a @fundacionlevapan y @corazondecana, visitamos siete instituciones donde ya habilitamos nuevas aulas de inglés renovadas y dotadas con tecnología para nuestros estudiantes. 🚀📖

🤝 Gracias a esta alianza público-privada, más de 6.000 estudiantes se verán beneficiados con mejores espacios y más oportunidades de aprendizaje.

🌟 En Tuluá, la educación se transforma. #ParaSerFelices","📚✨ ¡Tuluá le apuesta al bilingüismo! 🇬🇧💙

Hoy, junto a @fundacionlevapan y @corazondecana, visitamos siete instituciones donde ya habilitamos nuevas aulas de inglés renovadas y dotadas con tecnología para nuestros estudiantes. 🚀📖

🤝 Gracias a esta alianza público-privada, más de 6.000 estudiantes se verán beneficiados con mejores espacios y más oportunidades de aprendizaje.

🌟 En Tuluá, la educación se transforma. #ParaSerFelices",40,"11/19/2025 08:25",N/A,https://www.facebook.com/reel/1150696060376203/,1,0,Videos,,,,,Total,370,268,34,23,1,10,11,,,11,,,2693.322,9.483,0,0,0
1295965985904064,100064720237286,"Alcaldía de Tuluá","🚴‍♀️💙 ¡Muy pronto llega la Ciclovía en Tuluá! 💙🚴‍♂️","🚴‍♀️💙 ¡Muy pronto llega la Ciclovía en Tuluá! 💙🚴‍♂️
Un espacio pensado para que todas las familias salgan a disfrutar, moverse, hacer ejercicio y compartir momentos especiales.
Prepárate… porque lo que se viene es deporte, alegría y vida saludable para todos. #ParaSerFelices
¡Espérala, que ya casi llega! 🌟",35,"11/19/2025 08:05",N/A,https://www.facebook.com/reel/25272777719078765/,0,0,Videos,,,,,Total,931,861,46,32,7,7,77,,,77,,,6491.38,8.463,0,0,0
1295949195905743,100064720237286,"Alcaldía de Tuluá","🎄🗞️ ¡Compra a nuestros comerciantes y transforma a Tuluá !

Desde la Alcaldía de Tuluá y nuestros aliados del sector comercio los invitamos al lanzamiento oficial de la campaña navideña “Compra en Tuluá y vive la alegría de la Navidad”, una apuesta por impulsar el crecimiento del comercio local en esta temporada tan especial.

📅 Fecha: 20 de noviembre de 2025
⏰ Hora: 3:00 p.m.
📍 Lugar: Plazoleta de Comidas – Central de Transportes de Tuluá

Acompáñennos a compartir esta estrategia que busca fortalecer nuestra economía y apoyar a los comerciantes tulueños.

🎁✨ ¡Los esperamos!",,0,"11/19/2025 07:40",N/A,https://www.facebook.com/AlcaldiaDeTulua/posts/pfbid02p68zv4DwodsXp1jCQyagsD7qk7kgHPeYx4YjTEPoTLHfnoZ3jtrPmHDTjorCrw51l,0,0,Fotos,,,,,Total,914,599,14,8,3,3,20,,7,13,,,,,,,
1295944002572929,100064720237286,"Alcaldía de Tuluá","#Salud | Secretaría de Salud adelanta jornada de Inspección, Vigilancia y Control al PAE

Con una jornada de inspección, vigilancia y control en tres instituciones educativas del municipio, la Secretaría de Salud busca verificar las condiciones de salubridad y el cumplimiento de los lineamientos del Programa de Alimentación Escolar (PAE). 

Lee la noticia completa: ⬇⬇⬇
",,0,"11/19/2025 07:31",N/A,https://www.facebook.com/AlcaldiaDeTulua/posts/pfbid02yhKzYqEzWSVD3kqVy25W7kz5y2iVLJCnCwuxxgELPCaKFeipHYdpy6WcnndDtwTUl,0,0,Enlaces,,,,,Total,330,220,0,0,0,0,6,6,,,,,,,,,
1295943355906327,100064720237286,"Alcaldía de Tuluá","#BienestarSocial | Comedor Comunitario Sazón Para Ser Felices alimentó a 100 abuelitos del hogar Buen Samaritano.

Con el propósito de brindar acompañamiento y garantizar la ración alimentaria a la población vulnerable que allí recibe atención, el programa Sazón Para Ser Felices, llegó al Hogar “Buen Samaritano”. Esta iniciativa busca fortalecer la seguridad alimentaria y asegurar que las personas con mayores necesidades cuenten con un apoyo permanente y digno.

Lee la noticia completa: ⬇⬇⬇
",,0,"11/19/2025 07:30",N/A,https://www.facebook.com/AlcaldiaDeTulua/posts/pfbid02B7uavskvCKW3mNT6wq8Amps8BTSSWzA5N6BujgFFZKQmo8Um1q249qKnb1KZfa1ul,0,0,Enlaces,,,,,Total,290,208,5,4,0,1,2,2,,,,,,,,,
1295347775965885,100064720237286,"Alcaldía de Tuluá","💰✨ Si octubre se te pasó volando… en noviembre todavía alcanzas!

Aprovecha el 80% de descuento en intereses y sanciones de tus impuestos Predial, Alumbrado Público, Industria y Comercio y Circulación y Tránsito. ✔️🏙️ Ponte al día y sigamos construyendo juntos la Tuluá que soñamos. ¡No dejes pasar esta oportunidad! 💙💪 #ParaSerFelices","💰✨ Si octubre se te pasó volando… en noviembre todavía alcanzas!

Aprovecha el 80% de descuento en intereses y sanciones de tus impuestos Predial, Alumbrado Público, Industria y Comercio y Circulación y Tránsito. ✔️🏙️ Ponte al día y sigamos construyendo juntos la Tuluá que soñamos. ¡No dejes pasar esta oportunidad! 💙💪 #ParaSerFelices",34,"11/18/2025 13:01",N/A,https://www.facebook.com/reel/4230030247316692/,1,0,Videos,,,,,Total,703,646,19,12,1,6,7,,,7,,,3441.974,5.336,0,0,0
1295224932644836,100064720237286,"Alcaldía de Tuluá","#Obras | Villa Campestre tendrá calles nuevas.

Con más de 2.600 metros lineales programados para intervenir, el alcalde Gustavo Adolfo Vélez Román iniciará en los próximos días la recuperación de la malla vial en el sector de Villa Campestre, mediante obras de topping que mejorarán la movilidad y la calidad de vida de los habitantes de esta zona. 

Lee la noticia completa: ⬇⬇⬇
",,0,"11/18/2025 08:58",N/A,https://www.facebook.com/AlcaldiaDeTulua/posts/pfbid0PBWSePVLmMT8feJUP5FapDZQvDAUS554cEdfHLrqFbDY89QVxz4QRvSUduRCgVtql,0,0,Enlaces,,,,,Total,9521,5544,177,114,43,20,464,76,,388,,,,,,,
1295219342645395,100064720237286,"Alcaldía de Tuluá","✨💜 Hoy avanzamos juntas por las mujeres de Tuluá 💜✨

Con el respaldo de nuestra Gestora Social Luz Elena Londoño, seguimos construyendo la Política Pública de la Mujer, un proceso que nace del corazón de las tulueñas y de sus realidades.

A través de las Mesas Técnicas de Participación Ciudadana, hemos escuchado sus voces, sus necesidades, sus anhelos y sus problemáticas. 🤝💬Así, juntas, estamos logrando una política pública que realmente las represente y beneficie a todas las mujeres de Tuluá. 💪🌸✨

#ParaSerFelices","✨💜 Hoy avanzamos juntas por las mujeres de Tuluá 💜✨

Con el respaldo de nuestra Gestora Social Luz Elena Londoño, seguimos construyendo la Política Pública de la Mujer, un proceso que nace del corazón de las tulueñas y de sus realidades.

A través de las Mesas Técnicas de Participación Ciudadana, hemos escuchado sus voces, sus necesidades, sus anhelos y sus problemáticas. 🤝💬Así, juntas, estamos logrando una política pública que realmente las represente y beneficie a todas las mujeres de Tuluá. 💪🌸✨

#ParaSerFelices",34,"11/18/2025 08:48",N/A,https://www.facebook.com/reel/846569927732672/,1,0,Videos,,,,,Total,2720,2405,80,58,6,16,85,,,85,,,24403.666,10.055,0,0,0
1295210782646251,100064720237286,"Alcaldía de Tuluá","#Seguridad | Alcaldía informa Medidas Especiales para la seguridad este fin de semana

Nuevas medidas especiales de orden público, seguridad y movilidad regirán desde este viernes 14 de noviembre a las 8:00 p. m. hasta el martes, 21 de noviembre a las 7:00 a. m. Estas acciones se implementaron después de un Consejo de Seguridad Ordinario con todas las autoridades.

Lee la noticia completa: ⬇⬇⬇
",,0,"11/18/2025 08:32",N/A,https://www.facebook.com/AlcaldiaDeTulua/posts/pfbid0gKYCw55znUPGAzZybkTiquf3sPoexskRWFDMb7fXtN2xRiTotQHPCk5fZSMbnz5hl,0,0,Enlaces,,,,,Total,405,288,1,1,0,0,6,3,,3,,,,,,,
1295207359313260,100064720237286,"Alcaldía de Tuluá","Alcaldía informa Cierres viales y pasos controlados por Media Maratón Tuluá 2025

Con motivo de la Media Maratón Tuluá 2025, este domingo, 16 de noviembre de 2025, se realizará el cierre vial temporal de 11 tramos desde las 5:00 a. m. hasta las 10:00 a. m. Durante la carrera se habilitarán pasos controlados en cada uno de los cierres, es decir, puntos donde se permitirá el paso intermitente de vehículos sin comprometer la seguridad de los corredores. 

Lee la noticia completa: ⬇⬇⬇
",,0,"11/18/2025 08:26",N/A,https://www.facebook.com/AlcaldiaDeTulua/posts/pfbid0Cb6JzBMHkyLhKdDppS56Ryg67XvfJN2mgGGtu8Cyrwzm9DL7hMDuZTbXtNBRtuKCl,0,0,Enlaces,,,,,Total,465,327,4,3,0,1,4,2,,2,,,,,,,
1293759079458088,100064720237286,"Alcaldía de Tuluá","🏁 Así cerramos una jornada histórica en Tuluá 🏁

Hoy vivimos nuevamente la experiencia de la Media Maratón Tuluá… y los corredores lo confirman, sus propias palabras lo dicen todo. 💬💙

Gracias a cada atleta que nos eligió, a quienes nos visitaron por primera vez y a quienes siguen creyendo en lo que aquí estamos construyendo. 🏃‍♀️🔥🏃‍♂️

Aquí siguen pasando cosas buenas. 🌟🌄 #ParaSerFelices","🏁 Así cerramos una jornada histórica en Tuluá 🏁

Hoy vivimos nuevamente la experiencia de la Media Maratón Tuluá… y los corredores lo confirman, sus propias palabras lo dicen todo. 💬💙

Gracias a cada atleta que nos eligió, a quienes nos visitaron por primera vez y a quienes siguen creyendo en lo que aquí estamos construyendo. 🏃‍♀️🔥🏃‍♂️

Aquí siguen pasando cosas buenas. 🌟🌄 #ParaSerFelices",79,"11/16/2025 12:05",N/A,https://www.facebook.com/reel/1163913095831198/,1,0,Videos,,,,,Total,4283,3714,142,103,19,20,128,,,128,,,38806.951,9.937,0,0,0
1293629129471083,100064720237286,"Alcaldía de Tuluá","🏃‍♂️✨ Tuluá fue ritmo y resistencia este domingo ✨🏃‍♀️

Corredores de todo el país llegaron a Tuluá a demostrar de qué están hechos. Unos vinieron a visitar, otros a conocer nuestra tierra… y todos se llevaron lo mismo: que aquí somos alegría, sabor y mucha resiliencia. 💙💪🌟

En Tuluá estamos transformando el deporte y, de la mano de la Media Maratón Tuluá, seguimos haciendo que pasen cosas buenas. 🏅🔥🌄 #ParaSerFelices",,0,"11/16/2025 08:59",N/A,https://www.facebook.com/AlcaldiaDeTulua/posts/pfbid02kBrYJtmpPHG3zDNgkEsgNuRwmLBbfuwBcPzEdkBQKnzJ4xLH13e48ehvGegLML1sl,0,0,Fotos,,,,,Total,51579,26862,548,462,39,47,6818,,4499,2319,,3,,,,,
1293569079477088,100064720237286,"Alcaldía de Tuluá","La Media Maratón de Tuluá nos dio alegría, esfuerzo y el poder de una ciudad que siempre se supera.👏🏽💪🏽

Cada paso fue un sueño , cada meta un triunfo para nuestra gente.🏅

¡Gracias, atletas y familias, por llenar nuestras calles de energía y corazón ❤️!

En Tuluá están pasando cosas buenas 💙🙌🏽","La Media Maratón de Tuluá nos dio alegría, esfuerzo y el poder de una ciudad que siempre se supera.👏🏽💪🏽

Cada paso fue un sueño , cada meta un triunfo para nuestra gente.🏅

¡Gracias, atletas y familias, por llenar nuestras calles de energía y corazón ❤️!

En Tuluá están pasando cosas buenas 💙🙌🏽",21,"11/16/2025 07:40",N/A,https://www.facebook.com/reel/1486474335743134/,0,0,Videos,,,,,Total,15201,13816,411,344,24,43,711,,,711,,,102836.01,8.138,0,0,0
1293551272812202,100064720237286,"Alcaldía de Tuluá","La Media Maratón de Tuluá nos dio alegría, esfuerzo y el poder de una ciudad que siempre se supera.👏🏽💪🏽

Cada paso fue un sueño , cada meta un triunfo para nuestra gente.🏅

¡Gracias, atletas y familias, por llenar nuestras calles de energía y corazón ❤️!

En Tuluá están pasando cosas buenas 💙🙌🏽","La Media Maratón de Tuluá nos dio alegría, esfuerzo y el poder de una ciudad que siempre se supera.👏🏽💪🏽

Cada paso fue un sueño , cada meta un triunfo para nuestra gente.🏅

¡Gracias, atletas y familias, por llenar nuestras calles de energía y corazón ❤️!

En Tuluá están pasando cosas buenas 💙🙌🏽",21,"11/16/2025 07:29",uploaded,https://www.facebook.com/reel/1161539709494580/,1,0,Videos,,,,,Total,15825,14010,438,377,35,26,724,,,724,,,115766.547,9.026,0,0,0
1293374039496592,100064720237286,"Alcaldía de Tuluá","¡Ya se siente la emoción en las calles! 🏃‍♂️🔥

Arrancamos la Media Maratón Tuluá 2025 con los 21K, y más de 3.300 corredores llegaron de todos los rincones de Colombia para vivir una de las carreras más rápidas del país.

Tuluá sigue demostrando que aquí están pasando cosas buenas, que somos una ciudad que corre, que se mueve, que transforma y que inspira. 💙✨ #ParaSerFelices",,0,"11/16/2025 03:27",N/A,https://www.facebook.com/AlcaldiaDeTulua/posts/pfbid02D8sVuw5YUsJ3wTTNRVkWDVH1x4QDu8SAn4e1vMFtJjQbRtPDerh8rSNKZNpm6WC4l,0,0,Fotos,,,,,Total,56159,31049,493,422,45,26,7619,,4431,3188,,,,,,,
1292995699534426,100064720237286,"Alcaldía de Tuluá","Hoy desde el @concejomunicipaltulua, te presentamos las noticias más importantes de la semana en 45 Segundos #ParaSerFelices 😎","Hoy desde el @concejomunicipaltulua, te presentamos las noticias más importantes de la semana en 45 Segundos #ParaSerFelices 😎",79,"11/15/2025 15:10",N/A,https://www.facebook.com/reel/1286728643225078/,1,0,Videos,,,,,Total,1891,1634,50,37,5,8,10,1,,9,,,16816.763,9.571,0,0,0
1292816312885698,100064720237286,"Alcaldía de Tuluá","🎙️ #ElPodcastDeVélez | Episodio 38. Materializando sueños de ciudad.","🎙️ #ElPodcastDeVélez | Episodio 39. Materializando sueños de ciudad.

En esta entrega, el alcalde Gustavo Vélez habla sobre los avances en los proyectos de movilidad, incluyendo el futuro bus urbano eléctrico; la intervención de vías en Villa Campestre; los nuevos pavimentos en varios barrios; el apoyo de algunos Concejales para el progreso de la ciudad y los descuentos en impuestos que siguen impulsando el progreso de Tuluá. 💙

¡Dale play y conoce lo que viene para nuestra ciudad! 🔊✨",964,"11/15/2025 09:05",N/A,https://www.facebook.com/reel/2125984161543444/,1,0,Videos,,,,,Total,1987,1784,93,61,11,21,61,,,61,,,50790.145,28.841,0,0,0
1292203509613645,100064720237286,"Alcaldía de Tuluá","🛒💙 ¡Control a precios: Cuidamos el bolsillo de los tulueños!

Realizamos una jornada de monitoreo de precios, pesas y medidas en 📍La Galería para garantizar precios justos en los productos de la canasta familiar. 🥦🍅🍌

En articulación con la Policía Nacional y Departamento de Movilidad, revisamos establecimientos para evitar irregularidades, acaparamiento o especulación que afecten a las familias tulueñas.

📊 Seguimos protegiendo la economía de todos. #ParaSerFelices","🛒💙 ¡Control a precios: Cuidamos el bolsillo de los tulueños!

Realizamos una jornada de monitoreo de precios, pesas y medidas en 📍La Galería para garantizar precios justos en los productos de la canasta familiar. 🥦🍅🍌

En articulación con la Policía Nacional y Departamento de Movilidad, revisamos establecimientos para evitar irregularidades, acaparamiento o especulación que afecten a las familias tulueñas.

📊 Seguimos protegiendo la economía de todos. #ParaSerFelices",28,"11/14/2025 15:00",N/A,https://www.facebook.com/reel/1332606478064038/,1,0,Videos,,,,,Total,3569,2937,65,50,4,11,54,,,54,,,19617.154,6.265,0,0,0
1292023786298284,100064720237286,"Alcaldía de Tuluá",,,0,"11/14/2025 09:07",N/A,https://www.facebook.com/AlcaldiaDeTulua/posts/pfbid0yvKr1QbSFkwPwRESefZZBReZEqnigscYp3LwArY1wAYVrr25xvSn35u5S5AFMa6Al,0,1,Texto,,,,,Total,,746,7,7,0,0,20,,,20,,,,,,,
1292023626298300,100064720237286,"Alcaldía de Tuluá","#BienestarSocial | Cuidadores de personas mayores de Tuluá fueron capacitados en atención integral.

100 cuidadores de adultos mayores participaron de una jornada de capacitación, enfocada en el fortalecimiento del cuidado, el autocuidado y el bienestar físico, emocional y nutricional, organizada por la Administración Municipal a través de la Secretaría de Bienestar Social.

Lee la noticia completa: ⬇⬇⬇
",,0,"11/14/2025 09:07",N/A,https://www.facebook.com/AlcaldiaDeTulua/posts/pfbid0M2ToLLKPnJf4iEBw5zL7AJEmfHtmPNukstbHaMRFQpTYYy98AWSYFhUTeAJu9hcnl,0,0,Enlaces,,,,,Total,1952,1260,18,14,0,4,30,26,,4,,,,,,,
1291986352968694,100064720237286,"Alcaldía de Tuluá","🏃‍♂️💙 ¿No alcanzaste a conseguir tu kit? ¡Este es tu momento!
La Administración Municipal del alcalde Gustavo Vélez te regala un kit para correr en la Media. 😎🤩

Participa por un kit oficial de la Media Maratón Tuluá 2025 y corre los 10K con camiseta y medalla incluida. 🙌✨

Solo debes subir un reel contándonos ¿Por qué en Tuluá pasan cosas buenas?
📲 Etiqueta a @alcaldiadetulua y @mediamaratontulua

⏰ Tienes hasta este sábado, 15 de noviembre, a las 4:00 p. m.

🔥 ¡Corre, participa y vive la Media Maratón Tuluá!
#PorTuluáCorremosTodos #ParaSerFelices",,0,"11/14/2025 08:08",N/A,https://www.facebook.com/AlcaldiaDeTulua/posts/pfbid02m3sd4x5hR6UYFZETyCSGJ8s2HKwELnSbwKNRpb73XQbvAs2SuRJ9qmSKBDkGWH6il,0,0,Fotos,,,,,Total,3484,2344,18,15,1,2,47,,26,21,,,,,,,
1291888939645102,100064720237286,"Alcaldía de Tuluá","Alcaldía de Tuluá actualizó su foto de portada.",,0,"11/14/2025 05:38",N/A,https://www.facebook.com/photo.php?fbid=1291888939645102&set=a.404265015074170&type=3,0,0,Fotos,,,,,Total,6,4,6,4,2,0,0,,,,,,,,,,
1291358663031463,100064720237286,"Alcaldía de Tuluá","🌿💧 ¡Nuestros campesinos recibieron incentivos económicos! 🙌

El alcalde @gustavovelezr entregó $2.500.000 a cada una de las 36 familias de Monteloro y Santa Lucía que protegen la cuenca del río Tuluá y nuestras montañas. 🌱💙

Este apoyo hace parte del programa Pagos por Servicios Ambientales, una iniciativa que impulsa la conservación, la reforestación y el cuidado de los nacimientos de agua. Tuluá es uno de los pocos municipios del Valle que implementa este modelo, y ya garantizamos recursos para 2026 y 2027.🌎✨","🌿💧 ¡Nuestros campesinos recibieron incentivos económicos! 🙌

El alcalde @gustavovelezr entregó $2.500.000 a cada una de las 36 familias de Monteloro y Santa Lucía que protegen la cuenca del río Tuluá y nuestras montañas. 🌱💙

Este apoyo hace parte del programa Pagos por Servicios Ambientales, una iniciativa que impulsa la conservación, la reforestación y el cuidado de los nacimientos de agua. Tuluá es uno de los pocos municipios del Valle que implementa este modelo, y ya garantizamos recursos para 2026 y 2027.🌎✨",25,"11/13/2025 14:55",N/A,https://www.facebook.com/reel/1537427967593129/,1,0,Videos,,,,,Total,7347,4806,241,151,9,81,158,,,158,,,44387.779,6.983,0,0,0
1291292546371408,100064720237286,"Alcaldía de Tuluá","💧✨¡Doña Alicia ahora tiene agua potable!

Durante años, recibieron agua contaminada en el sector de Bocas de Tuluá. Gracias a la gestión del alcalde Gustavo Vélez, que puso en marcha la nueva Planta de Tratamiento de Agua Potable, su casa y todo este sector, ya cuenta con un servicio óptimo, seguro y de calidad.

💙Un cambio que transforma la salud, la tranquilidad y la vida de toda una comunidad. #ParaSerFelices","💧✨¡Doña Alicia ahora tiene agua potable!

Durante años, recibieron agua contaminada en el sector de Bocas de Tuluá. Gracias a la gestión del alcalde Gustavo Vélez, que puso en marcha la nueva Planta de Tratamiento de Agua Potable, su casa y todo este sector, ya cuenta con un servicio óptimo, seguro y de calidad.

💙Un cambio que transforma la salud, la tranquilidad y la vida de toda una comunidad. #ParaSerFelices",55,"11/13/2025 12:25",N/A,https://www.facebook.com/reel/1616911739285835/,1,0,Videos,,,,,Total,1336,1098,39,23,2,14,12,,,12,,,6400.405,5.237,0,0,0
1291184039715592,100064720237286,"Alcaldía de Tuluá","#Tecnología | 3.600 personas atendidas en Puntos INNOVA en 2025

Buscando fortalecer el acceso a la tecnología, la educación y la innovación en Tuluá, los Puntos INNOVA, espacios diseñados para brindar oportunidades de aprendizaje y conectividad a la comunidad han atendido a más de 3.000 usuarios con sus servicios.

Lee la noticia completa: ⬇⬇⬇
",,0,"11/13/2025 09:09",N/A,https://www.facebook.com/AlcaldiaDeTulua/posts/pfbid028wfEyMeMATF9FsYEoRrMJGGJeQbtYJ1Gxfpstd6myZ89spoeNChVpvDuW89Xcs88l,0,0,Enlaces,,,,,Total,1354,855,10,8,0,2,15,13,,2,,,,,,,
1291183616382301,100064720237286,"Alcaldía de Tuluá","#Educación | Regresa la Expociencia y Olimpiadas Matemáticas a Tuluá.

En un impulso al fortalecimiento de la calidad educativa y la formación integral de los estudiantes tulueños, la Administración Municipal de Tuluá, a través de la Secretaría de Educación, realizó la Expociencia 2025 y las primeras Olimpiadas Matemáticas.

Lee la noticia completa: ⬇⬇⬇
",,0,"11/13/2025 09:08",N/A,https://www.facebook.com/AlcaldiaDeTulua/posts/pfbid02MPyaH36qEhVM8s7mtDNenm2zeYTySpHM3UfSrTW2WB4iwBPo8JVai2TFfKDHhrw1l,0,0,Enlaces,,,,,Total,1639,979,47,32,3,12,11,9,,2,,,,,,,
1291182946382368,100064720237286,"Alcaldía de Tuluá","#Salud | Programas de salud fortalecen formación integral en Instituciones Educativas de Tuluá

En un trabajo articulado entre la Secretaría de Educación Municipal de Tuluá y la Secretaría de Salud del Valle del Cauca, se desarrolló una jornada pedagógica en la Institución Educativa Técnica Industrial Carlos Sarmiento Lora, como parte de los programas Gestores Escolares y Escuelas de Familia, iniciativas de la Gobernación del Valle del Cauca que impulsan la salud integral y la convivencia en los entornos educativos.

Lee la noticia completa: ⬇⬇⬇
",,0,"11/13/2025 09:07",N/A,https://www.facebook.com/AlcaldiaDeTulua/posts/pfbid02LDHNVZNbHvnc6CtT3Fdyc1mXFwDw4h5Ud9ooXnLygd6yssdF7yt4aBW4Evt99crfl,0,0,Enlaces,,,,,Total,796,538,9,9,0,0,2,2,,,,,,,,,
1290572603110069,100064720237286,"Alcaldía de Tuluá","🏃‍♂️💙 ¡Este domingo regresa la Media Maratón Tuluá!

Llegamos más recargados que nunca. El año pasado fuimos 1.200… ¡hoy seremos 3.300 corredores de todo el país llenando nuestras calles de energía, pasión y orgullo tulueño! 🇨🇴✨

Gracias al apoyo del alcalde Gustavo Adolfo Vélez Román y al trabajo en equipo con nuestras marcas aliadas, este gran sueño de ciudad vuelve para demostrar que Tuluá sigue siendo epicentro del running nacional. 🏅🔥

💫 Nos vemos este domingo para correr por Tuluá… porque por Tuluá, corremos todos. 💙🏃‍♀️🏃‍♂️ #ParaSerFelices","🏃‍♂️💙 ¡Este domingo regresa la Media Maratón Tuluá!

Llegamos más recargados que nunca. El año pasado fuimos 1.200… ¡hoy seremos 3.300 corredores de todo el país llenando nuestras calles de energía, pasión y orgullo tulueño! 🇨🇴✨

Gracias al apoyo del alcalde Gustavo Adolfo Vélez Román y al trabajo en equipo con nuestras marcas aliadas, este gran sueño de ciudad vuelve para demostrar que Tuluá sigue siendo epicentro del running nacional. 🏅🔥

💫 Nos vemos este domingo para correr por Tuluá… porque por Tuluá, corremos todos. 💙🏃‍♀️🏃‍♂️ #ParaSerFelices",58,"11/12/2025 15:55",mixed,https://www.facebook.com/reel/1354350276246221/,1,0,Videos,,,,,Total,2501,1959,108,77,5,26,42,,,42,,,14199.805,6.16,0,0,0
1289694853197844,100064720237286,"Alcaldía de Tuluá","#Noticias | Alcalde entregó vehículos y condecoraciones en aniversario 134 de la Policía Nacional

Con la conmemoración del aniversario número 134 de la Policía Nacional, el alcalde Gustavo Adolfo Vélez Román destacó la labor de los hombres y mujeres que trabajan día a día por la seguridad y la convivencia ciudadana. Durante el acto, la Administración Municipal rindió un reconocimiento especial a los uniformados por su compromiso, esfuerzo y dedicación al servicio de la comunidad.

Lee la noticia completa: ⬇⬇⬇",,0,"11/11/2025 15:17",N/A,https://www.facebook.com/AlcaldiaDeTulua/posts/pfbid02wM2xF8yMk2QvVLdUyvpq6D4P4nn6no7PeX2sxVXpwQsc4ygPoPaWW7CnAZMBmpB8l,0,0,Enlaces,,,,,Total,1333,772,30,15,12,3,23,17,,6,,,,,,,
1289694249864571,100064720237286,"Alcaldía de Tuluá","#Noticias | Tuluá tiene nuevos Consejeros Municipales de Juventudes. 

Con el acompañamiento del alcalde Gustavo Vélez, la Registraduría Nacional del Estado Civil y el Consejo Nacional Electoral (CNE), 17 jóvenes tulueños recibieron oficialmente sus credenciales que los acreditan como Consejeros Municipales de Juventud para el periodo 2026–2029.

Lee la noticia completa: ⬇⬇⬇
",,0,"11/11/2025 15:16",N/A,https://www.facebook.com/AlcaldiaDeTulua/posts/pfbid02VkehAUcdLmSkvhTj4CjLYbCvp2wtpmNq1EztZBUZGZ4M34zJhLnWJpZc4wW7ZitJl,0,0,Enlaces,,,,,Total,1121,700,16,13,0,3,7,7,,,,,,,,,
1289693846531278,100064720237286,"Alcaldía de Tuluá","#Deportes | 700 adultos mayores reciben talleres recreativos y deportivos

Con jornadas de recreación, actividad física y ejercicios enfocados en el fortalecimiento de sus habilidades motrices, cognitivas y sociales, la Alcaldía de Tuluá, a través de la Secretaría del Deporte y la Recreación, atendió a más de 700 abuelitos pertenecientes a diferentes grupos.

Lee la noticia completa: ⬇⬇⬇
",,0,"11/11/2025 15:15",N/A,https://www.facebook.com/AlcaldiaDeTulua/posts/pfbid02veQdqkDCPaRZvxQaWRanwgLZHszPN84mFd9hZgGDVxngxwDPCVJo5Wwf7gvKjfJ5l,0,0,Enlaces,,,,,Total,920,593,17,12,2,3,3,3,,,,,,,,,
1289685729865423,100064720237286,"Alcaldía de Tuluá","#Noticias | Ruta de la Felicidad llegó a Villa Liliana con servicios y actividades para la comunidad.

En el marco de las estrategias de acercamiento a la comunidad, la Alcaldía de Tuluá, a través de sus diferentes dependencias, desarrolló una jornada descentralizada en el barrio Villa Liliana, llevando bienestar, recreación y servicios gratuitos a los habitantes del sector.

Lee la noticia completa: ⬇⬇⬇
",,0,"11/11/2025 14:57",N/A,https://www.facebook.com/AlcaldiaDeTulua/posts/pfbid0bTT19ac8oeE5RX1D2wbEzLmEhLXDAghKTrwX5rriU2uXU2i6gSvtxjsujggNRmRUl,0,0,Enlaces,,,,,Total,514,363,5,5,0,0,1,1,,,,,,,,,
1289685066532156,100064720237286,"Alcaldía de Tuluá","#BienestarSocial | Tuluá fortalece reconocimiento de derechos de mujeres y diversidades sexuales

En un espacio de diálogo orientado a fortalecer la no violencia contra la mujer y la promoción de los derechos humanos, la Administración Municipal de Tuluá, a través de la Coordinación de Diversidad Sexual, realizó el encuentro “Vivir y resistir: derechos y realidades”, dirigido a mujeres trans y cisgénero con actividades sexuales pagas. 

Lee la noticia completa: ⬇⬇⬇
",,0,"11/11/2025 14:56",N/A,https://www.facebook.com/AlcaldiaDeTulua/posts/pfbid02Z9zbKw4UkJJGcnV8R4URNSvZM6acr2LB47BoiDmGiXS5uoX2s44XEE6MXEYCisgLl,0,0,Enlaces,,,,,Total,575,431,7,7,0,0,1,1,,,,,,,,,
1289677259866270,100064720237286,"Alcaldía de Tuluá","🏫💙 ¡Programas de salud llegan a las instituciones educativas de Tuluá! 🙌

En un trabajo articulado entre la Secretaría de Educación Municipal y la Secretaría de Salud del Valle del Cauca, llegamos a la Institución Educativa Técnica Industrial Carlos Sarmiento Lora con los proyectos Gestores Escolares y Escuelas de Familia. 👩‍🏫👨‍👩‍👧

💬 A través de estas estrategias seguimos informando, formando y educando a nuestros jóvenes y padres de familia en temas de convivencia, salud sexual y reproductiva y crianza positiva. 🌱✨","🏫💙 ¡Programas de salud llegan a las instituciones educativas de Tuluá! 🙌

En un trabajo articulado entre la Secretaría de Educación Municipal y la Secretaría de Salud del Valle del Cauca, llegamos a la Institución Educativa Técnica Industrial Carlos Sarmiento Lora con los proyectos Gestores Escolares y Escuelas de Familia. 👩‍🏫👨‍👩‍👧

💬 A través de estas estrategias seguimos informando, formando y educando a nuestros jóvenes y padres de familia en temas de convivencia, salud sexual y reproductiva y crianza positiva. 🌱✨",51,"11/11/2025 14:42",N/A,https://www.facebook.com/reel/830273619602109/,1,0,Videos,,,,,Total,1920,1432,82,65,0,17,30,,,30,,,14340.05,8.465,0,0,0
1289651363202193,100064720237286,"Alcaldía de Tuluá","🍽️🙌 ¡Seguimos fortaleciendo la transparencia y participación en el Programa de Alimentación Escolar – PAE! 💙

📣 Te invitamos a participar del encuentro “Miradas ciudadanas del PAE: Veeduría Ciudadana”, un espacio para articular esfuerzos entre comunidad y territorio, promoviendo una alimentación escolar más transparente y participativa. 👦🏫✨

📅 12 de noviembre
🕣 8:30 a.m.
💻 Únete al encuentro a través del enlace:  ➡️ https://teams.microsoft.com/l/meetup-join/19%3ameeting_NmY3N2ViMjAtNGU3MC00YWM1LWE2MDctZTE4ODE4Y2I2OTRm%40thread.v2/0?context=%7b%22Tid%22%3a%227784fa80-0515-459a-97e3-40113f9e5abc%22%2c%22Oid%22%3a%22f2bb8421-0fc9-4ac7-93c1-8789c2796a9f%22%7d",,0,"11/11/2025 13:50",N/A,https://www.facebook.com/AlcaldiaDeTulua/posts/pfbid02smkfgUV7hKbNMK7FNBjAgMvU9DFvzTTdyjZ5ssMcC4aRpw1MVxqbTARM3YiLrVzSl,0,0,Fotos,,,,,Total,1068,665,9,8,0,1,5,2,3,,1,,,,,,
1289636563203673,100064720237286,"Alcaldía de Tuluá","🚔Alcalde entregó vehículos y condecoraciones en el aniversario 134 de la Policía Nacional 💚🤍🇨🇴

Durante esta conmemoración, el alcalde Gustavo Vélez realizó la segunda entrega de vehículos del año a la Fuerza Pública: un panel, dos motocicletas y una camioneta 🚓🏍️🚙 para fortalecer el trabajo de nuestras instituciones de seguridad. Asimismo, entregó reconocimientos a 4 oficiales y 20 suboficiales de la Policía Nacional, exaltando su compromiso y dedicación con Tuluá. 💪🇨🇴",,0,"11/11/2025 13:22",N/A,https://www.facebook.com/AlcaldiaDeTulua/posts/pfbid0WNuhiz5xze2s5GyaQrowhtmpCDCVe7KSaaC7vjGKEDnmckv8DQToxu1skGozZoGJl,0,0,Fotos,,,,,Total,19718,9759,299,143,47,109,1933,,1086,847,1,,,,,,
1289498883217441,100064720237286,"Alcaldía de Tuluá","💡🧠 ¡Llega la EXPOCIENCIA 2025: El año de la innovación! 🚀🔬

La Alcaldía de Tuluá invita a toda la comunidad educativa a participar en este gran encuentro de creatividad, ciencia y tecnología, donde nuestros estudiantes demostrarán su talento y capacidad para transformar el futuro. 🌟👩‍🔬👨‍💻

📍 Colegio Salesianos San Juan Bosco
📅 Miércoles, 12 de noviembre
🕢 7:30 a.m. - 12:00 m

💙 ¡Acompáñanos a descubrir las ideas que están construyendo una Tuluá más innovadora! #ParaSerFelices",,0,"11/11/2025 09:24",N/A,https://www.facebook.com/AlcaldiaDeTulua/posts/pfbid0HjEe3Tn2CuLsMutSVA8ytAqZ4io1zTxrX8h8webCDx4QgWiJ2mJSsScPnRVU5Beql,0,0,Fotos,,,,,Total,2178,1218,59,41,2,16,11,,5,6,,,,,,,
1289441763223153,100064720237286,"Alcaldía de Tuluá","¡Beneficiamos a 700 adultos mayores con talleres deportivos! 😎✌🏽👵🏽👴🏼

Transformamos la vida de los abuelitos en 31 grupos, con programas deportivos y de habilidades motrices a través de la Secretaría del Deporte y la Recreación.✅

Seguimos fortaleciendo el bienestar, la actividad física y la alegría de nuestros adultos mayores.
💪💙¡Porque el deporte en Tuluá se está transformando!
#ParaSerFelices","¡Beneficiamos a 700 adultos mayores con talleres deportivos! 😎✌🏽👵🏽👴🏼

Transformamos la vida de los abuelitos en 31 grupos, con programas deportivos y de habilidades motrices a través de la Secretaría del Deporte y la Recreación.✅

Seguimos fortaleciendo el bienestar, la actividad física y la alegría de nuestros adultos mayores.
💪💙¡Porque el deporte en Tuluá se está transformando!
#ParaSerFelices",88,"11/11/2025 07:52",N/A,https://www.facebook.com/reel/1177032517862677/,1,0,Videos,,,,,Total,4960,3197,241,148,9,84,83,,,83,,,39177.921,8.528,0,0,0
1288865619947434,100064720237286,"Alcaldía de Tuluá","🗳️💙 ¡Tuluá tiene nuevos Consejeros de Juventud! 🙌🏼✨

17 jóvenes tulueños recibieron oficialmente sus credenciales que los acreditan como Consejeros Municipales de Juventud electos para el periodo 2026–2029, un compromiso que asumirán durante los próximos cuatro años para representar, proponer y trabajar por las juventudes tulueñas. 💪🏼👩🏻‍🎓👨🏽‍🎓

El acto contó con el acompañamiento del alcalde Gustavo Vélez, la Registraduría Nacional y el Consejo Nacional Electoral, reafirmando el compromiso institucional con la democracia juvenil y la participación ciudadana. 🌟🤝","🗳️💙 ¡Tuluá tiene nuevos Consejeros de Juventud! 🙌🏼✨

17 jóvenes tulueños recibieron oficialmente sus credenciales que los acreditan como Consejeros Municipales de Juventud electos para el periodo 2026–2029, un compromiso que asumirán durante los próximos cuatro años para representar, proponer y trabajar por las juventudes tulueñas. 💪🏼👩🏻‍🎓👨🏽‍🎓

El acto contó con el acompañamiento del alcalde Gustavo Vélez, la Registraduría Nacional y el Consejo Nacional Electoral, reafirmando el compromiso institucional con la democracia juvenil y la participación ciudadana. 🌟🤝",75,"11/10/2025 16:38",N/A,https://www.facebook.com/reel/2311738679343122/,1,0,Videos,,,,,Total,4126,2761,141,101,20,20,143,,,143,,,45471.388,12.236,0,0,0
1288624573304872,100064720237286,"Alcaldía de Tuluá","💙🚐 ¡La Ruta de la Felicidad llegó a Villa Liliana! 🎉

 💫 Con Programas Nacionales, vacunación para niños, adultos y mascotas 💉🐶, mercado de ropa 👗, pintucaritas 🎨, recreación para los más pequeños 🤸‍♀️ muestras culturales y demás servicios y oferta institucionales llenamos de alegría cada rincón 🎶💃

Porque nuestra misión es estar cada vez más cerca de los tulueños, llevando bienestar, participación y alegría a todos los barrios de Tuluá.  #ParaSerFelices💪🏙️","💙🚐 ¡La Ruta de la Felicidad llegó a Villa Liliana! 🎉

 💫 Con Programas Nacionales, vacunación para niños, adultos y mascotas 💉🐶, mercado de ropa 👗, pintucaritas 🎨, recreación para los más pequeños 🤸‍♀️ muestras culturales y demás servicios y oferta institucionales llenamos de alegría cada rincón 🎶💃

Porque nuestra misión es estar cada vez más cerca de los tulueños, llevando bienestar, participación y alegría a todos los barrios de Tuluá.  #ParaSerFelices💪🏙️",52,"11/10/2025 09:07",N/A,https://www.facebook.com/reel/1292391382647017/,1,0,Videos,,,,,Total,871,829,27,19,0,8,13,,,13,,,3878.663,4.724,0,0,0
1288582793309050,100064720237286,"Alcaldía de Tuluá",,,0,"11/10/2025 08:04",N/A,https://www.facebook.com/AlcaldiaDeTulua/posts/pfbid0bnzpfrhnz5NBT798Gm992sF3iq6BpYw1phEguvKE3dWQBaGhSL4vn33ns99WSFvxl,0,1,Texto,,,,,Total,,300,6,6,0,0,3,,,3,,,,,,,
1286989673468362,100064720237286,"Alcaldía de Tuluá","Hoy desde el @supercentrotulua en la Socialización del Proyecto de la Cruz más alta de Latinoamérica, te presentamos las noticias más importantes de la semana en 45 Segundos #ParaSerFelices 😎","Hoy desde el @supercentrotulua en la Socialización del Proyecto de la Cruz más alta de Latinoamérica, te presentamos las noticias más importantes de la semana en 45 Segundos #ParaSerFelices 😎",50,"11/08/2025 15:23",N/A,https://www.facebook.com/reel/681218261424043/,1,0,Videos,,,,,Total,4668,4017,135,91,24,20,150,1,,149,,,45514.711,10.744,0,0,0
1286766926823970,100064720237286,"Alcaldía de Tuluá","🎙️ #ElPodcastDeVélez | Episodio 38. La transformación ya es un hecho.","🎙️ #ElPodcastDeVélez | Episodio 38. La transformación ya es un hecho.

En esta entrega, algunos miembros del gabinete del alcalde Gustavo Vélez nos cuentan sobre los avances de la semana: la socialización de la Cruz más alta de Latinoamérica que tendrá lugar aquí en Tuluá 💙, las obras de conectividad entre barrios, el mejoramiento de escenarios deportivos y otros proyectos que reflejan que el progreso de nuestro municipio ya es una realidad. 🌆✨",722,"11/08/2025 09:00",N/A,https://www.facebook.com/reel/1810531609587713/,1,0,Videos,,,,,Total,3046,2525,136,66,20,50,62,,,62,,,45055.114,16.148,0,0,0
1286055133561816,100064720237286,"Alcaldía de Tuluá","#Seguridad | Tuluá tendrá cámaras de seguridad de última tecnología

Tuluá fortalecerá su sistema de seguridad con la instalación de 57 cámaras en distintos puntos de la zona urbana y rural, tras la firma de un convenio entre la Alcaldía y el Ministerio del Interior. 

Lee la noticia completa: ⬇⬇⬇
",,0,"11/07/2025 14:13",N/A,https://www.facebook.com/AlcaldiaDeTulua/posts/pfbid02dzt7uCEpWe2hbNby7tBCLUDX6UVDDxEtKvJ6X8UQtLoZMfMMKV55mDwQboRqXXrcl,0,0,Enlaces,,,,,Total,2269,1264,55,34,16,5,28,19,,9,,,,,,,
1285868766913786,100064720237286,"Alcaldía de Tuluá","🚧✨ Así soñamos el 2026… ✨🚧

Las obras que hemos iniciado son símbolo de progreso, compromiso y transformación. 💪🏗️
Cada calle, parque y espacio recuperado refleja el trabajo constante por una Tuluá que avanza, que crece y que piensa en el bienestar de todos los tulueños. 💙🌆

Y esto… ¡solo es el comienzo! 🙌
Así se verán las obras que muy pronto empezarán a transformar a Tuluá. #ParaSerFelices 💫🏙️","🚧✨ Así soñamos el 2026… ✨🚧

Las obras que hemos iniciado son símbolo de progreso, compromiso y transformación. 💪🏗️
Cada calle, parque y espacio recuperado refleja el trabajo constante por una Tuluá que avanza, que crece y que piensa en el bienestar de todos los tulueños. 💙🌆

Y esto… ¡solo es el comienzo! 🙌
Así se verán las obras que muy pronto empezarán a transformar a Tuluá. #ParaSerFelices 💫🏙️",44,"11/07/2025 08:50",N/A,https://www.facebook.com/reel/1566001371434361/,1,0,Videos,,,,,Total,18842,14592,854,561,110,183,874,,,874,,,206363.57,12.311,0,0,0
1285808783586451,100064720237286,"Alcaldía de Tuluá","#BienestarSocial | III Encuentro de Saberes Ancestrales Indígenas fortalece la interculturalidad en Tuluá

En articulación entre la Unidad Central del Valle del Cauca (UCEVA) y la Administración Municipal de Tuluá, a través de la Secretaría de Bienestar Social, se llevó a cabo el III Encuentro de Saberes Ancestrales Indígenas, un espacio dedicado al diálogo, la reflexión y la preservación de las tradiciones culturales de los pueblos originarios del municipio.

Lee la noticia completa: ⬇⬇⬇
",,0,"11/07/2025 07:27",N/A,https://www.facebook.com/AlcaldiaDeTulua/posts/pfbid02iAEeTrZeNKSXF7THYn7MnRDCez9XMTRoz9PBjPuF5wjnA1kcSSm3JjRgzMHJ2cZ6l,0,0,Enlaces,,,,,Total,1331,744,19,14,0,5,16,8,,8,,,,,,,
1285779550256041,100064720237286,"Alcaldía de Tuluá","#Obras | Proyecto de la Cruz del Picacho es una realidad

La Administración Municipal socializó con la comunidad el proyecto “Cruz del Picacho”, una iniciativa del alcalde Gustavo Adolfo Vélez Román, aprobada por el Concejo Municipal que busca fortalecer el turismo, la cultura y el sentido de identidad de los tulueños. 

Lee la noticia completa: ⬇⬇⬇ ",,0,"11/07/2025 06:47",N/A,https://www.facebook.com/AlcaldiaDeTulua/posts/pfbid02gsACYxJPYkB2zEVKYABLcTPYhWyqc6n5vdgRMZvaUhTX32z7knr4SAUAEZJEsTil,0,0,Enlaces,,,,,Total,2978,1938,45,30,9,6,84,53,,31,,,,,,,
1285779046922758,100064720237286,"Alcaldía de Tuluá","#Deportes #Obras | Alcalde Gustavo Vélez invierte más de 120 millones en renovación de escenarios deportivos.

Con una inversión que supera los 120 millones de pesos, el alcalde Gustavo Adolfo Vélez Román , a través de la Secretaría del Deporte y la Recreación, adelanta la intervención y mejoramiento de cuatro escenarios deportivos emblemáticos de la ciudad, reafirmando su compromiso con el bienestar, la formación y el desarrollo de los deportistas tulueños.

Lee la noticia completa: ⬇⬇⬇
",,0,"11/07/2025 06:46",N/A,https://www.facebook.com/AlcaldiaDeTulua/posts/pfbid0M9tXN7e4uhrXuA1tQvSr5G83pGmTYdcodrFvCxURsVS3ju4m5SR9M7zN4vhpw1pbl,0,0,Enlaces,,,,,Total,5120,3259,77,45,21,11,108,22,,86,,,,,,,
1285778433589486,100064720237286,"Alcaldía de Tuluá","#Obras | Alcaldía de Tuluá avanza en un 95% la obra de continuidad de la carrera 26B entre calles 19 y 20

La Administración Municipal de Tuluá, a través de Infituluá, avanza de manera significativa en la ejecución de la obra de continuidad vial de la carrera 26B entre calles 19 y 20, una intervención estratégica que conectará el barrio La Trinidad con el barrio Tomás Uribe, mejorando la movilidad, seguridad y calidad de vida de cientos de tulueños.

Lee la noticia completa: ⬇⬇⬇
",,0,"11/07/2025 06:45",N/A,https://www.facebook.com/AlcaldiaDeTulua/posts/pfbid02CFymXVNZrs5ZPpp79Hrid8WEx4MfC6J8JRwHKGSSR7R8Hgy1Fgz2eUGEc5Va48yHl,0,0,Enlaces,,,,,Total,2321,1535,26,21,1,4,43,25,,18,,,,,,,
1285233100310686,100064720237286,"Alcaldía de Tuluá","✨🙌 La cruz más alta de Latinoamérica estará en Tuluá✝️🌄

Presentamos a la comunidad la iniciativa “Cruz del Picacho”, un proyecto que Contempla una cruz monumental de 110 metros, una vía de acceso segura e incluyente y 10 plazoletas de descanso diseñadas para el disfrute de todos los visitantes. 🌿🚶‍♀️

💫 ¡Un símbolo de fe y progreso que transformará a Tuluá!","✨🙌 La cruz más alta de Latinoamérica estará en Tuluá✝️🌄

Presentamos a la comunidad la iniciativa “Cruz del Picacho”, un proyecto que Contempla una cruz monumental de 110 metros, una vía de acceso segura e incluyente y 10 plazoletas de descanso diseñadas para el disfrute de todos los visitantes. 🌿🚶‍♀️

💫 ¡Un símbolo de fe y progreso que transformará a Tuluá!",36,"11/06/2025 15:48",N/A,https://www.facebook.com/reel/1118286373421336/,1,0,Videos,,,,,Total,2196,1408,98,68,2,28,48,,,48,,,14557.841,7.465,0,0,0
1284922347008428,100064720237286,"Alcaldía de Tuluá","#BienestarSocial | Administración municipal certifica más de 70 cuidadores de personas con discapacidad.

Más de 70 cuidadoras de personas con discapacidad culminaron con éxito su proceso de formación y recibieron la certificación que avala sus conocimientos, gracias a la articulación entre el SENA y la Alcaldía Municipal, a través de la Secretaría de Bienestar Social.

Lee la noticia completa: ⬇⬇⬇
https://tulua.gov.co/publicaciones/6558/administracion-municipal-certifica-mas-de-70-cuidadores-de-personas-con-discapacidad/",,0,"11/06/2025 06:26",N/A,https://www.facebook.com/AlcaldiaDeTulua/posts/pfbid06mCK9tZVYW6ZC2bUT4hvk8syBp1egmeMFXxpbqqUR6JCK4tuBoai5uenEFqhoFWyl,0,0,Texto,,,,,Total,1606,1056,13,10,1,2,7,4,,3,,,,,,,
1284917253675604,100064720237286,"Alcaldía de Tuluá","🏫✨ ¡Seguimos construyendo seguridad para nuestros estudiantes!

Antes, estos muros en estas Instituciones Educativas representaban un riesgo para la comunidad educativa, pero hoy ya avanza en un 80% de construcción y pronto será una estructura firme y segura 💪🧱 que protegerá a nuestros niños y niñas.

Seguimos transformando los entornos escolares para que cada estudiante aprenda en espacios más seguros y dignos. 💙📚","🏫✨ ¡Seguimos construyendo seguridad para nuestros estudiantes!

Antes, estos muros en estas Instituciones Educativas representaban un riesgo para la comunidad educativa, pero hoy ya avanza en un 80% de construcción y pronto será una estructura firme y segura 💪🧱 que protegerá a nuestros niños y niñas.

Seguimos transformando los entornos escolares para que cada estudiante aprenda en espacios más seguros y dignos. 💙📚",26,"11/06/2025 06:17",N/A,https://www.facebook.com/reel/1719887252016003/,1,0,Videos,,,,,Total,2325,1721,70,48,0,22,9,,,9,,,10301.802,4.884,0,0,0
1284914997009163,100064720237286,"Alcaldía de Tuluá","#Noticias | Mesa de diálogo permitió acuerdos entre comunidades campesinas y la Agencia Nacional de Tierras.

Con el acompañamiento de la Administración Municipal de Tuluá, se llevó a cabo una mesa de diálogo en la Central de Transportes, con la participación de delegados del Gobierno Nacional, la Agencia Nacional de Tierras y representantes de las comunidades campesinas. Este encuentro tuvo como propósito abrir un espacio de concertación que permitiera avanzar en la construcción de acuerdos.

Lee la noticia completa: ⬇⬇⬇
",,0,"11/06/2025 06:14",N/A,https://www.facebook.com/AlcaldiaDeTulua/posts/pfbid0fzePi1WzBDCC4AUzfmq9QHAK5joS9JGpM7sAu9TRYTQyjrRY8KQJ643Zcc4Cumw2l,0,0,Enlaces,,,,,Total,3340,2118,41,33,2,6,49,25,,24,,,,,,,
1284437930390203,100064720237286,"Alcaldía de Tuluá","🇨🇴✈️ ¡Un tulueño que nos llena de orgullo! 🌍📚

Yeferson es el único docente de Tuluá que participó en el Programa CILE del @mincultura en Malta 🇲🇹, donde vivió una experiencia única de aprendizaje, intercambio y crecimiento profesional.✨ 

Allí descubrió nuevas formas de enseñar y fortalecer el bilingüismo como una herramienta clave para el desarrollo y las oportunidades de los jóvenes tulueños. 💬👩‍🏫👨‍🏫

Gracias al apoyo de la Administración Municipal, esta experiencia demuestra que en Tuluá seguimos apostándole a la educación, al conocimiento y al talento de nuestros docentes #ParaSerFelices 💙📖","🇨🇴✈️ ¡Un tulueño que nos llena de orgullo! 🌍📚

Yeferson es el único docente de Tuluá que participó en el Programa CILE del @mincultura en Malta 🇲🇹, donde vivió una experiencia única de aprendizaje, intercambio y crecimiento profesional.✨ 

Allí descubrió nuevas formas de enseñar y fortalecer el bilingüismo como una herramienta clave para el desarrollo y las oportunidades de los jóvenes tulueños. 💬👩‍🏫👨‍🏫

Gracias al apoyo de la Administración Municipal, esta experiencia demuestra que en Tuluá seguimos apostándole a la educación, al conocimiento y al talento de nuestros docentes #ParaSerFelices 💙📖",88,"11/05/2025 17:04",N/A,https://www.facebook.com/reel/2280356105769936/,1,0,Videos,,,,,Total,4951,4191,189,151,9,29,165,,,165,,,44978.199,9.72,0,0,0
1284291853738144,100064720237286,"Alcaldía de Tuluá","💜🏃‍♀️ ¡Kilómetros por la Equidad! 🏃‍♂️✨

Desde el Corazón del Valle del Cauca, en Tuluá, estaremos presentes el próximo 23 de noviembre en Yumbo para correr kilómetros por la equidad y decir juntos 💪 no a la violencia contra la mujer y 🚫 no más misoginia.

Invitación especial de la Gestora Social Luz Elena Londoño y la Secretaría de Bienestar Social. 💪🏼💙

📅 Inscríbete el próximo 8 de noviembre en el @cc.laherradura, desde las 9:00 a.m. hasta las 5:00 p.m. 👟👕

💜 ¡Los esperamos para correr por las vallecaucanas y alzar la voz por la igualdad! 🙌♀","💜🏃‍♀️ ¡Kilómetros por la Equidad! 🏃‍♂️✨

Desde el Corazón del Valle del Cauca, en Tuluá, estaremos presentes el próximo 23 de noviembre en Yumbo para correr kilómetros por la equidad y decir juntos 💪 no a la violencia contra la mujer y 🚫 no más misoginia.

Invitación especial de la Gestora Social Luz Elena Londoño y la Secretaría de Bienestar Social. 💪🏼💙

📅 Inscríbete el próximo 8 de noviembre en el @cc.laherradura, desde las 9:00 a.m. hasta las 5:00 p.m. 👟👕

💜 ¡Los esperamos para correr por las vallecaucanas y alzar la voz por la igualdad! 🙌♀",35,"11/05/2025 12:21",N/A,https://www.facebook.com/reel/1152121059825268/,1,0,Videos,,,,,Total,1260,1029,24,19,0,5,9,,,9,,,6483.491,5.702,0,0,0
1284182807082382,100064720237286,"Alcaldía de Tuluá","#Impuestos | Continúan alivios tributarios con el 80% de descuento durante noviembre.

Durante el mes de noviembre continúa vigente el 80% de descuento en intereses moratorios para los contribuyentes que se pongan al día con sus obligaciones de Impuesto Predial Unificado, Industria y Comercio, Circulación y Tránsito y Alumbrado Público. 

Lee la noticia completa: ⬇⬇⬇
",,0,"11/05/2025 09:18",N/A,https://www.facebook.com/AlcaldiaDeTulua/posts/pfbid026xt35b4KHWPkJDtn5FCng9JrDhKNYNWrZVn3bwvvcS5U6UbEq4vjKXxggQrP2Xtql,0,0,Enlaces,,,,,Total,798,497,8,5,0,3,5,5,,,,,,,,,
1284090387091624,100064720237286,"Alcaldía de Tuluá","💜 En el mes de la eliminación de la violencia contra la mujer, recordemos:

🚫 La violencia tiene muchas formas, y reconocerla es el primer paso.
Si necesitas ayuda, llama a la línea 155. 

💪 NO es NO. #25N","💜 En el mes de la eliminación de la violencia contra la mujer, recordemos:

🚫 La violencia tiene muchas formas, y reconocerla es el primer paso.
Si necesitas ayuda, llama a la línea 155. 

💪 NO es NO. #25N",43,"11/05/2025 07:09",N/A,https://www.facebook.com/reel/1365564585119348/,1,0,Videos,,,,,Total,648,587,18,13,0,5,1,,,1,,,1652.278,2.767,0,0,0
1283479513819378,100064720237286,"Alcaldía de Tuluá","💰✨ ¡Llegó noviembre y con él, una gran oportunidad para los tulueños!

Aprovecha el 80% de descuento en intereses y sanciones de tus impuestos Predial, Alumbrado Público, Industria y Comercio, Circulación y Tránsito.
Con tu pago, Tuluá se transforma y seguimos construyendo la Tuluá que todos soñamos. 💪🏼🏙️ #ParaSerFelices",,0,"11/04/2025 14:53",N/A,https://www.facebook.com/AlcaldiaDeTulua/posts/pfbid02jvTSmYzhKmtatnvvFmS99uPENX5iYwm4dAJx9MfdSypdUK68BHiRMwxJcPjFkp12l,0,0,Fotos,,,,,Total,2993,1897,43,21,3,19,14,,1,13,,1,,,,,
1283403697160293,100064720237286,"Alcaldía de Tuluá","#ParaSerFelices | Bicentenario Plaza, escenario de la Expo Moto 2025 en Tuluá.

Del 5 al 7 de noviembre, el Centro Comercial Bicentenario Plaza se prepara para rugir con fuerza con la llegada de la Expo Moto Bicentenario 2025, un evento que promete velocidad, adrenalina y grandes oportunidades para los amantes de las motocicletas. La feria, organizada por Infituluá con el apoyo de la Administración Municipal de Tuluá.

Lee la noticia completa: ⬇⬇⬇
",,0,"11/04/2025 12:24",N/A,https://www.facebook.com/AlcaldiaDeTulua/posts/pfbid02JUbFYhWPLWZTVL5kkb9zdRAStyJopy1UFzD3g9KG6MGk6xm8Sg6QXa2HAt7khKM8l,0,0,Enlaces,,,,,Total,1411,858,14,11,1,2,7,6,,1,,,,,,,
1283402107160452,100064720237286,"Alcaldía de Tuluá","#Educación | Regresaron olimpiadas matemáticas a los colegios de Tuluá

Después de varios años, Tuluá volvió a ser escenario de una Olimpiada de Matemáticas que reunió a estudiantes de instituciones educativas públicas y privadas en torno al conocimiento, la sana competencia y el trabajo en equipo.

Lee la noticia completa:⬇⬇⬇
",,0,"11/04/2025 12:21",N/A,https://www.facebook.com/AlcaldiaDeTulua/posts/pfbid02zdw5xAcJhDtaQx9nqCNEee8YoBbp7u7q2JXepKzuqmowkLtY4cW9hqwGpqHE5A1Sl,0,0,Enlaces,,,,,Total,2555,1608,52,42,0,10,31,26,,5,,,,,,,
1283215557179107,100064720237286,"Alcaldía de Tuluá","Tu reel",,36,"11/04/2025 07:26",N/A,https://www.facebook.com/reel/2175612922963465/,1,0,Videos,,,,,Total,1161,1000,24,18,1,5,16,,,16,,,5857.814,5.51,0,0,0
1280840884083241,100064720237286,"Alcaldía de Tuluá","Hoy con el alcalde @gustavovelezr, desde las diferentes obras que transforman a Tuluá, te presentamos las noticias más importantes de la semana en 45 Segundos #ParaSerFelices 😎","Hoy con el alcalde @gustavovelezr, desde las diferentes obras que transforman a Tuluá, te presentamos las noticias más importantes de la semana en 45 Segundos #ParaSerFelices 😎",69,"11/01/2025 16:00",N/A,https://www.facebook.com/reel/762489816819715/,1,0,Videos,,,,,Total,4291,3197,130,94,14,22,88,2,,86,,,39481.884,10.033,0,0,0
1280631604104169,100064720237286,"Alcaldía de Tuluá","🎙️ #ElPodcastdeVélez | Episodio 37.  Así se ve el progreso.","En esta entrega, el alcalde Gustavo Vélez hace un recorrido junto a Diego por las diferentes obras que están transformando a Tuluá, contando los avances, logros y todo lo que se viene para cerrar el año con nuevos proyectos que seguirán mejorando nuestra ciudad.",1000,"11/01/2025 10:01",N/A,https://www.facebook.com/reel/1321394285870984/,1,0,Videos,,,,,Total,6734,6105,228,123,39,66,340,,,340,,,142599.725,23.998,0,0,0
1280520757448587,100064720237286,"Alcaldía de Tuluá","🎭✨ ¡Ya fue mucho Halloween!
Es hora de dejar el disfraz y ponerse los tenis 👟💪

🏃‍♀️ Octubre OFF.
🔥 Noviembre ON con la Media Maratón de Tuluá 2025 🏅
@mediamaratontulua 

Prepárate para hacer vibrar a Tuluá #ParaSerFelices 😎","🎭✨ ¡Ya fue mucho Halloween!
Es hora de dejar el disfraz y ponerse los tenis 👟💪

🏃‍♀️ Octubre OFF.
🔥 Noviembre ON con la Media Maratón de Tuluá 2025 🏅
@mediamaratontulua 

Prepárate para hacer vibrar a Tuluá #ParaSerFelices 😎",30,"11/01/2025 07:25",N/A,https://www.facebook.com/reel/1867047393897083/,1,0,Videos,,,,,Total,4977,3996,70,54,1,15,44,1,,43,,,32815.888,7.172,0,0,0
1279792747521388,100064720237286,"Alcaldía de Tuluá","#Educación | Tuluá realiza Segunda Mesa de Participación del PAE

Padres de familia, docentes y directivos se reunieron en la segunda Mesa Pública del Programa de Alimentación Escolar (PAE), un espacio de participación que permitió evaluar los avances del programa y fortalecer los compromisos por una alimentación escolar de calidad. 

Lee la noticia completa: ⬇⬇⬇
",,0,"10/31/2025 11:47",N/A,https://www.facebook.com/AlcaldiaDeTulua/posts/pfbid02CWwYyFmh3kFTogXH9X1LatgwNf52u3EwQk7anvSEySuQKtbBHyGaZ1uZS6vZUWEtl,0,0,Enlaces,,,,,Total,4727,2800,74,44,12,18,52,35,,17,,,,,,,
1279628644204465,100064720237286,"Alcaldía de Tuluá","🎃✨ ¡Así vivimos una tarde mágica en Nariño! 👻💜

La Celebración de Halloween fue todo un éxito: sonrisas, disfraces, dulces y mucha alegría llenaron el Callejón Primavera. 🧁🧙‍♀️

Gracias a todas las familias que se unieron a esta divertida jornada y a los patrocinadores por hacer posible este maravilloso encuentro lleno de color y diversión. 🙌🧡",,0,"10/31/2025 07:43",N/A,https://www.facebook.com/AlcaldiaDeTulua/posts/pfbid0JsdrDvJ6Vb3CjZRFVDp6PYrsYPVqMqCSRqGq9gYhDZ39WHFCGkzqT8T6pm53vxPBl,0,0,Fotos,,,,,Total,35318,18082,257,213,2,42,4103,,2725,1378,,,,,,,
1279048634262466,100064720237286,"Alcaldía de Tuluá","✨📚➗ ¡Regresaron las Olimpiadas Matemáticas!

Los estudiantes tulueños vivieron una jornada llena de talento, ingenio y trabajo en equipo con las Olimpiadas Matemáticas 2025, un espacio donde colegios públicos y privados se unieron para poner a prueba sus habilidades y demostrar que aprender también puede ser divertido. 🎯👩‍🏫👨‍🎓

🏫 Este encuentro académico se realizó en el Colegio Salesiano San Juan Bosco (@sjb_tulua), con el apoyo de la Administración Municipal, en el marco de la Expociencia 2025.
Entre números, lógica y diversión… 🌟 nacen los nuevos genios tulueños. #ParaSerFelices 💙🧮","✨📚➗ ¡Regresaron las Olimpiadas Matemáticas!

Los estudiantes tulueños vivieron una jornada llena de talento, ingenio y trabajo en equipo con las Olimpiadas Matemáticas 2025, un espacio donde colegios públicos y privados se unieron para poner a prueba sus habilidades y demostrar que aprender también puede ser divertido. 🎯👩‍🏫👨‍🎓

🏫 Este encuentro académico se realizó en el Colegio Salesiano San Juan Bosco (@sjb_tulua), con el apoyo de la Administración Municipal, en el marco de la Expociencia 2025.
Entre números, lógica y diversión… 🌟 nacen los nuevos genios tulueños. #ParaSerFelices 💙🧮",51,"10/30/2025 15:03",N/A,https://www.facebook.com/reel/831551202700229/,1,0,Videos,,,,,Total,4139,3028,92,70,2,20,34,,,34,,,23971.284,6.334,0,0,0
1279029380931058,100064720237286,"Alcaldía de Tuluá","#Obras | Puntos INNOVA tendrán nueva cara

Con una inversión de más de 80 millones de pesos, tres de los seis Puntos INNOVA de Tuluá pronto estarán renovados y listos para seguir al servicio de la comunidad. Estos espacios, ubicados en Bosques de Maracaibo, La Marina y San Pedro Claver, están siendo completamente transformados con trabajos de enlucimiento, reparación de cubiertas, tratamiento de humedades y adecuación interior.

Lee la noticia completa: ⬇⬇⬇
",,0,"10/30/2025 14:18",N/A,https://www.facebook.com/AlcaldiaDeTulua/posts/pfbid037v95Jv47cBYa5jSRvottMbNYu1jGAzRjDi9oG1dyNaAdbVeZqAAoWSbU2YuDiWogl,0,0,Enlaces,,,,,Total,2747,1673,24,15,1,8,8,5,,3,,,,,,,
1278889154278414,100064720237286,"Alcaldía de Tuluá","🎃✨ En este Halloween vive una noche segura y divertida con tus niños 👻💫

👉 Conoce las recomendaciones para disfrutar con cuidado, responsabilidad y mucha alegría.
🍬🎭 ¡Celebremos juntos un Halloween para compartir, cuidar y #ParaSerFelices! 💛🧡🖤",,0,"10/30/2025 09:58",N/A,https://www.facebook.com/AlcaldiaDeTulua/posts/pfbid0XZbuWTpCwRndtE8ARqy8wQTcA4NZVibvDfzLa97nF4SgdwGnj78ZS83t6RbnjqtMl,0,0,Fotos,,,,,Total,5747,3274,28,17,0,11,87,,57,30,,,,,,,
1278781757622487,100064720237286,"Alcaldía de Tuluá","#Seguridad | Alcaldía refuerza medidas de seguridad por fiestas de disfraces.

Con el propósito de garantizar la tranquilidad y seguridad durante las fiestas de disfraces, la Administración Municipal expidió un decreto que adopta medidas temporales de orden público y convivencia ciudadana, vigentes desde las 6:00 p.m. del 30 de octubre hasta las 6:00 a.m. del 2 de noviembre de 2025.

Lee la noticia completa:⬇️⬇️⬇️ 
",,0,"10/30/2025 07:14",N/A,https://www.facebook.com/AlcaldiaDeTulua/posts/pfbid02U1da51V6btKeb1DD8F5uWetCbrinvQac6N6UbKd28K63dvEgKrz7Y9uAdWrmbvn7l,0,0,Enlaces,,,,,Total,4480,2341,31,15,8,8,574,553,,21,,,,,,,
1278700010963995,100064720237286,"Alcaldía de Tuluá","#Mujer | Tuluá avanza en la construcción de la Política Pública de Mujeres y Equidad de Género

Más de 170 mujeres lideresas de distintos sectores urbanos y rurales han participado en las jornadas de construcción de la Política Pública de Mujeres y Equidad de Género en Tuluá, un proceso que busca reconocer sus voces, fortalecer sus derechos y promover la equidad en todos los ámbitos de la sociedad.

Lee la noticia completa:⬇️⬇️⬇️
",,0,"10/30/2025 05:06",N/A,https://www.facebook.com/AlcaldiaDeTulua/posts/pfbid0yarwBJbJowUVkiicbR3C7gWovn7HjuG2p8oNRq6KLXzVB3u3G7X7rgRK4aUTvXkl,0,0,Enlaces,,,,,Total,3903,1990,36,26,0,10,25,21,,4,,,,,,,
1278699460964050,100064720237286,"Alcaldía de Tuluá","#Obras | Alcaldía adecúa Centro Transitorio para Menores

Con el propósito de mejorar las condiciones de seguridad, habitabilidad y funcionalidad del Centro Transitorio para Menores, la Administración Municipal de Tuluá adelanta labores de mantenimiento e intervenciones estructurales que buscan garantizar espacios más seguros y adecuados para su funcionamiento.

Lee la noticia completa:⬇️⬇️⬇️
https://tulua.gov.co/publicaciones/6539/alcaldia-adecua-centro-transitorio-para-menores/cia co",,0,"10/30/2025 05:05",N/A,https://www.facebook.com/AlcaldiaDeTulua/posts/pfbid0pcpwWzZgGdmYwkBzahTeWxhwFfzbwSy1iBtn1b7Y7956XU9j9hbzre2gaan9XBGhl,0,0,Enlaces,,,,,Total,1997,1273,16,13,0,3,5,4,,1,,,,,,,
1278317024335627,100064720237286,"Alcaldía de Tuluá","💙✨ ¡Ahora Luis Carlos tiene un hogar!

Gracias al alcalde @gustavovelezr y a la Administración Municipal, hoy Luis Carlos hace parte del Hogar Casa de los Abuelos, donde recibe alimentación, vivienda y, sobre todo, cariño y acompañamiento. 🏡🤝

Así como él, muy pronto más abuelitos en condiciones de vulnerabilidad también podrán tener un hogar digno, donde encuentren cuidado y esperanza. 💫

Porque cuando hay voluntad y corazón, transformamos vidas #ParaSerFelices. 💙","💙✨ ¡Ahora Luis Carlos tiene un hogar!

Gracias al alcalde @gustavovelezr y a la Administración Municipal, hoy Luis Carlos hace parte del Hogar Casa de los Abuelos, donde recibe alimentación, vivienda y, sobre todo, cariño y acompañamiento. 🏡🤝

Así como él, muy pronto más abuelitos en condiciones de vulnerabilidad también podrán tener un hogar digno, donde encuentren cuidado y esperanza. 💫

Porque cuando hay voluntad y corazón, transformamos vidas #ParaSerFelices. 💙",81,"10/29/2025 17:52",N/A,https://www.facebook.com/reel/2026933631434532/,1,0,Videos,,,,,Total,4577,3477,126,93,8,25,88,,,88,,,53303.266,12.862,0,0,0
1278246417676021,100064720237286,"Alcaldía de Tuluá","💙✨ ¡iniciamos la construcción de la Política Pública de Mujeres! 🙌

En dos mesas de participación, lideresas y representantes del sector educativo compartieron ideas, experiencias y necesidades que serán la base de una política hecha por y para las mujeres. 💬👩‍🏫👩‍💼

Este es solo el primer paso de un proceso que seguirá avanzando para garantizar que todas las mujeres de Tuluá tengan voz, voto y presencia en las decisiones que transforman nuestro municipio. #ParaSerFelices💪💙","💙✨ ¡iniciamos la construcción de la Política Pública de Mujeres! 🙌

En dos mesas de participación, lideresas y representantes del sector educativo compartieron ideas, experiencias y necesidades que serán la base de una política hecha por y para las mujeres. 💬👩‍🏫👩‍💼

Este es solo el primer paso de un proceso que seguirá avanzando para garantizar que todas las mujeres de Tuluá tengan voz, voto y presencia en las decisiones que transforman nuestro municipio. #ParaSerFelices💪💙",59,"10/29/2025 15:05",N/A,https://www.facebook.com/reel/2524630507918561/,1,0,Videos,,,,,Total,1873,1497,49,32,0,17,7,,,7,,,7353.573,4.277,0,0,0
1278095584357771,100064720237286,"Alcaldía de Tuluá","🕊️ ¿Sabes qué es la Caracterización de víctimas del conflicto armado?💪🏼

📣 Desliza y conoce 💬 cómo funciona este proceso que nos permitirá fortalecer la atención y los programas institucionales para ti y tu familia.

🤝📅 Muy pronto tendremos nuestra jornada y compartiremos las fechas, lugares y requisitos para participar. 💙 ¡Actualiza tus datos y haz parte de esta jornada! #ParaSerFelices",,0,"10/29/2025 10:15",N/A,https://www.facebook.com/AlcaldiaDeTulua/posts/pfbid02kJjcrtxii9oc2KjAyreUnuNJKUkikeFfHrVMDw5kMQ39g1uNAETvKiYDyqACGpZol,0,0,Fotos,,,,,Total,2176,1275,28,16,0,12,40,,30,10,,,,,,,
1278064687694194,100064720237286,"Alcaldía de Tuluá","#Obras #Seguridad | Administración Municipal renueva CAI de Tres Esquinas

Con el objetivo de recuperar este espacio que por años estuvo en condiciones no aptas, la Administración Municipal de Tuluá avanza en la remodelación del CAI de Tres Esquinas, una obra que busca mejorar las condiciones de quienes permanecen en el lugar y, al mismo tiempo, convertirlo en un punto estratégico de apoyo para la Fuerza Pública.

Lee la noticia completa: ⬇
",,0,"10/29/2025 09:25",N/A,https://www.facebook.com/AlcaldiaDeTulua/posts/pfbid031UCpayqnsSXZYjhwCY5f7Dr9msfCZppXd7L17TpLJibfvZq88iBcjSEZZ48tEjDFl,0,0,Enlaces,,,,,Total,1995,1295,24,19,0,5,10,9,,1,,,,,,,
1277278894439440,100064720237286,"Alcaldía de Tuluá","🚧 ¡Remodelamos el CAI de Tres Esquinas! 👮‍♂️✨

Con trabajos de reparación y adecuación interna, estamos recuperando este espacio que por años estuvo en malas condiciones. 🧱💪 Además de ser el punto de apoyo para la Fuerza Pública que opera en este sector, funcionará como lugar transitorio para albergar temporalmente a Personas Privadas de la Libertad.

Seguimos mejorando la seguridad y el entorno de nuestros barrios. 💙 #ParaSerFelices","🚧 ¡Remodelamos el CAI de Tres Esquinas! 👮‍♂️✨

Con trabajos de reparación y adecuación interna, estamos recuperando este espacio que por años estuvo en malas condiciones. 🧱💪 Además de ser el punto de apoyo para la Fuerza Pública que opera en este sector, funcionará como lugar transitorio para albergar temporalmente a Personas Privadas de la Libertad.

Seguimos mejorando la seguridad y el entorno de nuestros barrios. 💙 #ParaSerFelices",55,"10/28/2025 10:33",N/A,https://www.facebook.com/reel/24912649775101659/,1,0,Videos,,,,,Total,12971,10477,246,200,18,28,396,,,396,,,163707.161,14.078,0,0,0
