fecha_de_registro,Edad,sexo,calificacion_del_servicio,calificacion_de_la_rapidez_del_servicio,id_publicacion,Me gustas,Comentarios,Alcance,impresiones,id_del_paciente,veces_compartido
2024-11-20,64,F,3.9,1.4,4851,161,5,2885,1460,26040,35
2024-11-13,58,M,2.4,3.6,1240,9,34,6116,14179,14950,50
2024-11-07,34,F,3.3,2.9,8788,290,19,8784,3072,26982,7
2024-11-02,66,F,2.4,2.3,6197,488,55,5162,1447,96778,41
2024-11-07,48,M,5.0,3.5,6977,152,60,6145,3451,49536,50
2024-10-28,62,F,1.2,1.7,2774,94,82,5283,6924,88309,28
2024-11-16,53,F,3.1,3.6,9447,424,73,9778,4612,94272,46
2024-11-13,39,M,4.5,4.0,1560,35,66,4704,7517,38548,2
2024-11-15,34,F,4.2,2.4,4406,365,93,6015,9801,79565,46
2024-11-09,31,F,3.9,3.6,2100,20,61,6798,2197,36322,8
2024-11-06,49,F,3.4,2.5,6142,160,60,1814,12152,17432,46
2024-11-05,40,F,2.1,1.6,1156,469,94,3653,11031,79156,9
2024-11-19,59,M,3.3,2.1,2766,422,4,6183,3026,69919,33
2024-11-07,43,F,4.8,4.6,8266,116,6,519,9207,85329,7
2024-11-09,46,M,2.5,4.8,3694,217,4,9026,9559,73338,42
2024-11-03,48,M,4.4,1.8,6029,120,66,3904,10150,11942,46
2024-10-31,36,M,1.9,2.6,6331,152,67,1083,3180,27719,18
2024-11-14,49,M,3.9,1.1,9084,430,72,9135,9286,56400,32
2024-10-29,67,F,1.1,2.4,9040,275,51,9419,13152,54652,18
2024-11-08,48,M,1.8,1.6,2854,176,74,5959,9420,80017,36
2024-11-08,48,M,1.6,2.4,7656,408,10,6594,14138,31275,13
2024-11-13,24,M,3.5,1.9,2333,101,100,2907,2086,93395,17
2024-11-20,56,F,1.7,3.0,1713,252,85,2533,12575,94571,1
2024-10-26,36,M,2.8,3.3,1204,40,54,6920,13507,43370,48
2024-11-02,20,M,3.6,2.2,7642,285,8,9025,12277,76046,39
2024-11-09,24,F,4.2,2.1,6230,479,22,7450,10857,19069,35
2024-10-27,25,F,3.0,2.0,2452,252,39,6241,9239,62774,47
2024-11-08,49,F,3.3,3.2,1814,373,89,1818,5268,29509,49
2024-11-19,29,M,2.3,3.4,2059,469,34,9822,5618,68622,27
2024-10-28,70,M,2.0,4.5,3034,198,57,2742,10999,36555,48
2024-10-24,46,M,3.8,2.9,1962,475,97,3259,239,18258,8
2024-10-25,29,M,1.6,3.7,8244,300,53,3369,14579,19305,17
2024-10-23,62,F,1.7,2.5,9233,430,53,2929,10861,64905,23
2024-11-20,46,M,4.5,2.4,9423,414,73,6445,2556,14241,47
2024-11-19,42,M,4.4,2.3,6958,127,10,1202,713,91149,5
2024-11-12,29,F,1.4,1.4,4752,128,39,5919,6858,54152,20
2024-11-04,44,F,4.1,1.5,2684,31,62,8120,10323,46812,10
2024-10-20,25,F,2.4,4.4,8485,197,71,7399,11873,39771,49
2024-10-20,41,F,3.2,2.5,1533,448,60,3969,13039,19226,3
2024-10-24,32,F,2.7,5.0,2055,328,9,4493,1439,59731,4
2024-10-29,41,F,1.8,4.2,3054,295,96,5466,8795,73920,18
2024-11-12,62,M,2.3,3.6,3719,395,1,1833,3712,91899,8
2024-11-07,31,F,2.2,2.8,1799,257,70,1272,9027,89884,1
2024-10-25,35,F,2.2,3.1,3887,40,10,9705,4177,98813,37
2024-11-15,48,F,1.3,3.0,9424,101,21,8171,2686,51458,13
2024-10-27,20,M,1.5,2.8,7063,23,56,1070,14894,79265,27
2024-11-03,64,M,1.6,4.8,5790,364,38,4146,3728,59137,13
2024-11-02,55,M,3.1,4.9,9869,225,68,4839,7469,54837,32
2024-11-17,24,M,4.6,1.5,2589,169,41,9181,3675,31579,42
2024-11-12,43,M,3.6,4.1,7459,44,87,4387,576,15365,9
2024-11-13,56,M,2.3,4.5,1290,267,96,686,4607,36342,32
2024-10-31,27,F,4.3,2.1,7234,495,64,4022,10290,39947,30
2024-10-23,28,F,2.6,4.5,9154,120,44,8090,8449,60053,9
2024-11-19,64,M,1.8,1.7,7224,172,5,7254,2894,30662,27
2024-10-20,35,F,4.0,3.1,3915,235,65,2629,3152,63312,48
2024-10-22,41,F,1.7,3.2,2714,416,16,4766,11113,81238,43
2024-11-18,33,F,2.6,3.8,5328,267,90,3485,4374,80152,4
2024-11-04,65,F,3.8,4.3,1438,488,74,2943,6987,43262,12
2024-11-06,32,F,2.9,1.2,4692,291,38,4970,8252,86134,45
2024-11-17,27,M,1.7,3.0,7949,75,0,2916,14609,13697,27
2024-11-01,43,M,4.0,3.7,5923,218,2,166,7246,66882,19
2024-11-07,53,F,3.1,1.3,6848,138,12,8814,11360,34508,36
2024-11-15,66,M,1.8,1.2,6272,108,88,3175,12151,44775,0
2024-11-02,26,F,1.6,3.9,6511,241,70,6181,2239,76967,16
2024-11-09,70,M,1.3,2.4,3425,149,38,2275,12370,69326,19
2024-11-13,55,M,1.7,2.5,9862,28,34,8295,9919,14651,28
2024-10-23,69,M,4.8,2.5,7135,474,11,4149,14163,99886,24
2024-11-12,26,M,2.9,2.4,3912,153,5,3263,4466,20759,25
2024-11-20,30,M,3.1,2.0,9469,260,92,5711,12865,13251,18
2024-11-14,52,M,4.1,2.2,5459,145,61,6384,5618,12941,35
2024-11-02,24,M,1.3,1.9,6353,146,85,3187,13063,69676,42
2024-11-12,49,F,4.9,5.0,9488,73,93,1460,2409,13319,43
2024-10-21,24,M,1.1,1.3,1335,313,43,2880,440,42657,28
2024-11-07,26,M,4.9,4.6,3798,450,67,725,5473,52741,24
2024-11-07,66,F,1.4,3.8,7455,391,87,6045,1014,66380,18
2024-10-22,57,F,2.8,5.0,7722,73,78,1243,9294,85947,24
2024-10-31,69,F,2.8,2.7,3878,242,66,4323,2506,71625,31
2024-10-27,43,M,4.4,4.6,5382,329,1,9916,484,49005,13
2024-11-02,30,F,4.5,4.4,4928,132,25,9702,6452,82531,36
2024-11-04,24,M,3.1,1.2,1169,133,8,8829,8278,58272,11
2024-11-19,64,F,2.9,1.5,1202,36,25,8313,14043,68966,46
2024-11-09,34,M,1.3,1.2,3654,483,75,8447,8635,77917,12
2024-11-04,53,F,4.4,2.9,1395,198,99,2759,5265,58139,40
2024-11-17,57,M,2.0,3.2,9624,141,62,534,13117,97769,18
2024-10-20,33,F,1.6,3.2,9622,94,7,1294,12941,43365,47
2024-11-11,35,F,1.6,4.3,3850,474,19,5667,10500,18486,1
2024-11-11,60,M,2.9,4.3,8987,207,100,1797,8748,99323,45
2024-10-24,41,F,1.8,1.5,9232,220,51,6666,11486,77842,31
2024-11-11,67,M,1.2,3.2,4079,413,82,2246,827,43924,34
2024-11-06,32,F,4.5,1.3,8422,19,38,6561,5504,86913,45
2024-10-29,65,F,3.4,3.5,4673,90,72,8956,4207,26223,1
2024-11-18,64,F,3.2,4.2,4010,418,16,1450,4501,81844,28
2024-10-22,29,F,1.7,2.7,4301,248,11,294,258,56571,34
2024-11-05,23,M,1.3,1.7,1358,239,97,8814,585,63450,10
2024-10-29,70,M,1.8,2.3,3942,346,18,1140,6819,65831,43
2024-10-21,37,F,4.6,3.3,8334,406,53,1213,7655,44427,37
2024-10-29,32,F,1.3,2.4,8195,400,95,3266,9176,58609,27
2024-10-20,32,M,2.9,4.4,9274,8,39,7114,4391,50644,26
2024-10-20,63,F,2.9,2.6,7783,18,98,3418,6351,38790,10
2024-10-29,26,F,4.6,1.8,5499,471,26,4707,6785,61115,49
2024-11-04,34,F,4.7,1.2,2731,360,44,4297,5125,75026,4
2024-10-22,24,M,1.6,2.1,3235,158,92,3020,11778,88651,6
2024-11-11,47,M,3.9,1.3,3170,77,97,1954,8114,95272,26
2024-11-06,27,F,2.9,2.0,7604,123,51,9780,13719,49177,26
2024-11-17,42,M,3.5,2.1,8241,438,95,1277,7772,33867,13
2024-11-13,66,F,4.1,1.6,4799,443,44,3584,1800,69486,19
2024-11-05,50,M,1.5,4.0,5228,446,61,5988,4146,17571,46
2024-11-09,49,F,2.6,3.4,8093,23,58,1911,13578,57794,38
2024-10-29,51,F,2.0,3.9,1372,122,2,185,14724,45637,26
2024-10-23,43,M,2.6,1.2,8376,407,58,7342,11291,37837,39
2024-11-17,55,M,3.6,3.2,4030,317,5,4735,9928,83501,1
2024-11-07,25,F,4.8,3.6,4539,276,1,3727,10705,19764,44
2024-11-10,43,M,4.3,4.7,9158,43,86,168,2203,86362,22
2024-11-05,70,F,1.4,3.4,2005,455,62,5305,529,20422,9
2024-10-20,27,M,3.3,3.1,8079,229,90,5964,3340,61213,43
2024-10-26,26,M,3.0,3.9,6851,60,79,1479,8218,28612,42
2024-10-20,70,F,3.8,3.0,1724,384,95,2051,5147,35113,27
2024-11-06,44,M,2.9,3.9,9376,256,91,5739,12168,14196,17
2024-11-02,44,F,2.3,4.2,3098,72,63,573,7070,29850,5
2024-11-01,53,M,1.6,4.8,2339,361,56,7682,1385,88207,43
2024-11-02,45,F,1.6,1.8,2941,171,33,7207,10713,46392,7
2024-10-25,18,M,1.9,2.2,6522,0,26,9882,7398,67546,45
2024-11-05,29,M,2.5,1.6,8216,16,43,6298,2414,33648,6
2024-10-25,24,F,1.8,4.0,9008,63,19,6754,14869,64492,2
2024-11-15,19,M,1.1,3.9,6100,398,13,3610,1151,74452,10
2024-11-13,31,M,2.2,4.4,1789,110,97,3409,7470,34357,31
2024-11-05,51,M,4.3,4.9,5161,459,94,6604,8105,90168,5
2024-10-25,46,M,1.8,2.1,5961,331,68,9144,9305,12723,5
2024-11-12,43,M,4.1,4.4,2892,93,43,4185,1782,69294,29
2024-11-14,70,F,1.4,3.2,4533,254,24,1855,4374,41798,18
2024-11-18,30,M,3.6,1.4,9769,241,4,1173,13675,75146,34
2024-11-03,57,F,1.9,2.2,2413,438,51,4054,8556,46762,46
2024-10-30,32,F,2.4,4.4,9255,134,46,469,11039,81335,3
2024-11-20,62,M,1.3,1.1,5271,248,33,9874,14432,74533,35
2024-11-19,51,F,1.4,4.0,2690,221,47,5372,1890,32295,48
2024-11-09,42,M,3.2,4.4,4378,324,14,7840,12273,95216,17
2024-11-12,51,F,2.2,2.2,3863,310,42,1602,13349,97514,50
2024-11-02,53,F,1.6,4.5,8826,203,49,5480,9467,57685,2
2024-11-19,66,M,1.1,2.0,5134,91,8,2895,3786,26247,4
2024-11-14,52,F,5.0,3.4,6368,369,88,1996,2951,96712,29
2024-11-07,33,F,2.6,2.9,5268,25,5,4109,9100,63521,42
2024-11-02,63,M,3.8,3.4,1956,471,51,1605,2790,68372,20
2024-10-25,23,M,3.3,3.4,9767,234,9,4727,891,19709,47
2024-10-29,56,F,3.6,1.7,4568,401,47,557,7969,37564,42
2024-11-03,47,M,1.7,3.7,5991,413,78,7116,4861,64335,49
2024-11-04,40,F,1.4,5.0,5426,178,64,1357,2065,13791,19
2024-10-30,28,F,2.8,5.0,2713,449,10,5548,11928,15704,18
2024-10-29,31,F,2.7,4.4,5311,20,69,1813,10857,36016,40
2024-11-18,60,M,1.2,3.4,2710,356,79,6197,11569,82667,1
2024-11-19,20,F,4.4,2.3,3117,174,43,691,14292,18565,17
2024-11-20,49,F,3.4,1.6,7751,302,67,1692,8868,76557,33
2024-11-13,42,M,3.9,3.1,3356,151,31,3139,7371,36250,19
2024-11-04,44,M,2.9,4.8,2539,472,96,454,10450,99356,1
2024-11-03,49,M,1.8,4.3,8465,30,81,947,4926,37490,21
2024-11-15,36,M,2.2,3.0,8743,176,30,8649,5978,98106,47
2024-10-26,61,F,2.2,4.4,2547,408,81,5982,11473,84863,22
2024-11-20,46,F,2.9,4.3,6679,137,29,3972,10772,99720,15
2024-11-18,29,F,4.0,2.9,7558,18,34,6121,13443,86957,10
2024-11-13,67,M,4.8,4.2,3323,96,40,5868,11711,48871,6
2024-11-11,56,M,3.2,3.1,6032,87,24,4809,14680,40616,35
2024-10-24,66,M,3.6,3.8,9051,74,77,919,12985,19147,20
2024-10-20,51,M,2.1,1.4,4328,449,82,8429,11300,20454,45
2024-11-14,70,F,1.2,4.0,3677,433,75,3227,4028,86069,30
2024-11-09,25,M,2.8,2.4,1922,379,5,8981,6380,24325,32
2024-10-24,21,F,1.3,4.7,7165,230,21,5298,10745,17147,47
2024-10-28,22,M,4.9,3.5,6491,236,49,1113,3676,60438,8
2024-11-19,48,M,2.2,3.5,2703,36,87,5232,7830,71869,32
2024-11-05,41,M,2.2,2.2,4405,420,3,5241,7444,28995,30
2024-10-21,37,M,1.7,2.9,2232,379,79,2632,14004,45678,7
2024-11-09,42,F,1.4,4.1,8557,158,98,8209,8610,11445,3
2024-10-25,61,F,4.3,1.8,4875,411,51,772,11464,61331,1
2024-10-23,29,F,3.1,3.8,1944,127,85,4389,9064,45889,46
2024-10-27,24,F,1.7,2.6,8353,92,5,3665,13576,45167,15
2024-11-17,22,M,2.0,4.8,4942,234,3,1971,473,59055,8
2024-10-30,70,F,2.8,2.7,9984,180,99,4353,4490,87814,41
2024-11-13,47,F,4.8,2.5,1417,169,44,2155,14228,30429,6
2024-11-02,65,M,3.3,4.1,8726,132,27,9728,10591,16268,11
2024-11-04,30,M,3.1,2.9,1192,115,72,8546,10308,90583,38
2024-11-09,30,F,3.4,3.9,9079,417,5,9920,7117,36079,1
2024-11-08,50,M,4.5,4.1,6724,120,54,7193,389,57930,30
2024-11-15,38,F,3.3,2.4,3141,282,16,186,13736,54411,31
2024-10-25,67,F,3.0,1.8,2095,142,31,7408,12167,91044,14
2024-10-27,18,M,1.9,3.2,3576,151,32,4526,4263,13784,28
2024-10-26,49,M,4.6,1.9,8212,485,58,9110,161,91933,27
2024-10-23,68,M,1.6,3.8,6189,420,73,2409,10452,45930,43
2024-10-24,23,F,2.1,3.8,6159,3,1,1584,4582,94051,22
2024-11-08,31,M,3.2,2.0,7556,212,71,8647,517,43605,30
2024-10-20,25,F,2.0,2.1,7857,443,50,826,3762,13235,25
2024-11-03,40,M,1.7,4.7,2763,90,9,8408,5311,96032,15
2024-11-20,57,M,4.5,4.5,7087,392,56,5738,7608,49074,49
2024-11-20,31,F,3.2,4.4,1932,307,20,5892,14601,96694,8
2024-11-19,30,F,1.4,2.9,1107,56,8,8514,13394,56604,46
2024-11-09,23,F,2.4,2.3,2344,141,76,289,3973,19088,0
2024-10-24,62,F,3.4,1.1,2764,244,9,5608,13733,40979,13
2024-11-12,30,M,2.3,2.0,1638,170,0,5938,14492,47568,3
2024-11-05,55,M,1.6,2.3,8208,423,84,8230,7396,10505,11
2024-10-23,29,F,4.1,3.3,8018,11,4,1527,11427,36916,20
2024-11-10,43,M,2.2,2.9,4662,326,35,285,1946,20064,31
2024-10-24,61,F,2.9,4.7,4046,340,88,1856,8328,51634,30
2024-10-27,64,F,2.3,4.3,5342,17,98,8285,10308,23534,4
2024-11-04,49,F,4.2,4.0,5261,60,46,9257,13952,52615,33
2024-10-24,59,M,4.3,2.2,6867,92,17,6466,8470,68341,13
2024-11-18,48,F,2.2,2.7,1190,176,31,3038,397,12531,26
2024-11-05,36,F,3.8,3.0,1323,263,44,3528,13693,75867,35
2024-11-16,24,M,4.6,1.4,6578,458,11,4201,7766,70696,21
2024-11-13,40,M,3.6,3.5,6758,320,16,986,13779,81727,23
2024-11-08,59,F,2.3,3.9,1183,115,67,7668,14008,15796,28
2024-10-24,20,M,5.0,1.2,2187,20,11,3842,4550,43334,11
2024-11-11,20,M,1.5,1.9,9888,156,19,4436,2145,19616,47
2024-11-17,44,F,4.7,2.5,9953,159,43,4267,14465,43009,23
2024-11-19,38,F,4.9,4.7,6188,391,59,1817,10309,31472,45
2024-10-24,22,M,2.0,1.7,1219,79,9,3231,13948,50230,40
2024-10-27,54,M,1.8,3.0,6908,295,76,3556,9033,66088,38
2024-10-28,59,F,4.2,4.7,3123,20,75,9110,6655,43534,18
2024-11-16,34,M,3.9,2.9,4931,248,45,1831,5064,75790,22
2024-10-23,42,F,1.3,4.0,1553,46,23,4839,3613,47897,13
2024-10-25,63,F,1.4,1.5,6030,375,66,4353,4526,95064,15
2024-10-20,58,F,4.1,2.9,1030,42,81,6563,11107,45068,3
2024-11-07,65,M,3.4,4.1,5387,137,64,7166,11972,33270,25
2024-10-25,26,F,4.8,2.9,9654,217,98,5859,12171,51141,50
2024-11-04,46,F,3.6,1.9,7209,160,1,7547,7493,11017,40
2024-11-12,68,M,2.8,2.0,7400,236,16,9556,13217,30650,49
2024-11-06,44,F,3.6,4.0,1264,153,62,1348,9194,58109,26
2024-10-31,34,M,3.2,3.0,9695,343,15,3912,2852,97160,20
2024-10-29,26,F,3.6,2.7,9551,447,15,6213,479,21069,42
2024-10-20,27,M,3.6,4.9,3337,214,54,1939,11499,12569,15
2024-11-02,20,F,3.2,1.7,3102,494,48,8652,10444,19110,10
2024-11-19,63,F,3.5,4.6,2780,15,9,7908,12670,88990,5
2024-10-25,28,M,1.3,1.5,5634,48,85,2022,8822,67652,15
2024-11-13,43,M,4.5,4.0,7680,385,99,6009,6659,50922,10
2024-11-08,29,M,3.3,2.0,7667,368,40,6588,2751,68666,37
2024-11-15,18,F,1.9,2.2,2674,173,89,7725,14164,85318,23
2024-10-29,22,M,2.5,4.0,8832,91,43,9331,13524,99971,9
2024-11-04,21,F,2.7,3.0,9289,46,56,7908,13117,63411,47
2024-11-15,60,M,1.7,1.3,2638,298,79,1149,6411,41027,36
2024-11-17,37,M,2.0,4.3,5101,144,33,7343,640,98972,0
2024-11-13,70,M,3.7,4.4,8996,197,90,3102,1704,69544,49
2024-11-19,33,M,1.8,4.3,6398,482,100,4349,2399,50602,30
2024-11-11,26,F,1.9,1.7,1977,148,48,154,171,61909,45
2024-11-16,49,M,1.9,1.3,9184,32,38,8231,13715,42958,20
2024-10-31,46,M,3.5,3.9,4534,263,37,3255,4292,69180,0
2024-10-24,27,M,4.2,3.2,5472,452,60,3154,153,70706,1
2024-11-12,52,F,1.4,4.2,3111,124,87,252,2960,53282,13
2024-10-31,38,M,4.2,1.6,6824,329,52,4288,1276,27900,46
2024-10-30,62,F,1.1,2.1,6757,40,98,5271,6448,65180,30
2024-10-25,30,F,4.8,4.8,9811,464,75,9622,3100,49777,34
2024-11-15,23,F,4.3,2.0,6378,74,76,7767,921,70602,15
2024-11-19,61,M,3.0,1.9,4581,233,60,3176,4738,66830,36
2024-11-07,61,F,4.1,3.0,7517,337,100,9885,1141,84442,43
2024-10-30,64,F,1.8,3.7,7163,498,1,4760,5739,74126,14
2024-10-28,18,M,2.1,1.8,1060,397,57,8068,275,22746,50
2024-10-24,57,M,2.1,3.4,2403,161,5,8548,4222,43797,22
2024-11-01,60,M,3.0,3.0,3347,390,28,1940,3222,98023,48
2024-10-21,21,F,3.0,1.5,1859,124,0,981,9659,58493,40
2024-11-19,42,M,2.5,2.4,9614,304,90,7259,9227,36529,50
2024-10-21,35,F,3.1,4.8,5962,373,9,6498,12546,46469,12
2024-11-16,63,M,4.3,2.0,2951,340,49,4193,9511,71088,15
2024-10-24,41,M,3.8,3.9,7249,490,61,7904,8121,19298,42
2024-11-12,32,F,2.3,3.8,8506,48,4,6103,11055,50166,2
2024-11-20,23,F,4.4,4.9,9489,31,72,2398,14005,71099,15
2024-10-26,57,F,3.9,4.4,7824,439,44,2430,7281,89032,35
2024-10-27,32,M,3.4,1.3,5851,304,39,3654,4411,94176,41
2024-10-26,62,F,4.1,3.7,5049,390,17,3612,1323,60664,20
2024-10-30,69,F,4.4,2.1,3880,229,90,9111,3665,16951,49
2024-10-30,28,F,1.7,1.1,3392,291,11,6319,13347,12017,43
2024-11-02,52,F,4.1,2.9,2361,422,100,1341,551,17047,3
2024-11-15,66,M,2.2,4.6,8154,9,95,6677,255,35210,19
2024-11-02,66,M,4.1,4.0,6530,102,24,5830,11434,30454,40
2024-11-17,18,M,4.8,4.7,2845,47,41,907,7651,69120,40
2024-11-08,33,F,2.2,3.6,8564,334,88,4558,12273,23678,21
2024-10-22,47,M,4.4,1.2,8299,48,48,229,12164,44051,17
2024-10-29,22,F,2.6,1.3,3258,169,39,5422,6967,82698,19
2024-10-22,57,M,5.0,3.1,8084,259,26,5247,8914,25308,46
2024-11-17,19,M,2.0,4.6,5564,150,50,8361,9665,25816,28
2024-11-09,65,M,2.1,2.4,1638,204,93,814,3257,30891,24
2024-10-29,36,M,2.9,3.3,3723,319,11,2949,2335,52638,32
2024-11-17,56,M,2.0,2.9,8944,464,73,3594,3155,16672,27
2024-10-23,40,F,3.4,4.2,5525,437,78,4154,3793,63978,36
2024-10-20,25,F,4.7,2.1,2464,469,8,5040,1391,35837,32
2024-11-06,45,F,2.5,4.1,8607,334,14,7756,6864,51482,46
2024-10-23,55,M,2.5,4.8,6966,453,62,3157,11783,34215,31
2024-10-30,52,M,4.0,3.7,8055,114,98,1194,12865,44155,21
2024-11-10,62,F,3.0,1.7,6671,163,91,1467,5807,10165,34
2024-10-31,61,M,4.4,3.4,6932,399,95,2609,12184,45011,21
2024-11-09,23,M,3.5,1.6,3949,189,100,9277,12889,34054,35
2024-10-27,62,F,4.3,4.3,1433,51,59,5584,4919,53530,35
2024-11-03,56,F,1.6,1.3,9354,5,1,4863,1944,11429,19
2024-11-07,28,M,2.1,2.7,2494,415,97,1484,9416,12365,50
2024-11-06,39,M,1.1,2.7,4304,81,35,4377,3051,40581,26
2024-11-07,62,M,4.1,2.4,7421,372,7,1098,3057,88320,30
2024-11-19,55,M,1.3,3.8,7981,45,11,8642,8570,34344,37
2024-11-12,31,F,1.3,2.6,8779,463,11,6577,2329,51514,28
2024-10-22,32,F,4.2,2.3,7732,232,90,1085,14512,14874,22
2024-10-27,45,F,3.9,3.8,3631,11,72,2664,4719,92833,7
2024-11-18,23,M,3.0,2.6,4095,403,2,9126,5979,31147,6
2024-11-11,55,M,2.5,4.9,8311,359,23,6570,11357,96580,22
2024-11-13,38,M,2.7,1.4,5035,239,13,5313,13632,16608,21
2024-11-03,18,F,4.0,2.8,6588,200,6,7016,4911,81618,23
2024-11-05,47,F,2.2,3.7,9173,178,10,5702,6292,16468,34
2024-10-22,67,F,1.5,3.0,2720,259,19,6792,14822,24746,36
2024-10-30,31,M,3.8,3.4,7784,169,97,4836,10649,46155,27
2024-10-22,38,M,4.4,4.7,2142,201,88,2760,2643,98927,30
2024-10-20,40,F,2.2,1.2,2579,248,44,9714,6320,82854,37
2024-11-16,48,F,1.7,2.5,9406,23,95,185,5985,48496,33
2024-10-25,39,F,4.6,1.8,1237,39,37,9875,12564,46136,15
2024-11-14,58,F,3.3,3.4,6746,386,62,2047,1310,13181,20
2024-11-18,33,M,4.0,4.6,6627,163,83,1377,6309,70198,47
2024-11-19,32,M,4.2,1.3,8938,472,16,5275,640,78830,16
2024-11-03,49,F,4.0,2.3,6965,416,57,4435,3597,89063,6
2024-11-15,55,F,2.4,2.4,5039,284,55,8810,11423,94041,11
2024-11-19,57,M,3.4,2.0,4662,17,6,9011,4891,31850,21
2024-11-15,66,F,1.7,3.6,6912,61,76,3433,11677,84575,20
2024-10-30,37,F,3.5,3.8,9495,192,42,7386,10181,82650,48
2024-10-30,26,F,4.4,2.5,2577,219,74,1510,8719,86202,49
2024-10-26,57,F,3.9,4.3,5053,348,72,2951,10252,88563,13
2024-10-27,56,F,3.8,1.7,5815,454,24,545,14082,64591,24
2024-10-30,69,M,4.2,4.0,5937,8,35,3160,14960,88333,8
2024-11-03,37,M,2.1,4.2,1905,351,21,6109,8979,77162,16
2024-11-08,25,M,2.9,4.8,2009,378,86,3320,6417,22224,34
2024-11-02,22,M,2.8,2.3,7896,284,64,6510,5202,46974,5
2024-11-06,35,M,4.0,2.3,7072,346,44,1568,3723,64786,29
2024-11-10,54,M,2.1,2.5,4230,22,6,8067,13659,56989,25
2024-10-23,46,F,4.2,3.9,7625,293,97,2660,2023,22556,24
2024-11-01,27,F,4.5,3.5,4249,360,55,4431,3125,31533,14
2024-11-19,47,M,3.8,1.9,9703,301,88,309,13002,34824,6
2024-10-20,24,F,4.6,2.0,2119,445,52,6916,12519,26212,41
2024-11-12,39,M,3.5,1.2,7740,226,3,9877,1402,43862,21
2024-10-24,27,M,2.1,4.2,6299,479,96,4216,3045,21474,11
2024-11-03,60,F,1.7,4.1,9709,497,90,2406,10188,32385,21
2024-11-14,21,F,4.2,4.2,9545,116,22,610,12335,62197,23
2024-10-28,22,F,1.3,1.1,3591,62,63,4737,13554,52281,44
2024-11-07,56,M,3.0,3.4,8703,139,70,3257,4904,22971,7
2024-10-24,42,M,2.3,3.8,3747,12,67,6799,2500,44120,39
2024-10-31,40,M,4.5,2.9,3991,136,83,5974,1723,62703,13
2024-11-12,46,M,4.3,4.4,1540,238,81,4094,9319,51142,19
2024-10-22,67,F,4.6,3.4,1926,227,99,6494,12552,38211,39
2024-10-27,25,M,4.7,1.1,8725,91,23,7630,7131,73669,32
2024-11-07,18,M,2.3,2.3,9344,285,97,7416,10452,27436,24
2024-10-27,32,F,1.8,3.0,1781,260,23,3965,5879,35984,46
2024-10-28,19,M,4.2,4.6,2820,420,94,6796,14678,51256,10
2024-11-06,26,M,3.3,1.9,9680,289,68,8936,11914,72856,13
2024-10-31,26,F,2.8,4.6,6315,86,54,2814,6535,64279,39
2024-11-10,28,M,2.4,3.1,8485,319,59,7319,10169,33128,13
2024-10-24,62,M,4.6,1.4,2476,341,68,1850,12784,76930,0
2024-10-21,62,F,2.9,3.4,1157,61,29,743,7634,93648,1
2024-11-10,58,M,2.8,1.5,5219,145,22,5517,2079,68140,27
2024-11-04,55,F,4.8,1.8,8975,397,3,985,5306,55968,26
2024-10-27,47,M,5.0,1.7,5139,202,64,8136,548,48856,43
2024-11-20,51,F,1.9,2.8,6611,340,55,867,8576,74657,24
2024-11-01,68,F,2.3,1.2,2811,200,38,9657,11516,55619,18
2024-10-20,56,F,2.6,3.9,2522,10,62,5725,4953,82021,10
2024-10-24,20,M,3.5,2.4,4073,436,1,3577,7370,58043,33
2024-10-27,25,F,4.7,1.4,2050,59,38,6230,840,94587,24
2024-10-23,39,M,4.5,3.3,7508,43,20,5100,12485,59948,45
2024-10-26,24,F,4.0,2.1,1918,177,69,4167,8189,81239,35
2024-11-07,19,M,2.4,2.9,1070,142,16,4511,11790,46787,47
2024-11-20,42,M,4.7,3.6,3800,360,73,4487,9236,15686,47
2024-11-19,46,M,1.3,1.7,6016,239,26,124,441,35451,49
2024-11-13,57,M,4.4,2.2,6431,350,93,7218,8772,25663,33
2024-11-09,67,F,2.8,3.3,7161,20,2,3382,4701,18324,48
2024-10-21,51,F,2.6,2.2,6536,142,20,9803,9469,12633,6
2024-10-28,59,M,4.1,3.9,3833,492,96,1753,9500,95924,26
2024-11-05,53,F,3.8,4.1,8790,350,68,5558,614,69180,27
2024-10-30,66,F,2.2,3.2,3979,340,74,6181,10561,96350,20
2024-10-26,33,M,3.5,3.1,6319,49,39,4889,1144,68100,40
2024-11-07,57,F,2.8,4.8,3181,257,89,6603,11044,60827,21
2024-11-17,65,F,4.7,2.2,6761,139,31,2369,3371,15002,46
2024-10-29,64,F,2.4,2.4,2008,291,33,2565,7791,72509,45
2024-11-17,35,M,1.9,2.1,3966,471,37,3618,7429,39796,49
2024-11-16,55,M,4.3,3.5,3596,107,65,9075,1164,48936,23
2024-10-25,48,M,3.3,4.2,8778,265,33,2946,10014,60732,41
2024-10-27,32,M,3.1,4.7,9345,131,32,1313,10349,69134,39
2024-11-17,60,F,1.6,1.2,7754,459,27,4394,14921,48768,33
2024-10-23,35,M,2.8,3.2,9281,27,32,2356,8426,74069,17
2024-10-26,27,M,4.8,2.8,6674,38,43,4677,4058,76462,43
2024-10-24,44,M,4.4,2.3,3992,135,89,7838,7623,47075,6
2024-11-16,42,F,3.4,4.6,2107,434,94,9080,11271,68712,25
2024-11-18,26,M,3.5,4.0,3679,173,85,5258,4202,26815,21
2024-10-29,21,M,4.8,2.6,9024,404,20,6351,9984,30302,11
2024-10-24,51,F,4.6,1.2,8864,476,53,8145,11445,60653,41
2024-10-23,51,F,3.0,2.2,9649,133,58,3745,5337,67092,19
2024-11-08,55,M,3.5,4.2,4815,83,93,4824,2903,22473,19
2024-10-29,40,M,1.9,4.2,9900,218,33,3693,1296,65840,46
2024-11-06,59,F,3.2,4.3,4928,490,20,6574,1633,64999,25
2024-10-26,21,M,4.6,4.5,7009,453,21,904,14703,38335,15
2024-11-06,34,F,2.1,4.3,9375,98,77,2056,1019,68884,45
2024-11-02,61,M,4.3,4.6,6255,106,97,251,12138,57246,24
2024-11-16,25,M,3.2,3.8,1040,377,57,3811,6441,47666,38
2024-10-25,60,F,3.2,1.3,2278,85,21,1699,8571,13472,46
2024-11-19,31,M,2.9,1.8,7546,133,24,3104,3863,84242,29
2024-10-31,19,F,1.5,2.2,4676,88,51,4351,7281,50863,0
2024-11-19,33,M,3.4,2.0,1107,292,95,8539,7044,16495,20
2024-10-30,24,M,2.5,2.2,1379,277,5,9547,14307,93972,38
2024-10-27,49,F,4.4,3.4,8426,270,91,3509,14244,29922,16
2024-11-14,43,F,3.3,4.8,8912,1,41,653,11639,41442,42
2024-11-15,44,F,4.8,3.8,2328,239,14,1488,9284,11897,27
2024-11-13,40,F,3.7,2.7,3956,165,3,1467,12414,50049,41
2024-11-03,64,M,3.1,2.3,9050,318,26,3178,12766,88579,2
2024-11-11,41,M,3.5,1.2,3536,310,12,9464,4540,38273,31
2024-10-25,40,F,2.4,4.3,4147,411,1,6640,4276,26284,41
2024-10-20,53,F,1.2,4.7,9183,404,45,5512,2990,82104,47
2024-11-03,61,M,4.9,1.7,6482,39,96,5279,8253,43808,31
2024-11-20,70,F,3.9,4.8,8247,211,22,6258,13530,84300,39
2024-10-21,66,M,2.8,3.6,8005,166,46,3593,8401,62784,17
2024-10-29,30,F,4.1,1.8,1853,105,92,7391,7415,24349,43
2024-11-05,57,M,4.6,4.1,8078,91,22,7437,8951,93755,10
2024-11-05,44,F,2.8,4.8,2791,255,31,5029,6246,51555,33
2024-11-08,27,F,1.8,1.9,6645,220,30,5237,6816,70920,29
2024-10-31,47,F,1.1,2.7,9802,465,35,5353,13857,74836,25
2024-10-28,37,M,4.6,3.7,7479,203,57,1732,7226,30794,14
2024-10-27,46,F,2.5,3.1,7996,485,37,4726,625,61478,18
2024-11-05,61,M,1.9,1.5,1348,79,70,3257,3141,55866,23
2024-11-12,21,F,1.4,1.7,5988,360,55,7162,9186,45423,30
2024-11-09,30,F,1.2,4.1,2157,226,52,781,10939,85611,33
2024-11-13,38,M,2.8,2.2,5840,225,16,3052,6160,89291,28
2024-11-01,50,F,2.6,4.2,1098,120,90,2751,5680,57632,42
2024-11-06,38,M,4.2,3.5,1166,145,1,1585,5223,14774,16
2024-11-02,65,M,1.6,1.5,5604,177,88,272,11290,81635,16
2024-10-20,60,F,4.3,2.1,8085,403,81,5291,5426,55220,20
2024-11-11,50,M,1.6,1.8,5500,286,32,6982,14447,50872,13
2024-11-06,69,M,2.4,2.4,3037,241,24,5097,6395,61452,26
2024-11-11,66,F,3.9,4.9,1252,107,70,8584,12307,67357,7
2024-11-15,45,F,1.4,1.2,8495,196,18,5320,4895,16854,15
2024-10-24,41,F,2.7,4.1,9262,274,94,5899,11885,74753,9
2024-11-10,33,M,2.4,4.7,6888,308,59,9129,8568,54345,30
2024-10-28,26,M,3.0,1.9,7409,309,13,7203,10964,92123,49
2024-10-23,19,F,1.4,3.6,6192,142,57,3602,8633,50942,45
2024-10-24,48,F,3.1,2.2,4162,341,12,9773,11103,38276,4
2024-11-17,62,F,4.4,2.2,3406,120,79,2496,9726,28361,34
2024-11-07,30,F,4.8,2.5,1130,56,44,740,500,71678,35
2024-10-27,38,F,2.1,3.9,1762,102,99,6341,6735,89440,2
2024-11-13,65,F,5.0,3.7,4885,51,88,3434,9025,75057,27
2024-11-13,65,F,1.7,4.7,7892,367,81,3534,13692,95953,11
2024-11-10,36,F,4.0,1.4,4264,249,45,3288,12282,58218,34
2024-11-08,35,M,2.7,2.3,2482,425,4,9414,9341,38316,19
2024-11-17,27,M,2.3,2.7,1027,393,56,6305,5410,29826,36
2024-10-25,59,M,3.3,2.1,4766,320,80,1292,3519,17999,33
2024-11-14,26,M,1.3,3.8,1181,111,62,745,12282,30494,45
2024-11-18,55,M,2.8,2.8,1894,266,69,1476,13823,68279,38
2024-10-29,21,F,4.4,4.1,3282,139,40,7871,2167,31873,34
2024-10-20,39,F,2.2,3.7,5209,84,20,5277,3211,50906,1
2024-11-09,49,M,3.0,4.0,3026,188,24,7404,5553,18173,29
2024-11-10,55,F,2.2,1.5,7730,378,12,3173,2193,92532,33
2024-11-10,56,M,4.3,3.8,8957,203,43,1465,6655,18518,10
2024-11-19,29,M,3.6,3.5,4726,5,46,4637,9100,36339,42
2024-10-20,41,F,2.8,1.2,8259,112,77,7761,607,93628,5
2024-11-12,64,M,1.9,4.7,3693,301,89,279,13807,94942,24
2024-10-25,54,F,4.2,3.8,3590,379,23,9988,10062,41130,39
2024-11-06,69,F,3.4,3.3,4485,286,65,3861,13398,53106,42
2024-11-05,37,F,1.9,4.5,6132,329,86,2333,10710,16100,20
2024-10-31,36,M,4.3,2.1,2749,32,49,8021,2539,87315,16
2024-11-14,40,F,3.3,2.6,5140,108,57,6158,7663,72127,4
2024-11-17,64,M,2.4,3.8,8220,1,69,8822,1736,52172,25
2024-11-06,34,F,2.3,4.0,8578,160,26,9975,10578,41007,7
2024-11-01,47,M,4.0,3.0,6888,19,53,3529,4728,16676,16
2024-11-18,32,F,4.9,2.1,6874,55,29,693,14762,24888,33
2024-10-28,46,F,4.4,4.3,3728,216,2,4483,2814,20690,24
2024-11-17,34,F,2.1,3.4,8724,215,73,9787,13993,65902,41
2024-10-20,68,F,1.2,4.7,2062,82,23,7550,6957,88559,16
2024-10-23,67,M,1.5,3.5,5543,257,92,1256,14747,27554,46
2024-10-30,44,M,4.4,5.0,9440,33,86,1479,10747,90266,29
2024-11-02,40,F,2.1,2.7,1687,378,57,849,3107,40443,1
2024-11-20,31,M,3.4,4.1,1685,335,7,8497,10462,20207,38
2024-11-11,65,M,4.2,2.8,2234,224,3,4556,8787,55561,30
2024-10-27,58,F,3.2,3.1,9799,30,84,8831,14037,87423,41
2024-11-04,38,F,3.3,3.9,5724,476,62,962,8251,86636,1
2024-11-03,27,F,2.7,2.1,2869,126,75,5354,9862,87905,32
2024-10-29,24,M,3.0,2.1,9274,12,31,8086,6269,45563,41
2024-11-10,35,M,3.4,2.7,8760,319,18,9592,8013,34427,0
2024-11-08,42,F,2.7,3.4,4630,147,12,1252,4127,41634,20
2024-11-11,44,F,5.0,3.6,3268,119,99,8717,2725,32831,25
2024-11-16,34,M,4.6,4.8,4912,437,86,7621,4879,31094,5
2024-11-12,62,F,3.8,3.6,7531,420,1,5878,13234,85771,32
2024-11-13,26,M,3.5,4.8,8141,253,49,6840,3737,88712,31
2024-10-29,40,M,2.0,2.7,5653,471,64,2731,7687,20565,0
2024-11-13,25,M,3.6,2.7,8307,345,73,3395,14511,94906,11
2024-11-16,43,M,4.5,3.6,1627,245,51,9633,8514,39988,12
2024-11-01,65,F,3.0,1.5,2527,319,94,3841,9354,32798,26
2024-11-13,32,F,3.2,4.8,5774,165,51,212,9831,47259,22
2024-11-13,19,M,5.0,3.2,5475,463,18,4113,5656,31324,3
2024-10-27,59,F,4.0,4.5,2407,488,64,9492,9753,21541,5
2024-11-10,47,F,4.0,1.5,9814,214,19,9766,10080,74877,42
2024-11-08,47,F,2.5,4.3,8298,395,82,160,9001,56726,26
2024-10-20,64,F,1.9,3.8,6345,315,86,9404,6406,13212,21
2024-10-23,55,M,4.8,4.5,9503,196,68,2649,12142,65089,6
2024-10-29,51,F,3.2,1.7,7883,482,62,6186,13963,98391,34
2024-11-11,32,M,2.3,3.6,2058,254,40,7430,14589,59239,48
2024-10-26,34,F,4.1,2.8,8736,283,38,9913,8229,93432,32
2024-11-18,67,F,2.2,4.3,8954,459,28,3382,11135,92139,42
2024-10-23,65,M,1.3,3.9,1961,343,21,3285,5426,57176,48
2024-11-15,57,F,4.3,3.2,8932,293,29,6667,150,74985,46
2024-11-04,52,M,2.7,3.0,8132,416,23,475,7040,97866,13
2024-11-01,27,F,2.6,1.2,4232,215,85,6891,8648,61816,6
2024-11-01,67,M,4.4,2.0,7458,184,77,4270,12495,85479,18
2024-11-10,19,F,2.0,3.0,4708,281,57,3596,9379,57346,16
2024-11-17,45,M,2.2,2.3,8383,361,78,118,6957,46993,4
2024-10-31,38,M,2.9,3.9,1819,56,33,3078,12661,17924,10
2024-11-17,29,F,1.4,2.0,6013,133,33,4496,166,62186,45
2024-11-02,47,F,1.8,3.1,6242,13,3,6297,5521,68261,9
2024-11-19,47,F,1.6,4.6,1919,73,64,9479,10908,60108,36
2024-10-29,62,F,2.3,3.5,1907,88,90,4908,8039,47912,40
2024-11-18,51,M,2.8,3.0,1178,425,12,4381,1313,97428,2
2024-11-14,55,M,4.1,2.8,6934,41,84,335,12058,38982,34
2024-10-23,19,F,4.7,4.3,9795,90,100,819,5129,18289,50
2024-11-11,58,M,2.5,3.2,3023,65,74,4874,752,72348,39
2024-10-21,43,F,2.5,3.9,2058,464,78,9957,4045,85692,28
2024-10-22,33,M,3.6,2.9,7473,10,49,9704,5423,66232,13
2024-11-14,22,M,2.2,2.9,9356,419,69,1548,12295,47910,0
2024-11-08,59,M,4.4,4.6,3773,24,30,5830,12825,46352,7
2024-11-05,31,M,2.1,3.9,4633,445,95,3798,10417,81919,41
2024-11-17,24,M,4.6,2.6,7571,330,61,4828,1943,53174,46
2024-10-21,40,M,1.3,3.3,9167,291,47,5005,11692,18015,50
2024-10-28,34,M,1.9,3.8,5734,376,12,7452,14367,15175,32
2024-10-29,65,F,4.0,4.9,6798,137,6,3189,9301,91556,29
2024-10-28,70,F,1.8,3.7,3254,186,51,4447,8431,95040,49
2024-11-05,42,F,3.4,2.6,6337,193,35,6530,4034,65493,17
2024-10-28,46,F,2.2,4.2,6761,175,32,7963,1973,26527,23
2024-10-20,21,F,2.6,1.8,6420,156,33,4027,11130,21357,23
2024-11-02,42,F,3.3,4.0,6007,482,55,9661,6551,23288,44
2024-11-05,66,M,2.7,1.3,7280,413,52,6445,13944,30117,27
2024-10-21,38,F,1.6,4.0,3230,281,80,3428,2290,46565,27
2024-10-21,50,F,2.1,3.7,8629,18,61,1091,14691,66839,13
2024-11-03,20,M,4.7,2.7,2090,446,18,7606,8555,17701,20
2024-10-31,22,F,4.5,3.2,6680,28,67,2862,2478,68325,4
2024-11-16,48,F,1.2,2.1,5595,182,48,4723,3299,99711,26
2024-11-16,59,M,2.8,3.8,4960,260,11,3649,1610,39733,23
2024-10-23,33,F,4.7,3.4,8100,36,98,9682,1312,77341,47
2024-11-03,47,M,2.8,3.0,4331,364,92,9493,6094,70303,31
2024-11-14,30,F,4.5,2.0,9386,109,31,6994,8765,86081,10
2024-11-07,61,M,2.9,2.1,7483,376,69,7066,2263,32240,23
2024-11-13,70,F,2.7,3.8,4742,401,40,1215,10384,63885,19
2024-11-04,49,F,2.5,4.3,3441,230,6,7437,2944,21110,3
2024-10-31,59,F,2.1,3.0,4441,377,93,4690,10067,38628,41
2024-10-22,58,F,4.4,2.0,8483,283,26,6055,12713,77506,50
2024-10-24,46,F,1.5,1.4,1711,7,12,2602,4362,20575,49
2024-11-14,50,F,4.0,2.3,5871,145,89,3219,11639,75780,33
2024-10-26,66,M,2.2,4.8,6534,101,51,7733,12520,94732,2
2024-10-26,63,F,4.4,4.8,1510,142,31,4379,10654,84492,49
2024-11-16,32,M,1.9,4.2,2005,285,27,5120,6800,60176,0
2024-10-25,34,F,4.9,4.8,2002,32,73,6192,12069,78338,47
2024-10-28,21,F,4.3,3.0,8237,330,50,3713,4067,82000,29
2024-11-02,39,F,3.5,3.7,8108,11,70,5535,14334,77445,37
2024-10-22,30,F,4.1,3.9,9193,415,89,259,10504,37196,47
2024-10-29,22,M,3.6,2.7,3640,36,25,1782,3066,10931,33
2024-11-18,69,F,2.2,5.0,9684,240,21,385,9538,72824,28
2024-11-06,25,M,1.2,4.4,4193,103,24,848,7494,58116,10
2024-11-16,45,F,4.7,3.6,1400,232,79,4119,9487,21195,43
2024-10-23,54,M,3.3,3.5,1533,108,56,1977,13710,75637,33
2024-10-30,45,M,4.6,4.7,7280,72,69,3686,279,25020,16
2024-11-02,18,M,4.4,1.8,5491,50,73,7769,5639,70562,24
2024-10-30,49,M,4.5,4.7,1062,95,52,6441,3773,82190,10
2024-11-04,28,F,1.9,1.4,7006,154,48,4705,4546,15036,1
2024-11-19,24,M,1.2,4.1,4733,159,17,1518,14654,26743,24
2024-11-06,22,M,4.8,3.7,2821,120,11,946,579,30756,50
2024-10-29,50,M,1.2,2.5,2572,483,51,8223,13904,94896,21
2024-11-18,44,F,3.0,3.4,9352,142,3,6402,11263,59519,21
2024-11-13,57,M,4.9,4.6,1067,479,86,8463,3665,27057,26
2024-11-01,54,F,2.2,2.4,2133,259,88,6797,2101,44465,10
2024-11-20,61,F,3.3,1.1,9787,216,57,2311,9925,48161,12
2024-11-13,38,M,4.7,2.5,4774,163,39,7038,12605,35886,33
2024-11-18,34,M,1.2,3.9,3065,151,72,1525,6730,58159,42
2024-10-25,46,F,1.3,3.2,9546,292,1,8988,5796,24388,13
2024-10-27,37,F,4.6,3.7,7409,196,56,4263,1612,38299,47
2024-10-22,37,F,3.3,1.4,4530,389,20,7926,7998,49288,30
2024-11-09,68,F,2.3,4.6,9152,366,9,7212,5033,49762,29
2024-10-28,59,M,4.5,3.5,6961,116,3,6883,7225,12232,20
2024-11-18,23,M,4.8,2.5,9496,145,62,3114,549,29835,43
2024-11-12,40,M,3.0,2.1,6597,327,61,1349,6234,17291,1
2024-11-19,54,M,3.3,3.2,6917,442,96,2065,13934,17893,31
2024-11-03,30,M,2.5,4.3,5565,425,35,4732,13461,46345,6
2024-10-29,50,M,3.1,4.8,8692,119,94,2712,2067,56381,36
2024-11-15,32,F,1.1,1.2,5915,169,50,1696,1639,99081,23
2024-11-10,55,M,2.7,1.6,5462,91,25,8429,8145,90336,17
2024-10-26,69,F,1.7,2.5,4119,44,24,4293,6488,70126,9
2024-11-05,42,M,1.9,2.0,6902,93,55,5259,4972,45231,32
2024-10-24,54,F,2.7,3.9,8689,367,67,7801,6002,19484,32
2024-11-05,44,F,1.3,3.7,7915,79,68,6264,4160,35575,19
2024-11-19,28,F,4.2,2.6,1364,401,67,9231,6137,38751,33
2024-11-08,37,M,2.2,4.3,6324,270,71,8988,6736,12365,10
2024-11-13,52,M,2.8,4.5,5032,181,35,5411,10861,71747,43
2024-11-16,60,F,1.3,1.4,2382,107,96,9741,7535,32332,17
2024-10-27,28,F,1.4,5.0,5202,317,0,778,14927,44048,47
2024-11-01,67,F,2.9,1.4,7179,348,8,4760,13325,49397,46
2024-11-09,23,F,2.5,4.4,2392,339,1,7644,10006,59252,35
2024-11-18,47,F,4.2,2.1,8087,47,53,8313,14391,98356,15
2024-11-03,22,F,3.3,2.5,2872,256,96,4210,4443,98391,33
2024-11-19,33,F,4.9,3.5,5320,394,89,3506,7324,94465,45
2024-10-28,50,M,3.2,4.0,7339,374,80,1595,11199,40918,13
2024-10-31,65,F,1.7,4.4,6810,223,55,969,11597,24032,30
2024-10-31,33,M,2.7,4.2,6256,409,12,1033,6507,44013,2
2024-10-22,59,M,3.8,1.6,3560,85,45,9576,9583,98779,42
2024-10-30,35,F,2.3,1.6,3992,295,49,5087,6676,56274,34
2024-10-23,23,M,3.6,1.6,1110,68,58,6035,8249,31962,4
2024-11-07,55,F,2.3,3.8,9482,334,62,9939,9801,33396,25
2024-11-11,42,F,2.6,3.2,6900,465,44,5191,12803,64689,50
2024-10-28,57,M,1.1,3.8,7585,495,8,2440,10591,40640,43
2024-11-18,41,F,3.0,3.5,6571,0,34,5918,9788,89009,22
2024-11-20,18,M,4.9,3.2,7562,142,54,9437,12122,19299,32
2024-11-09,60,M,4.6,1.3,3658,440,11,1457,3620,62758,49
2024-10-23,66,F,4.7,4.7,4257,485,6,1652,5774,40049,35
2024-11-13,64,F,1.8,2.6,5140,10,45,620,2799,78499,4
2024-11-15,70,M,4.7,2.1,1591,356,87,9468,13386,14673,10
2024-10-29,33,M,1.4,4.9,9516,463,31,4030,7231,42259,17
2024-10-27,51,F,4.4,4.2,1885,361,28,711,3843,25714,47
2024-10-20,44,F,1.4,1.6,2038,173,54,8333,1013,85227,48
2024-10-26,53,M,3.8,4.5,7184,305,48,6427,7329,80105,29
2024-11-14,29,F,4.4,2.6,6516,151,49,9697,5123,32313,3
2024-11-03,18,F,3.7,1.5,9091,114,81,5188,14882,57081,31
2024-10-27,69,F,3.8,3.1,6244,485,71,7379,2203,22556,12
2024-10-27,31,F,3.9,2.3,5136,90,40,3998,9409,64560,20
2024-11-01,68,F,3.7,2.8,8794,4,4,594,13427,89302,39
2024-11-20,34,M,2.0,2.2,8263,166,13,3936,6752,15041,19
2024-10-25,50,F,1.7,4.7,3704,461,98,2391,7728,33719,31
2024-11-19,55,F,4.9,3.5,3667,485,12,6064,12057,36912,15
2024-11-14,24,F,2.5,3.3,3732,31,72,8941,5176,82478,23
2024-11-07,26,M,4.8,3.9,9418,259,37,5790,14569,77828,28
2024-10-28,52,M,1.4,3.5,7173,284,27,7676,8418,42424,3
2024-11-13,70,M,4.4,3.7,9575,201,17,6131,407,51391,23
2024-10-28,30,F,4.5,2.9,9337,264,65,9329,8655,38659,25
2024-11-04,58,M,4.5,4.4,7956,81,56,1676,9446,73151,35
2024-10-29,20,F,3.7,1.3,6895,311,83,6595,6405,81523,26
2024-11-16,67,M,3.5,3.7,5888,444,38,8936,4558,37615,4
2024-10-21,58,M,4.6,4.4,7709,381,26,8585,2999,94833,30
2024-10-23,57,M,2.6,2.0,1800,160,49,3911,5213,17693,38
2024-11-06,52,M,3.1,2.0,5497,386,93,7312,4940,89470,9
2024-10-22,65,M,1.2,3.2,1508,76,20,7459,10843,66879,29
2024-11-04,22,F,1.5,4.6,1272,431,65,5687,6146,77696,35
2024-10-21,34,M,1.8,1.4,7940,81,20,9257,7259,86911,16
2024-11-10,60,F,2.9,2.1,9542,10,84,3430,8203,75244,48
2024-11-20,24,M,4.5,3.5,6374,456,27,8586,2636,33007,8
2024-11-02,40,F,1.3,1.2,2042,134,79,9903,9427,12713,21
2024-11-04,29,M,3.3,2.4,3409,341,60,6313,13314,52298,19
2024-10-22,44,F,4.7,4.7,6534,212,35,9978,8232,43909,32
2024-11-04,67,F,2.8,3.6,7304,7,8,8241,11317,55049,20
2024-11-16,66,F,4.9,4.4,1410,374,71,7794,12981,39968,44
2024-11-13,25,M,2.0,2.0,9173,11,6,8070,7967,68642,33
2024-11-10,42,F,3.1,1.1,4079,262,83,9087,11304,59807,45
2024-10-29,48,M,4.4,4.3,6472,73,69,9207,14421,94780,37
2024-11-13,58,F,3.3,1.1,9437,224,88,7135,1983,20920,39
2024-11-10,70,F,2.5,4.9,7477,237,9,1088,2202,45849,1
2024-11-13,22,M,3.8,4.7,9094,135,33,1343,14157,44322,18
2024-10-24,34,F,1.6,2.7,8954,251,61,5090,10153,90607,17
2024-10-26,41,M,3.2,1.3,1902,131,33,9982,161,54645,6
2024-11-18,27,F,3.1,3.0,7935,175,95,4647,7101,54898,34
2024-11-12,24,M,3.5,2.9,4377,261,77,7371,14237,69644,33
2024-11-01,41,M,3.1,3.7,7781,322,51,2094,4815,79707,31
2024-11-12,24,F,1.4,1.2,5331,66,93,2210,9373,44002,16
2024-11-08,25,F,2.2,4.9,7554,469,5,4827,9165,10696,15
2024-11-11,25,F,4.2,4.7,1094,427,65,5109,3278,20846,20
2024-11-14,41,F,1.4,3.5,2689,77,22,267,3356,82621,0
2024-11-19,37,M,4.0,3.2,6507,271,21,3001,7581,27974,36
2024-11-07,32,F,2.2,4.4,6532,43,85,3199,3883,65733,4
2024-11-17,46,F,2.1,1.2,4437,183,3,5391,10707,21030,32
2024-11-06,42,M,2.6,3.5,3559,123,83,101,9224,89578,7
2024-11-14,52,F,2.5,4.0,9236,382,39,2078,14275,21321,40
2024-11-04,33,M,3.2,3.2,5505,79,92,8435,2637,58577,16
2024-11-05,68,M,3.3,2.6,4435,230,38,583,6532,98028,40
2024-11-16,23,F,1.6,2.4,7653,61,17,3823,9203,11162,28
2024-11-15,45,F,4.0,3.4,2642,117,73,6343,7561,97273,23
2024-11-19,57,F,2.3,1.4,9064,439,84,6130,3535,16101,45
2024-11-07,20,M,1.7,2.3,8742,294,64,9611,6013,88963,35
2024-10-30,58,M,2.2,4.9,4373,440,64,4123,8838,95962,39
2024-11-09,56,F,4.2,2.7,6083,425,90,8544,2180,59366,44
2024-10-28,62,M,1.5,4.2,6416,462,6,2048,6649,18616,30
2024-10-26,29,F,1.2,2.7,3207,350,18,580,2717,48557,7
2024-11-06,33,F,4.2,1.8,2132,230,39,7092,7310,16898,46
2024-11-07,68,F,2.6,2.8,3339,424,55,1889,4519,44607,33
2024-11-11,54,F,4.6,1.3,4168,436,13,5784,5341,51200,31
2024-11-16,66,M,3.4,1.5,1790,274,52,887,1772,47472,5
2024-11-19,33,M,1.4,4.8,4151,81,97,904,10489,27778,49
2024-10-20,68,M,4.8,2.4,6101,168,73,3485,7073,18421,29
2024-11-09,46,F,3.2,3.4,5934,394,92,953,295,38143,36
2024-10-27,48,M,2.0,4.6,1519,371,50,3177,4906,38392,4
2024-10-20,49,M,2.6,4.6,7329,76,97,5565,7679,51755,25
2024-11-16,47,F,1.2,2.1,6084,190,39,3453,14540,94308,42
2024-10-21,19,M,1.3,5.0,8875,51,79,6168,4003,72896,0
2024-11-20,37,F,1.7,4.3,8696,42,93,7790,5246,72479,6
2024-11-09,52,F,2.1,1.8,5272,481,19,8525,12791,23841,29
2024-11-16,60,F,2.5,1.4,9849,495,36,598,6547,32126,1
2024-11-19,41,M,3.0,4.3,6020,453,66,1462,10172,85123,23
2024-10-22,45,M,4.9,1.9,9804,474,85,2413,356,83517,32
2024-11-03,56,F,4.2,4.1,3702,31,48,1830,11667,34201,16
2024-10-23,24,M,1.7,4.1,2146,238,62,7719,11769,86383,31
2024-11-20,32,M,3.3,3.1,9449,500,42,4709,10939,84124,14
2024-10-23,57,M,2.8,3.3,2157,148,72,4133,10042,55495,2
2024-10-20,50,F,4.4,3.3,6523,347,88,5896,14074,53004,1
2024-11-20,70,F,2.9,1.3,8390,352,42,9197,3910,62568,37
2024-11-19,44,M,3.2,2.9,7296,408,44,7143,9623,62732,34
2024-10-24,52,F,3.3,4.6,5166,363,9,9569,10051,42010,29
2024-10-28,21,F,4.3,3.1,4297,206,34,4425,7848,44569,39
2024-11-16,69,M,2.7,2.8,2879,303,23,1950,11941,51688,10
2024-10-29,67,M,1.5,2.5,8491,349,53,4182,5479,20010,17
2024-10-31,51,M,1.2,2.3,6809,335,98,565,7273,91898,23
2024-11-16,37,M,3.8,3.5,3395,476,50,8894,2115,21729,38
2024-10-30,49,F,3.0,1.3,2187,419,92,9824,4030,13478,28
2024-11-08,28,M,3.8,2.6,8053,421,37,2032,4999,62797,17
2024-10-29,40,F,4.5,4.2,2965,139,94,1227,13535,83192,43
2024-10-21,61,F,4.3,3.5,5636,130,59,4329,6855,66373,5
2024-10-22,59,M,3.5,2.9,2709,209,79,3553,5662,67995,12
2024-10-31,58,M,4.6,3.1,6082,153,79,1492,524,17220,2
2024-11-16,66,M,2.1,1.8,8128,483,31,2071,2075,13830,21
2024-10-24,18,F,2.4,3.4,3999,317,32,4080,6299,59162,50
2024-11-20,26,M,2.1,4.1,2120,355,88,3023,4614,51956,11
2024-11-15,64,F,1.6,1.8,1141,141,73,9685,784,52203,21
2024-11-17,58,F,4.6,4.0,3955,193,57,5706,8333,85845,50
2024-11-19,67,F,3.4,3.1,3283,329,27,6439,12951,29100,28
2024-11-20,51,M,4.9,2.0,2022,219,17,5211,9229,95920,1
2024-10-21,62,F,3.4,4.1,3097,395,90,906,14579,19339,17
2024-10-25,65,M,4.0,2.0,2723,376,27,5070,5882,51525,24
2024-11-13,27,F,4.1,2.2,8879,377,6,5687,3939,11350,9
2024-11-20,61,M,2.7,1.2,3822,82,96,2416,1034,64329,49
2024-11-14,19,F,3.1,3.6,5879,283,4,6148,8674,11725,18
2024-10-25,60,M,1.6,2.9,9782,456,56,6373,6688,48447,23
2024-10-24,44,M,1.2,2.0,1744,336,47,4839,7625,29791,36
2024-11-01,27,F,4.2,3.9,9075,269,38,1687,12200,35258,21
2024-10-27,60,F,2.6,2.1,9120,16,51,6133,2945,84679,42
2024-11-08,45,F,3.7,2.4,6819,71,14,2989,7850,10484,48
2024-10-28,44,F,2.6,4.4,9649,148,7,2275,9689,23946,50
2024-11-02,26,F,3.8,2.4,3120,293,19,170,6438,63103,24
2024-11-03,23,F,2.6,2.9,9733,306,75,4922,2526,50243,12
2024-10-25,20,F,1.7,3.8,3210,361,87,908,8136,42146,33
2024-11-15,53,M,1.5,1.2,2399,291,86,7109,10250,69969,45
2024-10-28,50,M,2.7,4.9,9371,52,71,450,2594,15571,3
