"Identificador de la publicación","Identificador de la cuenta","Nombre de usuario de la cuenta","Nombre de la cuenta",Descripción,"Duración (segundos)","Hora de publicación","Enlace permanente","Tipo de publicación","Comentario sobre los datos",Fecha,Visualizaciones,"Me gusta","Veces que se compartió",Comentarios,"Veces que se guardó",Alcance,Seguimientos
17887209279249266,17841402591799685,alcaldiadetulua,"Alcaldía de Tuluá","#ResumenSemanal | Conoce aquí las noticias más destacadas de la semana ➡️➡️ 45 segundos #ParaSerFelices ✅✌🏽",71,"04/12/2025 16:03",https://www.instagram.com/reel/DIXT1-kPl_m/,"Reel de Instagram",,Total,6725,49,4,1,1,2237,0
18092115433507612,17841402591799685,alcaldiadetulua,"Alcaldía de Tuluá","✅ ¡Ya empezamos con la certificación de discapacidad! ♿💙
Si estás esperando tu certificado… ¡este es el momento! Acércate a la Secretaría de Salud, actualiza tus datos y prepárate para ser parte del proceso de certificación 📋🗂️

Queremos contactarte, pero necesitamos tener tu información al día. ¡No lo dejes pasar! 💬🕒
 ¡Te esperamos! 🙌 #ParaSerFelices 💪🏼",25,"04/11/2025 13:58",https://www.instagram.com/reel/DIUfto-PgRB/,"Reel de Instagram",,Total,6168,47,1,0,1,1730,1
18390207697139263,17841402591799685,alcaldiadetulua,"Alcaldía de Tuluá","➡️Conoce las noticias más importantes de la semana en nuestro resumen semanal “45 segundos” #ParaSerFelices 💙✅",78,"05/31/2025 16:10",https://www.instagram.com/reel/DKVfwMmPV9c/,"Reel de Instagram",,Total,8746,103,12,5,2,3099,2
18100190425555214,17841402591799685,alcaldiadetulua,"Alcaldía de Tuluá","🍎 ¡Tuluá realizó con éxito la primera Mesa Pública del PAE! 🗣️📚

Escuchamos a la comunidad, estuvimos con padres de familia, estudiantes, docentes, y con la asistencia de las autoridades competentes, compartimos avances y reafirmamos nuestro compromiso con la alimentación y el bienestar de nuestros estudiantes 💙.

¡Seguimos trabajando con transparencia y amor por la educación! 👧👦✨#ParaSerFelices",62,"05/31/2025 07:55",https://www.instagram.com/reel/DKUm3JxgjZh/,"Reel de Instagram",,Total,5747,8,2,0,0,1675,0
17883698574291955,17841402591799685,alcaldiadetulua,"Alcaldía de Tuluá","🎉 ¡Celebramos 200 años de historia, tradición y pujanza! 🇨🇴💙

Hoy conmemoramos nuestro Bicentenario, honrando a una tierra construida con el esfuerzo y la resiliencia de su gente 💪.

Agradecemos a la Gobernadora Dilian Francisca Toro, al Concejo Municipal, representantes a la cámara, diputados, concejales y demás asistentes por acompañarnos en esta fecha tan especial 🙌.

📸 Desliza y revive esta celebración inolvidable. 🎊 #ParaSerFelices 💙",0,"05/30/2025 18:00",https://www.instagram.com/p/DKTHn9tPqBK/,"Secuencia de Instagram",,Total,4000,83,1,0,2,2164,0
18191402827312733,17841400356362656,infitulua,"INFITULUÁ E.I.C.E","Construyendo ciudad #ParaSerFelices 💙

El año anterior marcó un hito en la consolidación de @infitulua como un actor clave en el desarrollo estratégico y sostenible del municipio de Tuluá.🏗🫶🏻

Hoy podemos decir con certeza que avanzamos con pasos firmes para recobrar la confianza en el Instituto como una entidad que impulsa el crecimiento económico y social, en un trabajo articulado con @alcaldiadetulua y el ingeniero @gustavovelezr para materializar junto a la comunidad proyectos que antes eran solo sueños. 

Nuestro compromiso es con los tulueños y la región, la invitación es a trabajar #DeLaManoConInfi para seguir construyendo una ciudad #ParaSerFelices",121,"05/30/2025 11:25",https://www.instagram.com/reel/DKSY87Cpqp2/,"Reel de Instagram",,Total,3684,75,1,2,3,2036,1
17849613171470462,17841465258460662,secre.bienestarsocialtulua,"SECRETARIA DE BIENESTAR SOCIAL","Jornada de Socialización de la Campaña de Erradicación del Trabajo Infantil en el Corregimiento de Nariño

En el marco del compromiso institucional con la protección de los derechos de la niñez, se llevó a cabo la Jornada de Socialización de la Campaña de Erradicación del Trabajo Infantil en el corregimiento de Nariño. Esta actividad tuvo como objetivo sensibilizar a la comunidad sobre las consecuencias del trabajo infantil y promover entornos seguros, protectores y libres de explotación para niños, niñas y adolescentes.

Durante la jornada se realizaron presentaciones informativas, actividades pedagógicas, y espacios de diálogo con líderes comunitarios, padres de familia, docentes y estudiantes. También se contó con la participación de representantes de entidades gubernamentales, organizaciones sociales y autoridades locales, quienes reafirmaron su compromiso en la lucha contra esta problemática.

Se destacó la importancia de garantizar el acceso a la educación, la recreación y el desarrollo integral de la infancia, así como la responsabilidad conjunta de todos los actores sociales para prevenir y erradicar el trabajo infantil en el territorio.

La jornada concluyó con una invitación a la comunidad a mantenerse vigilante y a denunciar cualquier caso de vulneración de derechos, promoviendo una cultura de respeto, inclusión y protección para todos los niños y niñas del corregimiento.",0,"05/30/2025 09:51",https://www.instagram.com/p/DKSPmXUNJ1Q/,"Secuencia de Instagram",,Total,2916,32,1,0,0,,
18050345501377399,17841402591799685,alcaldiadetulua,"Alcaldía de Tuluá","🎉 ¡Tuluá celebra 200 años de historia, cultura y progreso! 🏞️

Hoy honramos el legado de nuestro municipio, el Corazón del Valle 💙, que late con fuerza gracias a su comunidad, su tradición y su visión de futuro.

🚶‍♀️🚶‍♂️ Desde sus raíces hasta el presente, Tuluá ha sido testigo de grandes transformaciones y sigue siendo tierra de oportunidades, alegría y esperanza. #ParaSerFelices 💪🏼💙

🎂 ¡Feliz Bicentenario, Tuluá! 💚❤️🤍 #Bicentenario #200años #Tuluá",29,"05/30/2025 07:03",https://www.instagram.com/reel/DKR8R5bAasa/,"Reel de Instagram",,Total,14549,297,87,12,7,6279,4
17954874944958979,17841402909298602,tuluaferia,"Feria de Tuluá Oficial","Programación Oficial Feria de Tuluá No67 🤠🐴💃🏼🕺🏾🎶

¡La #FeriaDeTuluá está a la vuelta de la esquina! Prográmate para disfrutar de los días más alegres del año, tendremos eventos para todos los gustos. 🎊⁣

No faltes por ningún motivo porque este año la Feria #HayQueSentirla ❤️💚🤍

📅 ¡Nos vemos del 19 al 23 de Junio oís!

💬¡Comenta cual es el evento que estabas esperando!

Carnaval del pueblo: Proyecto Apoyado por el Ministerio de las Culturas, Programa Nacional de @mincultura www.ministeriodecultura.gov.co⁣
#feriadetuluá #tuluá #feria #hayquesentirla #cabalgata #exposición #ganadería #equinos #industrial #artesania #plantas #cultura #asoferias #tuluacorazondelvalle⁣",0,"05/29/2025 15:46",https://www.instagram.com/p/DKQTcWwx8Hj/,"Secuencia de Instagram",,Total,36659,703,453,30,0,,
18313220389231267,17841402591799685,alcaldiadetulua,"Alcaldía de Tuluá","🛑 ¡Conoce cómo funciona nuestra nueva demarcación vial en la Sarmiento! 🛵

Hemos implementado esta señalización en la zona céntrica para mejorar la movilidad en este sector de Tuluá ✅
🚗 No estaciones tus vehículo allí ❌
🛵 Es una zona exclusiva para el tránsito de motocicletas.

💬 Te invitamos a sumarte con respeto y compromiso. ¡Entre todos hacemos de Tuluá una ciudad más ordenada y segura! #ParaSerFelices 💙",46,"05/29/2025 14:23",https://www.instagram.com/reel/DKQJ9ABPylr/,"Reel de Instagram",,Total,27488,424,45,13,10,8039,6
17909709090037997,17841429880911426,sysman_software,"Sysman Software","🎉 En el marco de @expoicolombia , damos la bienvenida a la Alcaldía de Tuluá, que se une con visión y compromiso al camino de la transformación digital. A partir de ahora, trabajaremos conjuntamente con @alcaldiadetulua , @galgus y @sysman_software para fortalecer sus capacidades en la estrategia de ✴️Ciudades Inteligentes✴️ de la mano de Marso Smart Cities, nuestra plataforma especializada basada en FIWARE.

#CiudadesInteligentes #SmartCities #TransformaciónDigital #InnovaciónUrbana #TecnologíaConPropósito #DesarrolloSostenible #GobiernoInteligente #ConectividadCiudadana",0,"05/29/2025 12:44",https://www.instagram.com/p/DKP-oapR_9X/,"Secuencia de Instagram",,Total,2164,36,1,0,0,,
18030729665429078,17841402591799685,alcaldiadetulua,"Alcaldía de Tuluá","🚧 ¡Arrancamos el Intercambiador de la 40! 👷‍♂️💥

Desmontamos el puente peatonal para darle paso al Intercambiador de la 40 🛣️, una megaobra que transformará la movilidad de Tuluá y abrirá camino hacia nuestra futura ruta turística al Picacho ⛰️✨🔧 ¡#ParaSerFelices",61,"05/29/2025 11:01",https://www.instagram.com/reel/DKPyzVEvLr9/,"Reel de Instagram",,Total,23730,275,60,17,4,6721,4
18070862353752094,17841402591799685,alcaldiadetulua,"Alcaldía de Tuluá","👶✨ ¡Así construimos futuro en Tuluá!

Te presentamos el CDI Mar de Ideas, una obra con el sello del alcalde Gustavo Adolfo Vélez Román, que transformará la vida de 400 a 500 niños. 📚🍎🎨 Educación, nutrición y cuidado con amor desde la primera infancia 💫
#ParaSerFelices",39,"05/28/2025 17:17",https://www.instagram.com/reel/DKN5BLZvAwR/,"Reel de Instagram",,Total,8262,121,8,6,2,3090,3
18070010926784462,17841402591799685,alcaldiadetulua,"Alcaldía de Tuluá","Primer paso para iniciar proyectos de Cruz del Picacho y Lago Chilicote✅ 🌟

En un encuentro estratégico con la Secretaría de @turismovalledelcauca, el alcalde @gustavovelezr realizó una Mesa Técnica para iniciar con la construcción de los proyectos que posicionarán a Tuluá como un destino competitivo, atractivo y lleno de identidad. 🏞️📈

Estamos trabajando con planificación, para impulsar la economía local con obras que proyectan al municipio como referente turístico con La Cruz del Picacho y la renovación del Lago Chilicote. #ParaSerFelices 💪🏼💙",60,"05/28/2025 13:29",https://www.instagram.com/reel/DKNeJXav0hN/,"Reel de Instagram",,Total,19687,273,42,7,9,5211,7
18086648215631011,17841402591799685,alcaldiadetulua,"Alcaldía de Tuluá","🗳️ ¿Sabías que tú también puedes ser parte del cambio?
🔥 El Consejo Municipal de Juventudes es el espacio para que los jóvenes alcen su voz, propongan y construyan la ciudad que soñamos 💡🏙️
⠀📣 Si tienes entre 14 y 28 años... ¡Participa como candidato o vota! Porque la democracia también es para los jóvenes. 💪
⠀
👀 Infórmate, involúcrate y marca la diferencia. ¡Tu voz cuenta! #ParaSerFelices 💙✅",37,"05/28/2025 08:32",https://www.instagram.com/reel/DKM8hW1g-xD/,"Reel de Instagram",,Total,8211,56,18,2,2,5151,0
18043623113215463,17841402591799685,alcaldiadetulua,"Alcaldía de Tuluá","🎨 ¿Eres artista, gestor cultural o amante del arte?
Entonces esto es para ti 👇

📢 Conoce en qué consiste la Política Pública de Arte y Cultura 2025, a quién va dirigida y por qué es clave que alces tu voz para construir una cultura transformadora 🙌 💡 Tu opinión, tu experiencia y tu talento pueden marcar la diferencia.
🎭 ¡La cultura en Tuluá la hacemos entre todos! 👉 Desliza y entérate de todo #ParaSerFelices",0,"05/27/2025 17:39",https://www.instagram.com/p/DKLW0Z0v9UP/,"Secuencia de Instagram",,Total,2910,47,3,11,0,1623,1
18077171776864081,17841402591799685,alcaldiadetulua,"Alcaldía de Tuluá","Tuluá volvió a creer. Parte 3. 💙💪🏼

En este tercer bloque, seguimos mostrando cómo el alcalde Gustavo Adolfo Vélez Román, transforma vidas con acciones reales 💪

📍Más inclusión
📍Más atención a la comunidad
📍Más oportunidades #ParaSerFelices 🫶

Cada historia, cada rostro, cada logro... es una muestra de que en Tuluá, lo social sí importa. 💙",130,"05/27/2025 15:48",https://www.instagram.com/reel/DKLJ7yTPAOo/,"Reel de Instagram",,Total,1692,18,0,0,0,1129,0
17959661528794091,17841402591799685,alcaldiadetulua,"Alcaldía de Tuluá","🎉 ¡Inició FestiArte en el Parque Lineal Céspedes! 🎨🎶

Música, danza, literatura y mucho talento se tomaron este espacio lleno de cultura y alegría. Desde el Departamento de Arte y Cultura, celebramos la primera edición de FestiArte, una vitrina para mostrar los procesos formativos y el arte de nuestros talentosos tulueños. 💃📚🎭
Con la asistencia de más de 50 personas, vivimos una jornada llena de expresión, talento y orgullo local.
✨ ¡Así celebramos la cultura en Tuluá!",54,"05/27/2025 13:52",https://www.instagram.com/reel/DKK8vcmvLTd/,"Reel de Instagram",,Total,5513,61,0,6,0,1892,0
18146058421382173,17841402591799685,alcaldiadetulua,"Alcaldía de Tuluá","🐾💉 ¡Bienestar animal llegó a Piedritas!

Visitamos la vereda Cocorná y atendimos con vacunación 🐶🐱 y vitaminización.🐴🐄 ¡80 mascotas protegidas y 30 animales fortalecidos! 💪🌾
¡Seguimos llevando salud a cada rincón rural! 🚜 #ParaSerFelices 💙",36,"05/27/2025 08:37",https://www.instagram.com/reel/DKKYtB4gGBB/,"Reel de Instagram",,Total,3516,31,5,1,0,1355,0
18077026948881441,17841402591799685,alcaldiadetulua,"Alcaldía de Tuluá","💥 Con 2.000 metros lineales de señalización mejoramos la movilidad en Tuluá 🚗💨
Ya iniciamos la señalización de la Calle 22, dejándola en perfectas condiciones para los tulueños 🙌
Con esta obra seguimos comprometidos con menos accidentes y más seguridad vial #ParaSerFelices 🛑💪🏼",35,"05/26/2025 16:12",https://www.instagram.com/reel/DKIoDnWPGNM/,"Reel de Instagram",,Total,8210,103,4,14,1,2843,2
17860257666417404,17841402591799685,alcaldiadetulua,"Alcaldía de Tuluá","¡Una feria sin barreras!♿💃

✨ Por primera vez en la edición No. 67 de la Feria de Tuluá se llena de inclusión con la “Pasarela Sin Barreras” 👗
Un desfile donde el arte, la alegría y la diversidad caminan juntos, demostrando que cuando se abre el corazón, los límites no existen 💖🌈
 
📅 Sábado, 21 de junio 
📍Pueblito artesanal

¡Te esperamos! @tuluaferia",51,"05/26/2025 13:34",https://www.instagram.com/reel/DKIV94bPiEq/,"Reel de Instagram",,Total,14871,110,31,1,6,4764,1
18065861930001670,17841402591799685,alcaldiadetulua,"Alcaldía de Tuluá","¡Continuamos supervisando el PAE! 💪🏼✅

📍Desde la Secretaría de Educación seguimos supervisando el correcto funcionamiento del PAE 🍽️👩‍🍳
✅ Nos reunimos con las 160 manipuladoras de alimentos y el cuerpo de vigilantes de nuestras Instituciones Educativas para revisar minutas, raciones y procesos.
👂 Escuchamos, concertamos y corregimos, porque lo más importante es garantizar un servicio digno y seguro para nuestros estudiantes.

💙 ¡El compromiso es con la comunidad educativa y con el bienestar de nuestros niños y jóvenes!
#ParaSerFelices",0,"05/26/2025 10:11",https://www.instagram.com/p/DKH-tXRPbs1/,"Secuencia de Instagram",,Total,3627,62,4,1,5,1946,0
18045701741182994,17841402591799685,alcaldiadetulua,"Alcaldía de Tuluá","💙 En el 2024, Tuluá volvió a creer. Parte 2.

En el deporte como herramienta de transformación 🏀💪, en la salud como motor de bienestar 🏥✨ y en la educación como base de nuestro futuro 📚🎓. Impulsamos el Programa de Alimentación Escolar, rutas y dotación para nuestras instituciones educativas, mientras fortalecemos el acceso al deporte y la actividad física como camino hacia la salud y la convivencia.

Porque en Tuluá, el desarrollo social se vive en las aulas, en las canchas y en cada rincón donde hay una oportunidad para crecer. 🌟🙌
#ParaSerFelices",113,"05/26/2025 08:26",https://www.instagram.com/reel/DKHypWUAdt7/,"Reel de Instagram",,Total,2496,19,1,0,0,1360,0
17931028403934515,17841402909298602,tuluaferia,"Feria de Tuluá Oficial","Conoce aquí qué hay pa´ disfrutar en la #FeriadeTuluá ⁣🤠 

👀Mira el video y descubre todas las sorpresas que hay en nuestro maravilloso evento. ✨ ✅

¡Te esperamos del 19 al 23 de Junio oís!⁣⁣
⁣
 ⁣#feriadetuluá #tuluá #feria #hayquesentirla #1minutopaferiar  #cabalgata #exposición #ganadería #equinos #industrial #artesania #plantas #cultura #asoferias  #tuluacorazondelvalle⁣",58,"05/25/2025 16:30",https://www.instagram.com/reel/DKGFVbHSptB/,"Reel de Instagram",,Total,13083,201,34,9,0,,
18275693095257866,17841402591799685,alcaldiadetulua,"Alcaldía de Tuluá","#ResumenSemanal | Conoce aquí las noticias más destacadas de la semana ➡️➡️ sábado de 45 segundos #ParaSerFelices ✅✌🏽",62,"05/24/2025 16:05",https://www.instagram.com/reel/DKDbgKzvKJ2/,"Reel de Instagram",,Total,5841,55,8,0,2,2434,2
18065518703083119,17841400356362656,infitulua,"INFITULUÁ E.I.C.E","👷🏽‍♂️🧱 Construir ciudad va más allá del cemento…

Son manos, rostros e historias que transforman vidas 💙

En el gobierno del ingeniero Gustavo Adolfo Vélez Román, cada obra tiene un rostro, cada proyecto un propósito. 🙌🏽✨

🚧 Este es un Gobierno #ParaSerFelices 💙💪🏼 con un equipo humano que construye ciudad a través de @infitulua",34,"05/24/2025 14:09",https://www.instagram.com/reel/DKDMqEJpsVe/,"Reel de Instagram",,Total,3423,65,8,2,1,2193,1
17884002891291137,17841402591799685,alcaldiadetulua,"Alcaldía de Tuluá","📍 ¡Planea tu Comuna llegó a la Comuna 3! 🏘️

Estuvimos en La Inmaculada, Cóndor 2, San Antonio, Brisas del Valle y más, escuchando a la comunidad y construyendo soluciones 💬✅

🛠️ seguimos haciendo de Tuluá un lugar más justo y participativo #ParaSerFelices🙌",53,"05/23/2025 17:12",https://www.instagram.com/reel/DKBAfqwvG67/,"Reel de Instagram",,Total,7442,81,2,1,2,2542,0
18139874524401860,17841402591799685,alcaldiadetulua,"Alcaldía de Tuluá","🔧👷‍♂️ ¡Seguimos construyendo entornos escolares seguros!

Desde la Secretaría de Educación instalamos 50 metros lineales de barandas para una movilidad segura en la I.E. Juan María Céspedes, sede San Luis 🏫, protegiendo a nuestros estudiantes y mejorando sus espacios de aprendizaje. 💪📚.

¡La seguridad también se aprende! 🚸✨ #ParaSerFelices",28,"05/23/2025 08:03",https://www.instagram.com/reel/DKABp77Ag5W/,"Reel de Instagram",,Total,5775,43,1,0,1,2222,1
18074895532897252,17841402591799685,alcaldiadetulua,"Alcaldía de Tuluá","💙 En el 2024, Tuluá volvió a creer. Parte 1.
En la inclusión, la educación, la cultura, el deporte y la salud como pilares #ParaSerFelices 🙌✨

Porque para el alcalde Gustavo Vélez, lo social no es una opción, es una prioridad.
¡Seguimos construyendo una ciudad con oportunidades para todos! 💪🏽🏙️",173,"05/22/2025 15:42",https://www.instagram.com/reel/DJ-RQ_4PvPs/,"Reel de Instagram",,Total,3245,63,6,0,2,1925,1
18065558759477671,17841465258460662,secre.bienestarsocialtulua,"SECRETARIA DE BIENESTAR SOCIAL","¡Éxito total en la Feria de Empleabilidad para Personas con Discapacidad!
Nos llena de orgullo compartir que un total de 80 personas se postularon durante esta jornada, demostrando el gran interés y compromiso por acceder a oportunidades laborales inclusivas.

Tuvimos la grata visita de participantes provenientes de distintos municipios y ciudades como Cali, Zarzal, Andalucía, Bugalagrande y La Marina, lo que resalta el impacto regional del evento.

Agradecemos a todos los asistentes, empresas y aliados que hicieron posible este espacio de inclusión, crecimiento y oportunidades. ¡Seguimos trabajando por una sociedad más justa y equitativa para todos!",0,"05/22/2025 14:28",https://www.instagram.com/p/DJ-I9oNyom8/,"Secuencia de Instagram",,Total,2605,56,3,6,0,,
17927144400061313,17841402591799685,alcaldiadetulua,"Alcaldía de Tuluá","👩‍🍼💙 ¡100 madres tulueñas beneficiadas!

Gracias a la alianza entre la Gestora Social, Luz Elena Londoño, y la @fundacionexito, a través del programa Goticas de Amor, 100 madres lactantes y gestantes de nuestro municipio, recibirán apoyo nutricional con mercados y acompañamiento integral en una etapa clave para sus bebés 👶✨. #ParaSerFelices #Lactatón #ConLasGoticasNutrimosVidas",60,"05/22/2025 12:55",https://www.instagram.com/reel/DJ9-G5gvkhp/,"Reel de Instagram",,Total,7489,72,5,3,3,2457,2
18037658546318481,17841402591799685,alcaldiadetulua,"Alcaldía de Tuluá","Hoy le decimos SÍ al progreso de Tuluá 🙌🏼✨

Estos proyectos aprobados marcarán un antes y un después en nuestra ciudad. Obras que transformarán realidades, impulsarán el desarrollo y generarán bienestar para todos los tulueños. 💙✅

Este es un paso gigante hacia el avance que tanto soñamos.🔝💪🏼 Con compromiso, autonomía y amor por Tuluá. #ParaSerFelices",81,"05/22/2025 07:29",https://www.instagram.com/reel/DJ9Y3zhghZm/,"Reel de Instagram",,Total,28266,167,14,26,4,3299,2
18074974393721356,17841402591799685,alcaldiadetulua,"Alcaldía de Tuluá","🚨🧹 ¡Atendimos a la comunidad del 7 de Agosto!

Acompañamos y acudimos al llamado de la comunidad de este sector, con una jornada de limpieza liderada desde el Departamento de Planeación Municipal, en trabajo conjunto con la Junta de Acción Comunal y el apoyo del Cuerpo de Bomberos de Tuluá.🚒.

💨🧼 Esta acción se realizó para mitigar los efectos del desbordamiento del río, el polvo y sus consecuencias, cuidando así la salud de nuestros habitantes.  #ParaSerFelices 💙 🙌",45,"05/21/2025 13:31",https://www.instagram.com/reel/DJ7dnBYPrIq/,"Reel de Instagram",,Total,5487,53,2,0,0,2228,0
17905347132160582,17841402591799685,alcaldiadetulua,"Alcaldía de Tuluá","🦠👄🖐👣 ¿Has oído hablar del virus “boca, manos y pies”?
Desde la Secretaría de Salud de Tuluá te compartimos información clave sobre esta enfermedad que afecta principalmente a niños, pero también puede presentarse en adultos.

📲 Desliza y conoce:
✅ Qué es el virus
✅ Cuáles son sus síntomas
✅ Cómo tratarlo y prevenir el contagio

¡Infórmate y protege a tu familia y comunidad! 🧼💉 #ParaSerFelices",0,"05/21/2025 09:30",https://www.instagram.com/p/DJ7CDIAAyCn/,"Secuencia de Instagram",,Total,7623,167,125,2,26,4734,5
18039847802299757,17841402591799685,alcaldiadetulua,"Alcaldía de Tuluá","📣 ¡Tuluá ya tiene Consejo Consultivo de Turismo! 🌿✨
Un paso clave para hacer de nuestro municipio un destino con identidad, seguro y con proyección nacional 🇨🇴

#ParaSerFelices 💙",55,"05/21/2025 07:04",https://www.instagram.com/reel/DJ6xPQpg9DW/,"Reel de Instagram",,Total,6285,50,2,1,1,1946,0
17863594608327053,17841402591799685,alcaldiadetulua,"Alcaldía de Tuluá","🚀✨ ¡Apoyando a los estudiantes!
Desde la Secretaría de Educación acompañamos la Feria STEAM del Colegio Bilingüe Hispanoamericano 🎓🔬📚.
Un espacio lleno de creatividad, ciencia y pasión donde nuestros estudiantes demostraron todo su potencial 💡💙.

🌟 ¡En Tuluá le apostamos al conocimiento y a la innovación educativa en todas las Instituciones! #ParaSerFelices 💙✅",48,"05/20/2025 15:17",https://www.instagram.com/reel/DJ5E3PIvCqx/,"Reel de Instagram",,Total,5763,53,7,0,1,1698,1
17880185802309171,17841402591799685,alcaldiadetulua,"Alcaldía de Tuluá","🚨 ¡Cae líder de extorsiones de “La Inmaculada”! 🚨‼️
En menos de una semana, las autoridades han capturado a dos miembros clave de esta estructura delincuencial.🚔

El más reciente: alias “Gordo” o “Rosado”, cabecilla señalado por extorsión, homicidios y secuestro.
Gracias al trabajo articulado entre GAULA, SIPOL y Fiscalía, seguimos avanzando en la lucha frontal contra el crimen. ✅💪🏼",34,"05/20/2025 10:43",https://www.instagram.com/reel/DJ4lRxNPBdu/,"Reel de Instagram",,Total,23257,75,9,4,1,2954,0
18046300460176249,17841402591799685,alcaldiadetulua,"Alcaldía de Tuluá","📣 ¡Instalamos oficialmente el Consejo Consultivo de Turismo de Tuluá! 

Un espacio de participación que reúne al sector público, privado y comunitario para construir un turismo más sostenible, competitivo e incluyente. Buscando impulsar y fortalecer el turismo en el municipio y la región, lo que se traduce en desarrollo, dinamismo económico y convertir a Tuluá en un destino con identidad y proyección. ✅💪🏼

💼 ¡Tuluá avanza con visión y trabajo en equipo! #ParaSerFelices 💙",0,"05/20/2025 08:06",https://www.instagram.com/p/DJ4TtSWgWgX/,"Secuencia de Instagram",,Total,4838,96,7,2,3,2707,1
17969944199891672,17841450932209988,policiasquecumplebiensudeber,"Policias Que Cumplen Bien su deber","📍En el marco de la estrategia integral “Tuluá, juntos transformando el futuro”

La Policía Nacional lleva alegría y esperanza a niños, niñas y adolescentes del barrio Villa Liliana.

“La niñez merece protección, salud y felicidad”. 

 #InfanciaYAdolescencia @proteccionponal @alcaldiadetulua",63,"05/19/2025 16:32",https://www.instagram.com/reel/DJ2oUznt9CL/,"Reel de Instagram",,Total,3186,26,1,1,0,,
18207812086307426,17841402591799685,alcaldiadetulua,"Alcaldía de Tuluá","✅ Emergencia controlada en la I.E. Julia Restrepo

12 estudiantes fueron atendidas por contusiones leves y ya están fuera de peligro. 🙏🏽🩺 La atención médica será cubierta por las pólizas activadas por el alcalde @gustavovelezr.
🏫 Además, se adelanta un plan de mejoras en las instituciones educativas del municipio.",51,"05/19/2025 10:16",https://www.instagram.com/reel/DJ19rVGvHEQ/,"Reel de Instagram",,Total,16538,147,35,17,6,4785,2
17872457058256652,17841402591799685,alcaldiadetulua,"Alcaldía de Tuluá","⚖️ Capturado alias “Coco”💥

Gracias a una operación conjunta entre la Policía y la Fiscalía, fue capturado el cabecilla del GDCO “La Oficina”, junto a otros 4 integrantes 👮‍♂️⚔️
Vinculados a homicidios, extorsiones y microtráfico 😡❌ ¡Tuluá no se rinde! 💪💙 Seguimos trabajando con la Fuerza Pública por la seguridad de los tulueños #ParaSerFelices 🛡️👊",53,"05/19/2025 07:23",https://www.instagram.com/reel/DJ1p8O4gRMe/,"Reel de Instagram",,Total,14506,146,10,4,4,3968,1
17857397364375924,17841402909298602,tuluaferia,"Feria de Tuluá Oficial","🚨 ¡Atención! ¡Ya viene junio, ya viene la Feria! 🤠💃🎊⁣
⁣
Faltan solo 32 días para vivir la Feria de Exposiciones más esperada del país . 🌟⁣
¿Quieres saber qué hay pa´ disfrutar? 🧐 Mirá y entérate de todas las sorpresas que hay en nuestro maravilloso evento. ✨
⁣⁣
Recuerda separar la fecha en tu calendario 📅 Del 19 al 23 de Junio ¿Te lo repito? Del 19 al 23 de Junio oís⁣
⁣
 ¡Te esperamos! 🎉⁣⁣

@soyalejandramets @elsoltulua
⁣
#feriadetuluá #tuluá #feria #hayquesentirla #cabalgata #exposición #ganadería #equinos #industrial #artesania #plantas #cultura #asoferias #tuluacorazondelvalle⁣
⁣",105,"05/18/2025 16:00",https://www.instagram.com/reel/DJ0AVUKx2nH/,"Reel de Instagram",,Total,7875,196,41,23,0,,
18065826106858599,17841402909298602,tuluaferia,"Feria de Tuluá Oficial","🎵 5 Canciones que saben a #FeriaDeTuluá 🎶💃🤠

Hoy es sábado y el cuerpo lo sabe, por eso recordamos canciones que nos transportan a vivir y sentir la magia de la Feria. 🌟🎉

 Desliza y gózatelas una y otra vez. 🕺✨

¡Nos vemos en la Feria del 19 al 23 de Junio! 📅❤️💚🤍

#feriadetuluá #tuluá #feria #hayquesentirla #cabalgata #exposición #ganadería #equinos #industrial #artesania #plantas #cultura #asoferias #tuluacorazondelvalle",0,"05/18/2025 10:07",https://www.instagram.com/p/DJzX5psxuFz/,"Secuencia de Instagram",,Total,4289,38,3,0,0,,
18513005326010570,17841402591799685,alcaldiadetulua,"Alcaldía de Tuluá","#ResumenSemanal | Conoce aquí las noticias más destacadas de la semana ➡️➡️ 45 segundos #ParaSerFelices ✅✌🏽",68,"05/17/2025 16:04",https://www.instagram.com/reel/DJxbzwEPYfK/,"Reel de Instagram",,Total,5764,50,5,0,1,2341,0
18039247106309698,17841402909298602,tuluaferia,"Feria de Tuluá Oficial","🤠🔥¡Vení a disfrutar de la Magia y el Sabor del Pueblito Artesanal! 

🌟🚀Grandes shows para todos los gustos. ¡No te los puedes perder! 

🗓️ Nos vemos en la Feria 
⁣⁣
⁣ ⁣#feriadetuluá #tuluá #hayquesentirla #feria #cabalgata #exposición #ganadería #equinos #industrial #artesania #plantas #cultura #asoferias #tuluacorazondelvalle",206,"05/17/2025 16:00",https://www.instagram.com/reel/DJxbhrHxRyR/,"Reel de Instagram",,Total,12155,164,36,7,0,,
18503584864007910,17841402909298602,tuluaferia,"Feria de Tuluá Oficial","📢 TULUEÑO : ¿Recuerdas esa emoción de infancia al oír los primeros acordes de la Feria?

🎉 Junio repite la fórmula mágica:
🕺 Bailes que unen generaciones,
🍲 Aromas que viajan en el tiempo,
🤠 Y tradiciones que nos devuelven a lo esencial de la vida.

🗓️ Del 19 al 23 de Junio, revive con orgullo nuestra tradición.
🌟 Porque la Feria de Tuluá #HayQueSentirla (¡Y esta vez, con vos como protagonista!)

⁣ ⁣#feriadetuluá #tuluá #feria #cabalgata #exposición #ganadería #equinos #industrial #artesania #plantas #cultura #asoferias #tuluacorazondelvalle⁣
⁣",32,"05/17/2025 07:20",https://www.instagram.com/reel/DJwf9dAMwj-/,"Reel de Instagram",,Total,10984,166,19,8,0,,
17895187263208784,17841402909298602,tuluaferia,"Feria de Tuluá Oficial","🎉 Y tú, ¿por qué te sientes orgulloso de la Feria? 🤠✨

Comparte tu historia 📖 o ese recuerdo que te llena de emoción 😍 y orgullo 💪.

Porque la Feria no solo es un evento… 🌟
¡Es nuestra identidad! 🇨🇴🔥 y por eso #hayquesentirla

👉 Nos vemos en la Feria, oís 🗓️📍

@gordo_runner @aqui_esta_alejo @eldelasredes__ @ema96cg 

⁣ ⁣#feriadetuluá #tuluá #feria #cabalgata #exposición #ganadería #equinos #industrial #artesania #plantas #cultura #asoferias #tuluacorazondelvalle",56,"05/16/2025 18:11",https://www.instagram.com/reel/DJvFoKuMVf3/,"Reel de Instagram",,Total,4552,57,1,0,0,,
18099559117552940,17841402591799685,alcaldiadetulua,"Alcaldía de Tuluá","⚽🔥 ¡Tuluá sigue siendo escenario del fútbol profesional!

Este domingo 18 de mayo, vuelve a rodar el balón en Tuluá.
Internacional Fútbol Club juega en el Doce🏟️, y tú no te lo puedes perder 💥

💙 Tuluá vuelve a vivir esa pasión que nos une
🎉 Es la oportunidad perfecta para vivir, sentir y celebrar el fútbol en familia. 👨‍👩‍👧‍👦 🙌⚽",30,"05/16/2025 17:10",https://www.instagram.com/reel/DJu-n4ovhLP/,"Reel de Instagram",,Total,64951,419,76,46,7,11559,22
18062630249033479,17841402909298602,tuluaferia,"Feria de Tuluá Oficial","¡Gracias a todos por ser parte del lanzamiento de la Feria No. 6️⃣7️⃣ ! 🤠🥳❤️💚🤍
⁣⁣
Su entusiasmo 🌟, unión 🤝 y alegría 🎉 encendió la llama de esta gran celebración. Juntos haremos historia en esta edición.⁣⁣

🎈¡Prepárense para vivir la magia del 19 al 23 de junio ! 📅✨⁣⁣

 ⁣#feriadetuluá #tuluá #feria #hayquesentirla #feriatulua2025 #cabalgata #exposición #ganadería #equinos #industrial #artesania #plantas #cultura #asoferias #tuluacorazondelvalle",0,"05/16/2025 15:45",https://www.instagram.com/p/DJu09yfBdah/,"Secuencia de Instagram",,Total,6610,113,9,0,0,,
17904596889056384,17841402909298602,tuluaferia,"Feria de Tuluá Oficial","🎉 ¡Prepárate que ya viene Junio… y se viene con TODA! 🚀

🤠 Llega un mes cargado de:
🎭 Emociones que te harán vibrar de alegría,
🌮 Sabores que recuerdan lo dulce de nuestra tierra y
🎶 Música que hará latir tu corazón.

🚨 ¡No te vayas a quedar por fuera! 🌟🎶 Porque esta Feria #hayquesentirla

📅 Prográmate: del 19 al 23 de junio .

📍 ¡Te esperamos!

@laurawalls16 @jessalvaran @elchicobotas @andreapalta_ 

⁣ ⁣#feriadetuluá #tuluá #feria #cabalgata #exposición #ganadería #equinos #industrial #artesania #plantas #cultura #asoferias #tuluacorazondelvalle",40,"05/16/2025 13:24",https://www.instagram.com/reel/DJuk4QTRWYW/,"Reel de Instagram",,Total,13609,280,18,15,0,,
18034786607636370,17841400066779739,gustavovelezr,"Gustavo Adolfo Vélez Román","¡La mejor feria de Colombia regresa!🥳💙💪🏼

Anoche vivimos un evento maravilloso con el lanzamiento de la 67 Feria de Tuluá. 🎉🎊 Me alegra mucho poder devolverle a los tulueños este espacio lleno de cultura, alegría y tradición. 🎶🤩🎇
¡La feria ya se siente y será para recordar! 🎉💙 #ParaSerFelices #HayQueSentirla",0,"05/16/2025 10:27",https://www.instagram.com/p/DJuQmfpxmQ3/,"Secuencia de Instagram",,Total,19568,619,15,13,0,,
18043111769533066,17841402591799685,alcaldiadetulua,"Alcaldía de Tuluá","¡Mobiliario nuevo para nuestros estudiantes!💪🏼✅

Estuvimos en la Institución Educativa José Eustasio Rivera y, por solicitud de la comunidad, entregamos mobiliario totalmente nuevo 🪑🧒👧

Seguimos comprometidos con brindarles a nuestros niños y niñas espacios dignos, cómodos y de calidad para que aprendan, crezcan y sean felices 💙🌟

💼👨‍🏫👩‍🏫 ¡Porque una buena educación comienza con condiciones adecuadas! #ParaSerFelices",50,"05/16/2025 09:44",https://www.instagram.com/reel/DJuLOmVAjVI/,"Reel de Instagram",,Total,6299,41,1,0,0,1595,1
18066233264067056,17841402909298602,tuluaferia,"Feria de Tuluá Oficial","⁣
🤠¡El momento más esperado está por llegar! ⏳✨🔥⁣
⁣
La cuenta regresiva ha comenzado para vivir nuevamente la experiencia que solo la Feria #1 de Colombia puede ofrecer.⁣

🚀 Innovación, 🤝 conexiones inigualables y 📸 momentos que quedarán grabados para siempre en tu memoria.⁣
⁣
✋ ¡No dejes que nada te impida ser parte de este evento único! ✨⁣

📆 Separa HOY MISMO las fechas en tu calendario⁣
⁣
🎉 ¡Nos vemos del 19 al 23 de junio 📅🎈 ⁣
⁣
 ⁣#feriadetuluá #tuluá #feria #hayquesentirla #feriatulua2025 #cabalgata #exposición #ganadería #equinos #industrial #artesania #plantas #cultura #asoferias #tuluacorazondelvalle⁣
⁣",42,"05/16/2025 09:04",https://www.instagram.com/reel/DJuG9AJRX2S/,"Reel de Instagram",,Total,10846,125,19,10,0,,
18079721137823349,17841401164954532,turadio99.4,"Tu Radio 99.4 FM","¡La planeación llegó a los barrios!
En la comuna 9 de Tuluá inició #PlaneaTuComuna, una estrategia de participación ciudadana donde la comunidad es escuchada y sus necesidades se transforman en acciones reales.
🚧 Vías, servicios básicos y espacio público fueron parte del recorrido junto a Planeación y la Secretaría de Infraestructura.

👥 ¡La voz del barrio ahora planea el futuro de Tuluá!

#TuluáParticipa #GestiónTerritorial #planeaciónconlagente #AlcaldiaTulua",26,"05/16/2025 07:19",https://www.instagram.com/reel/DJt7CYTRNTL/,"Reel de Instagram",,Total,2179,39,1,0,0,,
17854844946433185,17841465258460662,secre.bienestarsocialtulua,"SECRETARIA DE BIENESTAR SOCIAL","💧❤️ Cada gota cuenta para transformar vidas.
Hoy socializamos el proyecto Góticas de Amor junto a la Fundación Éxito, sumando esfuerzos por la nutrición y el bienestar de la niñez en Colombia.
¡Únete y deja tu huella de amor! 💛👶 #GóticasDeAmor #FundaciónÉxito #NutriciónInfantil #SolidaridadQueTransforma",0,"05/15/2025 09:33",https://www.instagram.com/p/DJrlrJoNj8b/,"Secuencia de Instagram",,Total,2030,39,0,0,0,,
18068225065945291,17841402591799685,alcaldiadetulua,"Alcaldía de Tuluá","🚀 ¡Iniciamos Planea tu Comuna! 🏘️🗣️

Una iniciativa que nace para fortalecer la participación ciudadana, creando lazos de confianza entre la comunidad y la institucionalidad 🤝✨
Un espacio clave para trabajar juntos por el bienestar de nuestra comunidad 🛠️💙✅ #ParaSerFelices #PlaneaTuComuna",47,"05/15/2025 07:18",https://www.instagram.com/reel/DJrV2h8AlWD/,"Reel de Instagram",,Total,5137,47,4,1,1,1892,0
18390428494119049,17841402909298602,tuluaferia,"Feria de Tuluá Oficial","🎉 Hay momentos que marcan en la vida y uno de ellos es la #FeriadeTuluá ⁣🤠🌟⁣
⁣
Un evento fiel a sus promesas de diversión 🎪, alegría🕺 y sabor 🍬. Y este año, ¡no será la excepción! ✨⁣
⁣
Ven y disfruta con toda tu familia de la magia de la Feria 💫⁣
⁣
🎈 ¡Te esperamos del 19 al 23 de junio!⁣

@mediamaratontulua @aqui_esta_alejo @eldelasredes__ @gordo_runner @ema96cg 
⁣
 ⁣#feriadetuluá #tuluá #feria #hayquesentirla #cabalgata #exposición #ganadería #equinos #industrial #artesania #plantas #cultura #asoferias #tuluacorazondelvalle",58,"05/14/2025 17:14",https://www.instagram.com/reel/DJp1k9do0i6/,"Reel de Instagram",,Total,7672,95,7,0,0,,
18032835872370035,17841402591799685,alcaldiadetulua,"Alcaldía de Tuluá","¡Llegó lo que los tulueños estaban esperando!✅

🚧✨ Ya estamos construyendo la segunda calzada de la calle 27
➡️ Una obra que mejorará la movilidad y el ingreso al centro de la ciudad.

Estamos comprometidos con Tuluá💪🏼

¡Obras #ParaSerFelices!🏗️🏙️",61,"05/14/2025 09:23",https://www.instagram.com/reel/DJo_kQ5ALD9/,"Reel de Instagram",,Total,20064,258,16,20,6,5357,0
18043320659616772,17841402591799685,alcaldiadetulua,"Alcaldía de Tuluá","¡Aprendiendo de seguridad vial!🚸👧🏽👦🏽✨

Estuvimos con el Departamento de Movilidad en la Institución Educativa Aguaclara llevando mensajes de educación vial, movilidad segura y prevención vial a nuestros niños, niñas y padres de familia.🚦🚗🏍️

Hablamos sobre la importancia 💡de respetar las normas, cuidar la vida y construir entre todos una Tuluá que se mueve mejor #ParaSerFelices ✅💙",28,"05/13/2025 17:53",https://www.instagram.com/reel/DJnVJVHvtEB/,"Reel de Instagram",,Total,5146,36,6,0,1,2531,0
17951568074826872,17841402909298602,tuluaferia,"Feria de Tuluá Oficial","¿Listos para vibrar con las comparsas en el Carnaval? 💃✨🕺Si capitán estamos listos. ⁣
⁣
📅¡El 19 de junio el pueblo se viste de fiesta! 🎉  Déjate llevar por la magia del Carnaval y disfruta de cada uno de los participantes, porque detrás de cada sonrisa, baile, hay horas de ensayo y mucha pasión… ⁣
⁣
¡Nos vemos en el Carvanal del Pueblo Oís!📍 ⁣

Carnal del Pueblo es un Proyecto Apoyado por el Ministerio de las Culturas, Programa Nacional de Concertación Cultural  @mincultura 
web www.ministeriodecultura.gov.co
⁣
#feriadetuluá #tuluá #feria #hayquesentirla #cabalgata #exposición #ganadería #equinos #industrial #artesania #plantas #cultura #asoferias #tuluacorazondelvalle",18,"05/13/2025 17:16",https://www.instagram.com/reel/DJnQ8PVSg6j/,"Reel de Instagram",,Total,9450,134,22,7,0,,
17882436585185950,17841402591799685,alcaldiadetulua,"Alcaldía de Tuluá","📚💫 Docentes y Padres de Familia vivieron una experiencia inspiradora en el Coliseo de Ferias Manuel Victoria Rojas.

Con la participación especial de @nataliaponcedeleon , símbolo de resiliencia y valentía, y el respaldo de expertos internacionales, seguimos fortaleciendo el modelo #SeeLearning junto a las @fundacionlevapan, Barco, Celsia y la Universidad Emory. 🌍🤝 Y con el liderazgo del alcalde @gustavovelezr, le apostamos a una educación que toca la mente y el corazón. 🧠💙🌱 #ParaSerFelices",65,"05/13/2025 09:25",https://www.instagram.com/reel/DJma_iagQbM/,"Reel de Instagram",,Total,5737,33,5,1,0,2264,0
18060933974131735,17841402909298602,tuluaferia,"Feria de Tuluá Oficial","✨Los recuerdos son para toda la vida.. ¡y más si son en la #FeriaDeTuluá !🤠🎉

Cuéntanos en los comentarios cuál momento es el que más te ha marcado... 💃

¡Te esperamos del 19 al 23 de Junio!📍 📅

@eldelasredes__ @gordorunner @aqui_esta_alejo @ema96cg

#feriadetuluá #tuluá #feria #hayquesentirla #cabalgata #exposición #ganadería #equinos #industrial #artesania #plantas #cultura #asoferias #tuluacorazondelvalle",63,"05/12/2025 17:11",https://www.instagram.com/reel/DJkroOMpoow/,"Reel de Instagram",,Total,4417,79,5,12,0,,
18029183138657679,17841402591799685,alcaldiadetulua,"Alcaldía de Tuluá","Así se vivió el ritmo del Pacífico en Tuluá 🌊🎶

Más de 100 tulueños afro nos acompañaron en una jornada inolvidable:
💃🏿 Música, danza y tradición que hicieron vibrar cada rincón
🍲 Sabores auténticos que llenaron de alegría nuestros corazones
🩺 Y nuestra oferta institucional

¡Celebramos nuestra diversidad con orgullo y alegría! 💙✨ #ParaSerFelices",60,"05/12/2025 15:36",https://www.instagram.com/reel/DJkgxGePaL7/,"Reel de Instagram",,Total,2875,50,4,0,1,1251,0
18084635314584912,17841402591799685,alcaldiadetulua,"Alcaldía de Tuluá","📣 ¡Llegó PLANEA TU COMUNA! 🏡✨ 

Un programa de participación ciudadana que lleva la planificación del municipio directamente a tu territorio.
Ahora, el Departamento de Planeación descentraliza su oficina para construir con todos los tulueños un mejor vivir. 🛠️💙 Ven y conoce los proyectos que tú y tu comunidad priorizaron y que hacen parte del Plan de Desarrollo Municipal. 🚀 

🤝 Planea tu Comuna: un espacio de confianza, transparencia y trabajo con la comunidad  #ParaSerFelices
📍 ¡Muy pronto en tu comuna!",57,"05/12/2025 10:34",https://www.instagram.com/reel/DJj-CpLPNdQ/,"Reel de Instagram",,Total,4585,35,1,5,0,1333,1
17987385089808244,17841402909298602,tuluaferia,"Feria de Tuluá Oficial","¡Ya se empieza a sentir la magia de la Feria! 🎶🤠⁣
⁣
Del 19 al 23 de junio , Tuluá y el Coliseo de Ferias Manuel Victoria Rojas se transforman en el epicentro de la diversión 🌟✨.⁣
⁣
¡En un corazón palpitante de emociones! ❤️‍🔥⁣
Listos para explotar en risas 😂, bailes 💃🕺 y aplausos 🎉👏.⁣
⁣
Separa la fecha en tu calendario 📅: ¡Te esperamos! 🎉🎊⁣

@felipelaborda06 @mundo89tulua @alcaldiadetulua 
⁣
#feriadetuluá #tuluá #feria #hayquesentirla #cabalgata #exposición #ganadería #equinos #industrial #artesania #plantas #cultura #asoferias #tuluacorazondelvalle",65,"05/11/2025 16:02",https://www.instagram.com/reel/DJh-5Pduxh-/,"Reel de Instagram",,Total,21221,534,67,27,0,,
18347723311158982,17841402591799685,alcaldiadetulua,"Alcaldía de Tuluá","¡Feliz día de las Madres!🌸🌹

✨ A ustedes, que son ejemplo de amor, entrega y valentía.
Que en cada abrazo, en cada consejo, en cada sacrificio… hacen de Tuluá un lugar más lleno de vida.

Hoy celebramos a quienes con su amor infinito
son el motor de nuestras familias y nuestro municipio. #ParaSerFelices 💙🌸",28,"05/11/2025 05:54",https://www.instagram.com/reel/DJg5NgUAvvu/,"Reel de Instagram",,Total,4783,62,3,1,0,1565,0
17965364033762916,17841440739178712,policiavalledelcauca,"Policia Valle del Cauca","Acciones preventivas de la Policia Nacional tras la celebración del día de la madre en el Valle del Cauca.

El Departamento de Policía Valle en coordinación con la Alcaldía Municipal, el Ejército Nacional y demás entidades del Estado, realiza a esta hora operativos de registro y control en la zona rosa del municipio de Tuluá. Estas acciones buscan garantizar la tranquilidad de las personas, en la celebración del día de la madre.

El objetivo principal de estos operativos es prevenir hechos de intolerancia, riñas y cualquier otra situación que pueda alterar la convivencia,  especialmente en estas fechas festivas, donde la alta afluencia de personas en las calles y reuniones familiares puede generar incidentes.

La presencia policial en estas comunas responde a un plan estratégico diseñado para fortalecer la percepción de seguridad y ejercer control en zonas priorizadas, en beneficio de la comunidad.

El Departamento de Policía Valle agradece la comprensión de los ciudadanos frente a estas medidas preventivas, que buscan salvaguardar la vida y el bienestar de todos. Se hace un llamado a mantener la tolerancia y el respeto mutuo como principios fundamentales durante las celebraciones.

Finalmente, invitamos a la comunidad a reportar cualquier situación que afecte la tranquilidad en los municipios, a través de la línea de emergencia 123.",43,"05/10/2025 23:32",https://www.instagram.com/reel/DJgNecNNv0O/,"Reel de Instagram",,Total,3806,124,2,1,0,,
18008337647741778,17841402909298602,tuluaferia,"Feria de Tuluá Oficial","🏡 No hay mejor forma de decir ""estoy en casa"" que estando en la Feria de Tuluá. ❤️💚🤍⁣
⁣
💫 El reencuentro perfecto para recordar quiénes somos y lo que nos une.⁣
⁣
🎉 ¡No te quedes por fuera de esta mágica fiesta!⁣
⁣
📅 Nos vemos del 19 al 23 de junio 🤠✨⁣

Gracias por hacer parte de la historia de Tuluá.
⁣
@julianelpato @andreapalta_ @johnalexperiodista @valentinagallegoarana
⁣
#feriadetuluá #tuluá #feria #hayquesentirla #cabalgata #exposición #ganadería #equinos #industrial #artesania #plantas #cultura #asoferias #tuluacorazondelvalle ⁣",60,"05/10/2025 17:10",https://www.instagram.com/reel/DJfh3F_IkaO/,"Reel de Instagram",,Total,5283,78,8,0,0,,
18079754944696551,17841402591799685,alcaldiadetulua,"Alcaldía de Tuluá","#ResumenSemanal | Conoce aquí las noticias más destacadas de la semana ➡️➡️ 45 segundos #ParaSerFelices ✅✌🏽",75,"05/10/2025 16:37",https://www.instagram.com/reel/DJfeG4CPoto/,"Reel de Instagram",,Total,5260,61,4,4,1,1789,0
17848340952434683,17841402591799685,alcaldiadetulua,"Alcaldía de Tuluá","¡Más de 300 personas vivieron el Festival de la Marimba!🎶💃

🎶 Un día lleno de música, sabor y tradición del Pacífico
🍛 Con gastronomía típica, mucha cultura y alegría
💉 Además, llevamos nuestra oferta institucional:
📝 SISBÉN
🐶 Vacunación antirrábica
🤝 Apoyo a comunales
📢 Programas nacionales y mucho más

¡Tuluá vibró con el Pacífico! #ParaSerFelices 💙💪🏼",0,"05/10/2025 13:21",https://www.instagram.com/p/DJfHtOTPUYF/,"Secuencia de Instagram",,Total,1446,42,0,0,0,764,0
18064226474489608,17841402591799685,alcaldiadetulua,"Alcaldía de Tuluá","📚✨ Más de 500 docentes vivieron una jornada de aprendizaje y transformación en el Coliseo de Ferias Manuel Victoria Rojas.

Gracias a expertos internacionales y al apoyo de las Fundaciones Levapán, Barco, Celsia y la Universidad Emory, fortalecimos el modelo #SeeLearning que impulsamos desde 2019 con el alcalde @gustavovelezr. 🧠💛

Enseñar también es abrir el corazón y formar seres humanos íntegros. 💙🌱 #ParaSerFelices",0,"05/09/2025 15:20",https://www.instagram.com/p/DJcwkLxPBdB/,"Secuencia de Instagram",,Total,5302,101,4,0,0,2605,1
18044440706190536,17841402591799685,alcaldiadetulua,"Alcaldía de Tuluá","¡Sembramos 95 árboles!✅💪🏼🌳

Realizamos una jornada de siembra en el sector 📍Arboledas del Darién con más de 90 árboles 🌳 de diferentes especies, contribuyendo al cuidado del medio ambiente 🌎 y a la creación de más zonas verdes en nuestro municipio 🌿.
#ParaSerFelices ✨",31,"05/09/2025 07:05",https://www.instagram.com/reel/DJb32fWgX2u/,"Reel de Instagram",,Total,2466,24,1,0,0,1043,0
17975411735720235,17841402591799685,alcaldiadetulua,"Alcaldía de Tuluá","¡Comité Municipal del Ruido socializa con comerciantes de la Sarmiento!✅

Con la Secretaría de Gobierno y la SEDAMA, socializamos con nuestros comerciantes la Ley 2450 Antirruido 🔇🛍️
Una jornada educativa donde aprendimos a cumplir la norma ✅ y a fortalecer la cultura ciudadana 🤝 para vivir mejor, con respeto y armonía en nuestro municipio.

¡Así construimos una Tuluá con más orden y menos ruido #ParaSerFelices!💪🏼💙",59,"05/08/2025 12:19",https://www.instagram.com/reel/DJZ2_SYPsND/,"Reel de Instagram",,Total,5791,50,7,1,4,2332,0
18093649453564892,17841402909298602,tuluaferia,"Feria de Tuluá Oficial","¿Y a ti a qué te sabe la  #FeriadeTuluá? 🤠❤️💚🤍⁣
⁣
¿Alegría, sabor, tradición o todas a la vez? Cuéntanos en los comentarios...⁣
⁣
¡Te esperamos en el Coliseo del 19 al 23 de Junio ! 🎉🥳🎆⁣

@julianelpato @elpatobrunch @andreapalta_ @johnalexperiodista @valentinagallegoarana
@faproducciones.sas
⁣
#feriadetuluá #tuluá #feria #hayquesentirla #cabalgata #exposición #ganadería #equinos #industrial #artesania #plantas #cultura #asoferias #tuluacorazondelvalle ⁣
⁣",60,"05/07/2025 17:05",https://www.instagram.com/reel/DJXy9qGxA3R/,"Reel de Instagram",,Total,8060,84,7,6,0,,
18298713586175066,17841402591799685,alcaldiadetulua,"Alcaldía de Tuluá","🌎♻️ Desde la Secretaría de Desarrollo Agropecuario y Medio Ambiente – SEDAMA, participamos del conversatorio “Gestión del Riesgo y Cambio Climático: estrategias para un futuro resiliente” organizado por la UCEVA.

Como ponentes, compartimos acciones clave para mitigar el cambio climático y construir un territorio más sostenible. #ParaSerFelices 💙✨",39,"05/07/2025 14:19",https://www.instagram.com/reel/DJXf19OPsZ_/,"Reel de Instagram",,Total,2940,35,1,1,0,1277,1
18041515406551660,17841402591799685,alcaldiadetulua,"Alcaldía de Tuluá","🚧♿ ¡160 metros lineales de Andenes en el Parque del Comercio!

Continuamos mejorando este sector, construyendo andenes accesibles que acompañarán el nuevo intercambiador de la carrera 30.

Seguimos transformando nuestros espacios públicos para que sean seguros, cómodos y pensados para todos los tulueños. #ParaSerFelices ✅🌿✨",0,"05/07/2025 11:47",https://www.instagram.com/p/DJXOj8xvORc/,"Secuencia de Instagram",,Total,4343,76,4,2,1,2258,0
18166802968341504,17841402591799685,alcaldiadetulua,"Alcaldía de Tuluá","Conoce cómo será el nuevo Intercambiador de la 40 🚧

Un espacio moderno que transformará la movilidad en Tuluá 🚗✨

Conectamos barrios, mejoramos tu camino y construimos futuro
con la visión del alcalde Gustavo Adolfo Vélez Román.

¡El cambio ya está en marcha!
#ParaSerFelices 💪🏼💙",69,"05/07/2025 07:00",https://www.instagram.com/reel/DJWtgmngfTx/,"Reel de Instagram",,Total,9600,292,86,32,11,4869,7
18056373683266680,17841402591799685,alcaldiadetulua,"Alcaldía de Tuluá","¡Así vivimos la socialización del Intercambiador Vial de la 40! 🛣️✨

Hablamos con la comunidad sobre este nuevo proyecto, una obra estratégica que conectará a Tuluá de norte a sur.

Atendimos preguntas y reafirmamos nuestro compromiso con una ciudad más ágil y ordenada. #ParaSerFelices ✅💪🏼",54,"05/06/2025 16:04",https://www.instagram.com/reel/DJVGO5MPVZV/,"Reel de Instagram",,Total,7318,80,7,8,0,2528,0
18503763064040999,17841402591799685,alcaldiadetulua,"Alcaldía de Tuluá","¡Más del 80% de los estudiantes beneficiados con el Programa de Alimentación Escolar! 🥗✨

Verificamos instalaciones y garantizamos espacios seguros para nuestros niños y niñas. ✅🏫

Un programa hecho con mano de obra 100% tulueña 👩‍🍳👨‍🍳 #ParaSerFelices",36,"05/06/2025 12:56",https://www.instagram.com/reel/DJUxb6Rv8RZ/,"Reel de Instagram",,Total,3589,38,1,0,0,1499,0
18042317990447424,17841402591799685,alcaldiadetulua,"Alcaldía de Tuluá","¡Socializamos el nuevo Intercambiador Vial de la carrera 40! 🚧🛣️

El alcalde @gustavovelezr, les presentó a los tulueños una obra que mejorará la movilidad en un punto clave de nuestro municipio, conectando barrios, comercio e instituciones con el Centro del Valle. 🌆🤝

Escuchamos a la comunidad y resolvimos dudas juntos de acuerdo a esta Obra #ParaSerFelices 💙✅",0,"05/06/2025 06:52",https://www.instagram.com/p/DJUICRig03P/,"Secuencia de Instagram",,Total,4674,176,2,1,0,2594,1
18080079556616407,17841402591799685,alcaldiadetulua,"Alcaldía de Tuluá","¡Llegó el Festival de la Marimba! ✅🥳

El gran festival del Pacífico está aquí con todo el sabor, el ritmo y la alegría que nos caracteriza
Este sábado 10 de mayo 🗓️ desde las 9:00 a.m. ⏰ en el Coliseo de Pesas Aymer Orozco Baeza 🏟️

Gastronomía 🍲, cultura 🎶, y toda la oferta institucional 🏛️ que tenemos para ti desde la Administración Municipal

¡No te lo pierdas! ❗
Ven y vive con nosotros estos espacios #ParaSerFelices ✨✅💪🏼",0,"05/05/2025 18:13",https://www.instagram.com/p/DJSxQK0v2nY/,"Imagen de Instagram",,Total,4902,52,19,2,3,2552,0
18341451469090830,17841405319886733,central_de_transportes_tulua_,"Tulua central de transportes • Terminal Tulua • transporte Tuluá","Así se vivió la gran final del Festival de Música Popular Infantil en la Central de Tuluá: una jornada llena de magia, talento e ilusión. 

Los pequeños artistas brillaron con sus voces, emocionando al público. 

Al final, se premiaron los puestos 1°, 2° y 3°, celebrando el esfuerzo y pasión de todos los participantes.

#musica #centraldetransportesdetuluá #viajaconfiableyseguro #conectandosueños #concurso",31,"05/05/2025 17:44",https://www.instagram.com/reel/DJSttGjN9oB/,"Reel de Instagram",,Total,1764,27,1,1,0,,
17891513697235243,17841402909298602,tuluaferia,"Feria de Tuluá Oficial","A veces cerramos los ojos y volvemos allí:  a los bellos atardeceres en el coliseo 🌅, al sonido de la música 🎶, al sabor de la plazoleta del mecato 🍬…
Y a esos abrazos fuertes al reencontrarnos con los amigos y familiares que hoy no están. 🎉🥳🎆.

La Feria nos enseñó a querer este pedacito de tierra llamado TULUÁ 🌿✨.

Compartínos tu recuerdo aquí.. 👇

@julianelpato @elpatobrunch @andreapalta_ @johnalexperiodista @valentinagallegoarana
@faproducciones.sas

#feriadetuluá #tuluá #feria #hayquesentirla #cabalgata #exposición #ganadería #equinos #industrial #artesania #plantas #cultura #asoferias #tuluacorazondelvalle",50,"05/05/2025 17:05",https://www.instagram.com/reel/DJSpbX7xdPj/,"Reel de Instagram",,Total,26652,175,39,37,0,,
18155129074368021,17841402591799685,alcaldiadetulua,"Alcaldía de Tuluá","¡El trabajo no se detiene!💪🏼

Hoy estamos con el IMDER 🏃‍♂️, el apoyo de los tulueños 💙 y el Club Semilla Tuluá 🌱, ¡continuando con el embellecimiento del Estadio Doce de Octubre! 

🏟️Pintamos las graderías de la zona occidental 🎨 y cada vez se ve más bonito.Le apostamos al deporte, la recreación y al amor por nuestra ciudad ⚽️ Con obras #ParaSerFelices ✨✅",40,"05/05/2025 08:18",https://www.instagram.com/reel/DJRtC5Wg9jj/,"Reel de Instagram",,Total,3902,70,1,6,2,2538,0
18048691649582203,17841402591799685,alcaldiadetulua,"Alcaldía de Tuluá","#ResumenSemanal | Conoce aquí las noticias más destacadas de la semana ➡️➡️ 45 segundos #ParaSerFelices ✅✌🏽",54,"05/03/2025 16:15",https://www.instagram.com/reel/DJNaBG1PLk3/,"Reel de Instagram",,Total,5993,53,8,0,1,2046,0
17964811772878544,17841440739178712,policiavalledelcauca,"Policia Valle del Cauca","📍Tulua-| Realizamos jornada preventiva #DesarmeVoluntario,para  reducir la violencia y delitos relacionados con armas de fuego y elementos corto-punzantes, promoviendo la entrega voluntaria de estos elementos.🚔

Los juegues bélicos no son aptos para nuestros niños, niñas y adolescentes ya que incentivan a la violencia. 👦🏾

@proteccionponal
#YoSoyPAIS 
#PoliciaComunitaria 
#PoliciaGaula 
#PoliciaCarabineros",0,"05/01/2025 09:33",https://www.instagram.com/p/DJHijDANrfm/,"Secuencia de Instagram",,Total,3228,71,3,2,0,,
18045315698151689,17841402591799685,alcaldiadetulua,"Alcaldía de Tuluá","¡Hoy le pusimos el casco a la seguridad vial! 🪖🛵⚠️
Con el Departamento de Movilidad y Seguridad Vial 🚦🚗 en alianza con la Agencia Nacional de Seguridad Vial 🇨🇴, realizamos una jornada de capacitación para todos los tulueños 🧠🫱.

A través de módulos de prevención 🛑, seguridad 🦺 y reglamentación 📘, sensibilizamos a la comunidad sobre la importancia de viajar seguros y responsables ✅🚍. #ParaSerFelices",64,"05/01/2025 06:33",https://www.instagram.com/reel/DJHN3jsxf74/,"Reel de Instagram",,Total,3678,31,0,0,0,1394,0
18042122255449108,17841402591799685,alcaldiadetulua,"Alcaldía de Tuluá","Entregamos el remodelado puesto de salud del barrio Nuevo Farfán 🏥✨

Un espacio renovado del hospital Rubén Cruz Vélez donde los tulueños podrán acceder GRATIS a servicios de medicina general, odontología y acompañamiento psicosocial 🩺🦷❤️‍🩹
¡Seguimos trabajando por una Tuluá donde la salud es prioridad, porque trabajamos #ParaSerFelices!💙💪🏼",63,"04/30/2025 15:28",https://www.instagram.com/reel/DJFmRgZxb2L/,"Reel de Instagram",,Total,4960,37,2,0,0,1366,0
17905431237140335,17841402591799685,alcaldiadetulua,"Alcaldía de Tuluá","🚧 ¡La Calle 27 ya se conecta con el futuro de Tuluá! 🚗💨

Hoy la Administración Municipal, junto a la Secretaría de Hábitat e Infraestructura, Infituluá y el Departamento de Movilidad, socializó la habilitación del nuevo tramo de la Calle 27 🙌
Una vía que permitirá:
➡️ Desembotellar la zona céntrica
➡️ Conectar el oriente con el occidente
➡️ Mejorar la movilidad para todos los tulueños 🛣️🚦

En pocos días realizaremos la apertura oficial 🥳 ¡Seguimos construyendo obras que transforman la ciudad!
#ParaSerFelices",54,"04/29/2025 18:03",https://www.instagram.com/reel/DJDTL7-PL30/,"Reel de Instagram",,Total,51438,317,36,19,8,6426,3
17885602308262287,17841402591799685,alcaldiadetulua,"Alcaldía de Tuluá","¡La salud volvió a Nuevo Farfán! 🏥✨💙

Hoy el alcalde Gustavo Vélez hizo la reapertura oficial del Puesto de Salud del Hospital Rubén Cruz Vélez en el barrio Nuevo Farfán 🏡🙌 Un espacio totalmente renovado y remodelado para brindar atención con calidad y calidez a más de 1.500 tulueños cada mes ✅

Aquí encontrarás:
👨‍⚕️ Consulta de medicina general
🦷 Odontología
🧠 Acompañamiento psicosocial

¡La salud vuelve al barrio Nuevo Farfán! Porque seguimos haciendo obras para los tulueños con salud y bienestar 🫶#ParaSerFelices",0,"04/29/2025 16:23",https://www.instagram.com/p/DJDH2NWvwFQ/,"Secuencia de Instagram",,Total,7108,189,7,1,3,3815,1
18079495426775242,17841402591799685,alcaldiadetulua,"Alcaldía de Tuluá","¡Seguimos apoyando a nuestros campesinos tulueños! 💪🏼✅

Hoy acompañamos la entrega de insumos agrícolas 🌱 gracias al proyecto Valleagro Paraíso Agrícola, una iniciativa de la @gobvalle 🌾.

Desde la Alcaldía de Tuluá, junto al alcalde @gustavovelezr 🤝 y la SEDAMA, respaldamos a las 132 familias rurales beneficiadas con este importante programa que fortalece el campo y la economía local 👨‍🌾👩‍🌾.
#ParaSerFelices",0,"04/29/2025 11:22",https://www.instagram.com/p/DJClcLrP_ml/,"Secuencia de Instagram",,Total,4143,120,2,2,1,2491,0
18407342155100131,17841402591799685,alcaldiadetulua,"Alcaldía de Tuluá","🚍✨Verificando y Garantizando calidad en el transporte escolar 🧐✅.

👦👧 Nuestros niños y niñas merecen llegar seguros y cómodos a sus clases 📚💛. Por eso desde las 6:00 a. m. estamos en las calles de la zona urbana plana acompañando a nuestros niños y verificando que tengan un transporte escolar de calidad. 🏙️ 
Seguimos trabajando con compromiso y 💖 para garantizar su acceso a la educación 🎒✏️. ¡Porque ellos son el presente y el futuro de nuestro municipio! 🌟 #ParaSerFelices",41,"04/29/2025 07:53",https://www.instagram.com/reel/DJCNbolAqgS/,"Reel de Instagram",,Total,6873,89,2,7,4,2003,0
18360542110177438,17841402591799685,alcaldiadetulua,"Alcaldía de Tuluá","🎶🎭 ¿Ya conoces los talleres que tenemos en el Centro Cultural del Barrio La Cruz? 🎨🧵

📢 Inscripciones abiertas en la 📍Casa de la Cultura Enrique Uribe White. 
💡 Si vives en el barrio La Cruz, puedes disfrutar de manera gratuita los talleres de: música, percusión, teatro, baile para adulto mayor, bordado, artes plásticas ¡y mucho más para todos! en el Centro Cultural Gustavo Adolfo Jaramillo. 🎹🎭👵🎨🪡 
¡No te quedes por fuera! 🎉✨ #ParaSerFelices 💙✅",0,"04/28/2025 14:27",https://www.instagram.com/p/DJAVysbvmvn/,"Secuencia de Instagram",,Total,3289,64,3,2,4,2006,0
17876472828322088,17841400356362656,infitulua,"INFITULUÁ E.I.C.E","¡Última etapa de obra para la culminación de la obra de la Carrera 28 en Tuluá! 🚧📢

Estamos terminando con la pavimentación de los últimos 20 metros lineales de esta obra en el sector de la Trinidad, 🏗 donde ha surgido un afloramiento de aguas subterráneas que estamos procediendo con su impermeabilización mediante pantalla de protección. 

De esta manera seguimos trabajando para construir ciudad 🛣 

 #ParaSerFelices 💙",39,"04/28/2025 10:18",https://www.instagram.com/reel/DI_4tZ7J5jL/,"Reel de Instagram",,Total,4427,94,9,5,4,2552,2
17917838840983185,17841402591799685,alcaldiadetulua,"Alcaldía de Tuluá","🎉 ¡Así se vivió el Carnaval del Juego 2025! 🎠✨

Un día lleno de sonrisas, juegos, premios y mucha alegría en el Parque de la Guadua, donde celebramos a nuestros niños y niñas como se merecen. 🧒👧 Nuestra gestora social, Luz Elena Londoño, acompañó esta gran fiesta, que fue pura magia, amor y felicidad. 💖 ¡Gracias a todos los que hicieron parte de esta celebración inolvidable!
¡Seguimos construyendo una #NiñezFeliz en una Tuluá #ParaSerFelices! 🎊🎈

#CarnavalDelJuego2025 🎯🎲👾 #SúmateJugando #DíadelaNiñez",61,"04/28/2025 09:49",https://www.instagram.com/reel/DI_1wHzvCJ_/,"Reel de Instagram",,Total,3715,49,5,0,1,1410,0
18067618970478921,17841402591799685,alcaldiadetulua,"Alcaldía de Tuluá","¡Así vivimos el Primer Día del Contest BMX en el SkatePark Niko Tigreros! 🚴‍♂️🔥

Hoy compartimos espacios con la comunidad en este importante escenario deportivo, durante nuestra Jornada Descentralizada.

Emprendimiento, deporte y talento se unieron en una jornada llena de energía y pasión 🛹✨.
Además, llevamos Atención SISBÉN, vacunación y programas de prevención, acercando los servicios de la Administración Municipal a todos los tulueños. ✅

El BMX Freestyle, ahora como deporte olímpico, nos impulsa a soñar en grande junto a nuestros bikers. 🚀
#ParaSerFelices",0,"04/26/2025 17:36",https://www.instagram.com/p/DI7hyEWvA0k/,"Secuencia de Instagram",,Total,4781,138,4,2,0,2545,0
18084258322634275,17841402591799685,alcaldiadetulua,"Alcaldía de Tuluá","#ResumenSemanal | Conoce aquí las noticias más destacadas de la semana ➡️➡️ 45 segundos #ParaSerFelices ✅✌🏽",55,"04/26/2025 16:00",https://www.instagram.com/reel/DI7WwMZvWtd/,"Reel de Instagram",,Total,5638,62,10,2,2,2118,1
17921086955963353,17841402591799685,alcaldiadetulua,"Alcaldía de Tuluá","¡Así hemos vivido este gran día! 🎉👧🧒

Con alegría, diversión, premios y muchísimas sonrisas nuestra gestora social, Luz Elena Londoño, compartió y celebró el Carnaval del Juego 2025 en honor a nuestros niños y niñas en el Parque de la Guadua. 🥳

¡Un día lleno de magia y felicidad para construir una #NiñezFeliz y una Tuluá #ParaSerFelices! ✨🎈
¡Gracias por ser parte de esta fiesta!

#CarnavalDelJuego2025 #NiñezFeliz 🎠🎊

@gobvalle @equidadvalle",0,"04/26/2025 13:47",https://www.instagram.com/p/DI7HlXuvKcb/,"Secuencia de Instagram",,Total,6435,134,6,1,3,3504,0
18044026175429776,17841440739178712,policiavalledelcauca,"Policia Valle del Cauca","#AEstaHora en Consejo de Seguridad con @alcaldiadetulua trabajamos conjuntamente sobre las medidas preventivas y dispositivos de seguridad que activaremos en el marco de los últimos hechos presentados. 

#TrinomioDeLaSeguridad

#ConstruyendoSeguridad",0,"04/26/2025 13:14",https://www.instagram.com/p/DI7D1Mvysk_/,"Secuencia de Instagram",,Total,4618,119,0,2,0,,
17867148336281379,17841402591799685,alcaldiadetulua,"Alcaldía de Tuluá","¡YA INICIÓ EL CARNAVAL DEL JUEGO! 🎉🎈

Hoy el Parque de la Guadua se llena de sonrisas, diversión y muchísimos juegos para todos los niños y niñas 👧🧒
¡La entrada es GRATIS! Ven y disfruta hasta las 5:00 p.m. ⏰

Hay sorpresas, alegría y mucha diversión esperándote… ¡No te lo pierdas! ✨#ParaSerFelices

#CarnavalDelJuego2025 #NiñezFeliz #ParaSerFelices 🎠🎊",0,"04/26/2025 09:26",https://www.instagram.com/p/DI6puhOgAe7/,"Secuencia de Instagram",,Total,4003,122,3,0,3,1988,0
17845124379466005,17841402591799685,alcaldiadetulua,"Alcaldía de Tuluá","ASÍ VIVIMOS NUESTRA RENDICIÓN DE CUENTAS 2024 ✨

Un espacio para contarle a los tulueños todo lo que hemos logrado juntos durante el año 2024.🙌
Seguimos trabajando con el corazón por una Tuluá #ParaSerFelices💙💪🏼",34,"04/25/2025 17:01",https://www.instagram.com/reel/DI44-yePCyB/,"Reel de Instagram",,Total,3226,48,3,0,1,1294,0
17969474123740132,17841465213107155,tuluaculturacol_,"DEPARTAMENTO DE ARTE Y CULTURA","Ya somos casi 200 estudiantes participando activamente en nuestros talleres del Centro Cultural Fernán Muñoz de Aguaclara… ¡y seguimos creciendo! 🚀

Este logro demuestra que la cultura está más viva que nunca en nuestra comunidad.
Gracias a cada niño, joven y adulto que cree en estos espacios como caminos de aprendizaje, expresión y transformación.

Desde la administración municipal y el Departamento Administrativo de Arte y Cultura, seguimos apostándole al talento local.
¡Ven y haz parte tú también! ❤️",59,"04/25/2025 16:09",https://www.instagram.com/reel/DI4yuZORN9Q/,"Reel de Instagram",,Total,1711,43,3,2,0,,
17967712391747021,17841402591799685,alcaldiadetulua,"Alcaldía de Tuluá","✨💙 Un año de retos, un año de logros... y un gran equipo detrás de cada paso.

Gracias al compromiso incansable de un equipo humano que trabaja con el corazón, hoy entregamos una jornada de transparencia, resultados y amor por nuestro municipio. 🏙️💪🏼🫱🏼‍🫲🏽📈

¡Gracias Tuluá por creer, por acompañarnos y por permitirnos servirte! #ParaSerFelices 🙏🏻💙",44,"04/25/2025 14:32",https://www.instagram.com/reel/DI4n2y7vzES/,"Reel de Instagram",,Total,5480,138,48,5,1,3187,0
17872886409242489,17841402591799685,alcaldiadetulua,"Alcaldía de Tuluá","¡Rendición de Cuentas 2024! 📈📊✅

Una jornada de transparencia, logros y compromiso con Tuluá.
El ingeniero Gustavo Adolfo Vélez Román (@gustavovelezr) comparte con la ciudadanía los avances de su gestión al frente de la Alcaldía Municipal en la vigencia 2024.

#ParaSerFelices 💙✌🏽",0,"04/25/2025 08:31",https://www.instagram.com/p/DI3-oNMA0ep/,"Secuencia de Instagram",,Total,5010,147,6,1,1,2734,0
17854010586386503,17841465258460662,secre.bienestarsocialtulua,"SECRETARIA DE BIENESTAR SOCIAL","¡Reconociendo el poder de nuestras mujeres!
Con orgullo celebramos la entrega de certificados del taller sobre empoderamiento femenino, un espacio transformador en el que participaron 80 madres del municipio de Tuluá.

Gracias al trabajo conjunto entre la Coordinación de Mujer y el programa de Renta Ciudadana, seguimos apostándole al crecimiento personal, la autonomía y el liderazgo de las mujeres tulueñas.

¡Felicitaciones a todas las participantes por su compromiso y fuerza!
Este es solo el comienzo de grandes cosas.",0,"04/24/2025 09:09",https://www.instagram.com/p/DI1eQe_JJ2S/,"Secuencia de Instagram",,Total,6298,113,2,0,0,,
18043319651176335,17841402591799685,alcaldiadetulua,"Alcaldía de Tuluá","🎉 ¡Prepárate para un día inolvidable! 🪅

Estas son las recomendaciones que debes tener en cuenta para disfrutar al máximo este sábado, 26 de abril, en el #CarnavaldelJuego 🎭✨ 
👉 Desliza y descubre todo lo que necesitas para vivir un día lleno de magia, alegría y diversión en el 📍 Parque de la Guadua. 🌈🎈

¡Porque estaremos listos #ParaSerFelices! 💃🕺💫",0,"04/24/2025 08:51",https://www.instagram.com/p/DI1cKxxp4rm/,"Secuencia de Instagram",,Total,2405,31,10,0,0,1468,0
18056714905949458,17841465258460662,secre.bienestarsocialtulua,"SECRETARIA DE BIENESTAR SOCIAL","¡Invitación Especial al Día del Niño!
Prepárate para un día lleno de juegos, risas y sorpresas en el Parque de la Guadua en Tuluá.
Este sábado 26 de abril, desde las 10:00 a.m. hasta las 5:00 p.m., ven con tu familia y celebra con nosotros.

¡Habrá actividades, regalos, diversión y mucha alegría para los más pequeños!
¡Te esperamos con los brazos abiertos!",46,"04/24/2025 05:39",https://www.instagram.com/reel/DI1GAsURox9/,"Reel de Instagram",,Total,4073,101,23,2,0,,
18044821184610888,17841402591799685,alcaldiadetulua,"Alcaldía de Tuluá","🎉👧🧒 ¡El Parque de la Guadua se llena de magia por el Día del Niño! 🎈🎠

Este 26 de abril prepárate para una aventura inolvidable 🌳✨. Ya tenemos listo el mapa con la ruta y todas las estaciones 🗺️ donde la diversión no se detiene.

🎯 Juegos, shows, sorpresas, dulces y muchas sonrisas te esperan… ¡Y lo mejor de todo: ENTRADA GRATIS! 😍🎁

📍 Aquí lo encontrarás TODO. Solo faltas tú… ¡Te esperamos! #ParaSerFelices💙✌🏼",0,"04/23/2025 15:59",https://www.instagram.com/p/DIzoReysdQS/,"Secuencia de Instagram",,Total,3521,63,28,0,6,2006,3
18338286157093269,17841402591799685,alcaldiadetulua,"Alcaldía de Tuluá","¿Sabes qué es una Rendición de Cuentas? 🤔
¿Sabías que tú puedes participar y hacer parte del control ciudadano?
🔍
Este viernes no te pierdas nuestro Informe de Gestión 2024
Ingresa a nuestro portal web y podrás: 
📊 Ver el informe
✍️ Inscribir tus propuestas

📲 Conéctate este 25 de abril a las 9:00 a.m. por Facebook Live 🔴🔵
¡La participación ciudadana también es #ParaSerFelices! ✅💙",53,"04/23/2025 10:22",https://www.instagram.com/reel/DIzBqsGsUyC/,"Reel de Instagram",,Total,3297,24,2,1,0,1202,1
17924961567060025,17841402591799685,alcaldiadetulua,"Alcaldía de Tuluá","📚✨ ¡Nos preparamos para las Pruebas Saber 11! 🚀

Con la Secretaría de Educación hicimos un recorrido por nuestras instituciones educativas 🏫, donde realizamos el primer simulacro de las Pruebas Saber 11 📝. 💪 Estamos comprometidos con mejorar la calidad educativa y preparar a nuestros estudiantes para que alcancen los mejores puntajes 🎓🏆 🇨🇴🎯 Educación #ParaSerFelices ✌🏼💙",52,"04/23/2025 06:46",https://www.instagram.com/reel/DIyo99bpCrd/,"Reel de Instagram",,Total,11838,62,7,1,1,3360,0
17933613524908449,17841402591799685,alcaldiadetulua,"Alcaldía de Tuluá","¡Seguimos con la Inspección y verificación en Tuluá! 🕵️‍♂️🏘️
🏘️ En esta ocasión, con la Secretaría de Gobierno y nuestros Gestores de Convivencia, estamos realizando inspecciones a establecimientos residenciales para garantizar que cumplan con toda la 📄 documentación y la 📚 reglamentación vigente.

✅ ¡Trabajamos por un municipio ordenado y en regla! 📍Recuerda: las leyes son para todos. 💪⚖️",26,"04/22/2025 16:46",https://www.instagram.com/reel/DIxI4TzvCai/,"Reel de Instagram",,Total,6926,39,4,0,4,2279,0
18142301752376751,17841465258460662,secre.bienestarsocialtulua,"SECRETARIA DE BIENESTAR SOCIAL","Entrega de Mercados a Madres Gestantes y Lactantes en Tuluá

Gracias al convenio entre la Gestora Social del municipio de Tuluá y la Fundación Gotitas de Amor Éxito, se realizó con éxito la entrega de 100 mercados a madres gestantes y lactantes de nuestra comunidad.

Esta articulación refleja el compromiso por el bienestar y la nutrición de las madres y sus bebés, fortaleciendo el acompañamiento en esta etapa tan importante de sus vidas.

¡Seguimos trabajando unidos por el bienestar de las familias tulueñas!",0,"04/22/2025 08:58",https://www.instagram.com/p/DIwTUuTpX9o/,"Secuencia de Instagram",,Total,7654,119,9,14,0,,
17896387629089669,17841402591799685,alcaldiadetulua,"Alcaldía de Tuluá","85 cuidadores certificados para transformar vidas 🎓💙

Gracias a un proceso liderado por la Secretaría de Bienestar Social en articulación con el SENA, 85 personas que han dedicado su vida al cuidado de adultos mayores y personas con discapacidad, hoy reciben su certificación en nivel avanzado. 👩‍⚕️👨‍⚕️

Con esto, seguimos construyendo una Tuluá más amable e incluyente, donde el trabajo y la vocación de servicio son reconocidos y valorados. 💙 #ParaSerFelices",0,"04/22/2025 06:59",https://www.instagram.com/p/DIwFv4wAbBq/,"Secuencia de Instagram",,Total,5757,109,0,1,7,3319,0
18071316835932898,17841402591799685,alcaldiadetulua,"Alcaldía de Tuluá","🕊️ Unidos por la memoria y la dignidad de los que ya no están

Hoy con todo el Gabinete Municipal del alcalde @gustavovelezr y @concejomunicipaltulua, acompañamos la conmemoración del primer año de fallecimiento de Carlos Arturo Londoño, Clarivet Ocampo y Eliecid Ávila Ávila. 

🌹Un acto impulsado por sus familias, el municipio y la @fundacioninmemoriam11, en Memoria a los 11 Diputados, para honrar su vida, su legado y reafirmar nuestro compromiso con la paz, la verdad y la democracia.",0,"04/21/2025 09:58",https://www.instagram.com/p/DIt1c3lvaa0/,"Secuencia de Instagram",,Total,4230,101,4,1,4,2357,1
18265252201273702,17841408456849658,equidadvalle,"Secretaría de Equidad Valle","¿Sabías que existen medidas de atención para mujeres en riesgo por violencias basadas en género?

Conoce más aquí 👉🏻👉🏻",0,"04/21/2025 05:03",https://www.instagram.com/p/DItTrmasues/,"Secuencia de Instagram",,Total,2513,41,3,0,0,,
18068140918751446,17841465213107155,tuluaculturacol_,"DEPARTAMENTO DE ARTE Y CULTURA","¡Hoy Tuluá vibró con el folclor y la fe!
Nuestro municipio fue el escenario del IX Festival Nacional de Danza Folclórica Religiosa ✨ un verdadero Encuentro de Paz, Fe y Tradición.

Agrupaciones de México, Guaviare, Huila, Cundinamarca, Nariño, Quindío y Valle del Cauca nos deleitaron con sus danzas llenas de color, devoción y cultura
🌎💃🕊️

Desde la Procesión al Niño Jesús hasta la Danza a Nuestra Señora de Aranzazu, cada presentación fue un homenaje al alma de nuestros pueblos.

¡Gracias a todos los grupos y asistentes por hacer de este día una celebración inolvidable!
¡Que viva el folclor colombiano!",60,"04/19/2025 17:43",https://www.instagram.com/reel/DIpg0ONxPXd/,"Reel de Instagram",,Total,3380,115,8,18,0,,
17869059510260059,17841440739178712,policiavalledelcauca,"Policia Valle del Cauca","Departamento de Policía Valle 🚨

En el marco del Plan Semana Santa Segura 2025, nos encontramos realizando puestos de control en puntos estratégicos del municipio de Tuluá, con el fin de garantizar la seguridad y convivencia ciudadana. 👮‍♂️👮‍♀️

🚔 Nuestro compromiso es velar por el bienestar de todos los ciudadanos y visitantes durante esta temporada.

🙏🏼 ¡Trabajamos por una Semana Santa en paz!",46,"04/17/2025 07:27",https://www.instagram.com/reel/DIjQyrYMyYU/,"Reel de Instagram",,Total,5996,85,1,0,0,,
18400109266108927,17841402591799685,alcaldiadetulua,"Alcaldía de Tuluá","🎉 ¡Conoce el Consejo Municipal de Juventudes! 🗣️💚

Si tienes entre 14 y 28 años, esta info es para ti 👀👇
El CMJ es un espacio de participación ciudadana donde los jóvenes pueden alzar la voz, proponer ideas 💡 y trabajar por el futuro de Tuluá 🙌🏼. Muy  pronto te contaremos más ✅",30,"04/16/2025 13:04",https://www.instagram.com/reel/DIhRUB7PQZW/,"Reel de Instagram",,Total,8468,75,15,2,4,4003,2
18078220477687736,17841402591799685,alcaldiadetulua,"Alcaldía de Tuluá","¡Agéndate esta Semana Santa! ✝️

Tuluá te espera con una programación especial para vivir la Semana Mayor en paz ✨, reflexión 🙏 y tradición ⛪

Descubre aquí todo lo que nuestras iglesias tienen preparado 📅🕊️

¡Ven a Tuluá y vive una experiencia única! #ParaSerFelices 💙",0,"04/16/2025 08:52",https://www.instagram.com/p/DIg11y0AcES/,"Secuencia de Instagram",,Total,7186,49,5,0,6,2616,0
18037761740270946,17841400356362656,infitulua,"INFITULUÁ E.I.C.E","🌙🛠️ ¡Toda la noche trabajando por Tuluá! 🚧

Mientras dormías, nosotros dejamos la carrera 30 y su intercambiador a punto de estreno.

Hoy ya luce casi lista y estamos ultimando detalles de señalización, coordinando semáforos y dejando todo en regla para que los tulueños la usen sin problema.

🚦✅ ¡Así continuamos mejorando nuestra movilidad! #ParaSerFelices",34,"04/16/2025 06:23",https://www.instagram.com/reel/DIgkrZVgLH_/,"Reel de Instagram",,Total,5375,120,21,8,1,2827,2
18158663401357576,17841402591799685,alcaldiadetulua,"Alcaldía de Tuluá","🚧¡Seguimos socializando en la carrera 30!➡️

Estamos hablando con los tulueños sobre el cambio de sentido vial en la carrera 30 y el nuevo intercambiador. ↩️
¡Recuerda que este sector ya tiene una nueva dirección! 🚗
Asi mejoramos la movilidad en nuestro municipio #ParaSerFelices. ✅💪🏼💨",48,"04/15/2025 17:10",https://www.instagram.com/reel/DIfJDJ3PRh6/,"Reel de Instagram",,Total,22931,192,20,10,7,5866,2
17946927428966853,17841402591799685,alcaldiadetulua,"Alcaldía de Tuluá","🎨💪 ¡Estamos renovando el  Doce de Octubre!

La casa del deporte tulueño se está transformando 🏟️✨ con la recuperación de la grama, las graderías y muy pronto la pista atlética 🏃‍♀️🏃, este escenario vuelve a ser ese lugar lleno de pasión, comunidad y movimiento 💙💪🏼

Aquí entrenan nuestros niños, jóvenes y deportistas. ¡Y ahora lo podrán hacer en un estadio más bonito, más seguro y más activo! 🏆 #ParaSerFelices ✌🏼",43,"04/15/2025 13:08",https://www.instagram.com/reel/DIeuZQ7PTh1/,"Reel de Instagram",,Total,15409,122,2,8,0,2689,0
17929182000036588,17841402591799685,alcaldiadetulua,"Alcaldía de Tuluá","🚦 ¿Ya conoces cómo funciona el nuevo intercambiador? 👀

🚗 Con el nuevo intercambiador, debes conocer el nuevo sentido vial: Si vienes en sentido norte-sur hacia el centro, ahora debes tomar la Carrera 29A hasta la Calle 25, donde podrás acceder al intercambiador o girar a la derecha.
📍La Carrera 30 cambia y ahora será en un solo sentido: sur-norte. 👷‍♂️ Ya iniciamos la demarcación vial y estamos socializando con la comunidad junto al equipo de Movilidad y nuestros agentes de tránsito.

⚠️ ¡Maneja con precaución y respeta la señalización!✅",41,"04/15/2025 07:10",https://www.instagram.com/reel/DIeFYC_gAX1/,"Reel de Instagram",,Total,37118,350,196,23,16,9271,18
17859162768399778,17841405319886733,central_de_transportes_tulua_,"Tulua central de transportes • Terminal Tulua • transporte Tuluá","¡Así se vivió la primera gala de eliminatorias del Festival Infantil de música popular de la @lacarinosatulua en la Central de Transportes!

El pasado sábado, 12 pequeños artistas subieron al escenario con una sola meta: conquistar al público y al jurado con su talento; quedaron seleccionados 10 semifinalistas que siguen soñando con convertirse en grandes cantantes.

¡Gracias a todos los que hicieron parte de esta increíble jornada!

Semifinal el próximo 26 de abril en el parque de la guadua y la gran final el 3 de mayo aquí en la central de transportes Tuluá 

Invitan: @alcaldiadetulua @central_de_transportes_tulua_ @lacarinosatulua 

¡La música popular infantil tiene futuro y se vive en nuestra Central!

#centraldetransportesdetuluá #viajaconfiableyseguro #conectandosueños",57,"04/15/2025 06:10",https://www.instagram.com/reel/DId-GXMxN5w/,"Reel de Instagram",,Total,2845,46,9,3,0,,
17866164717280186,17841402591799685,alcaldiadetulua,"Alcaldía de Tuluá","💙 ¡Más de 70 tulueños ya tienen su certificación de discapacidad!

Brindamos atención a los tulueños que actualizaron sus datos y pudieron recibir su certificación de discapacidad, un documento fundamental para acceder a beneficios y programas del Estado.✅💪🏼
Seguimos trabajando con compromiso por una Tuluá más accesible e incluyente. #ParaSerFelices",59,"04/14/2025 16:01",https://www.instagram.com/reel/DIcdS8BvEW-/,"Reel de Instagram",,Total,3093,46,2,0,4,1269,0
17888098320238940,17841402591799685,alcaldiadetulua,"Alcaldía de Tuluá","🎒⚽ ¡El deporte también llega a la zona rural!

Entregamos implementos deportivos para los niños y niñas de los corregimientos La Iberia y Bocas de Tuluá, gracias a una alianza con la Fundación Colomboamericana VivaHope 🤝✨🥹🏃‍♀️🏃‍♂️ Esto es lo que nos mueve: llevar oportunidades reales a cada rincón de Tuluá, especialmente a nuestra zona rural 🌿 Seguimos entregando felicidad, salud y oportunidades para acompañarlos en su crecimiento #ParaSerFelices 🙌",74,"04/14/2025 09:08",https://www.instagram.com/reel/DIbt_vQAxF4/,"Reel de Instagram",,Total,7556,39,10,8,0,2470,1
18059872196032955,17841402591799685,alcaldiadetulua,"Alcaldía de Tuluá","¡Inspección, vigilancia y control este fin de semana!🔍🥩🐟 

Con la Secretaría de Salud, junto a la Secretaría de Gobierno 🏛️ y la Policía Nacional 🚓, iniciamos  operativos en puntos de venta para verificar que los productos sean de calidad y no representen riesgos para la salud de los tulueños.

Porque en esta Semana Santa ✝️, cuidamos la salud #ParaSerFelices 💙",61,"04/13/2025 08:25",https://www.instagram.com/reel/DIZEQYygJEE/,"Reel de Instagram",,Total,7407,46,2,2,2,2450,1
18056234318517872,17841402909298602,tuluaferia,"Feria de Tuluá Oficial","Si vas a la Feria solo por la rumba, te estás perdiendo la mitad del plan... 🔥

Vení y descubrí cada una de las 12 áreas de exposiciones que tenemos para ti, te  vas a sorprender. 💃

¡Vívela del 19 al 23 de Junio ! 

¡Te esperamos oís! 🎉🥳🎆

#feriadetuluá #tuluá #feria #hayquesentirla #cabalgata #exposición #ganadería #equinos #industrial #artesania #plantas #cultura #asoferias #tuluacorazondelvalle",51,"05/06/2025 16:59",https://www.instagram.com/reel/DJVNZlmRvc_/,"Reel de Instagram",,Total,11374,125,21,4,0,,
18130313257408165,17841402591799685,alcaldiadetulua,"Alcaldía de Tuluá","🌟✨ ¡Fin de semana de #RutaDeLaFelicidad en Siete Vueltas! 🎨🎭🎈

Llevamos arte, cultura y recreación a esta comunidad, reafirmando nuestro compromiso de construir un Tuluá más unido y solidario. 💙🏡

💪🏼 ¡Sigamos trabajando juntos por una Tuluá llena de oportunidades y bienestar #ParaSerFelices! 🌍",46,"03/31/2025 13:16",https://www.instagram.com/reel/DH4HTfDvU3Z/,"Reel de Instagram",,Total,3000,31,1,0,0,1131,0
17929231569018408,17841402591799685,alcaldiadetulua,"Alcaldía de Tuluá","🔊 ¿El exceso de ruido te molesta? 🚫🎧

Esta es una problemática que nos afecta a todos 😖 y es importante ponerle control. Si tienes una denuncia, ¡actúa! 📢⚖️

📍 Conoce aquí dónde puedes comunicarte y denunciar.
✅ El cambio comienza contigo. 💪🌎

#ParaSerFelices",50,"03/31/2025 16:52",https://www.instagram.com/reel/DH4gDmGvEtZ/,"Reel de Instagram",,Total,11146,125,31,2,8,3618,0
17897998317171679,17841402591799685,alcaldiadetulua,"Alcaldía de Tuluá","🌟✨ ¡Iniciamos el Mes de la #NiñezFeliz en Tuluá! 🎈🎠

Llegó abril, un mes lleno de risas, juegos y alegría para todos los pequeños de nuestro municipio. 🏃‍♂️🎨🎶 ¡Prepárate para una gran celebración donde conectaremos con la naturaleza! #ParaSerFelices 💙🌿🌻",38,"04/01/2025 09:41",https://www.instagram.com/reel/DH6Tk5kgMgP/,"Reel de Instagram",,Total,5999,65,5,5,1,1595,0
18074744149771597,17841402591799685,alcaldiadetulua,"Alcaldía de Tuluá","🌊💪 ¡Canalización del río Tuluá se activa en dos frentes! 💙🏗️

En esta ocasión, el proceso seguirá en el sector Brisas del Valle y Bomberos Centro, buscando mitigar riesgos y evitar emergencias en esta temporada de lluvias. 🚜☔

🔹 Seguridad para la comunidad.
🔹 Respaldo de la CVC.
🔹 Atención al llamado ciudadano.

📢 ¡Juntos construimos una Tuluá más segura #ParaSerFelices! 💙",32,"04/01/2025 16:47",https://www.instagram.com/reel/DH7EUwhP1iU/,"Reel de Instagram",,Total,6883,62,11,4,1,2228,0
18041158184185893,17841402591799685,alcaldiadetulua,"Alcaldía de Tuluá","🎭🎉 ¡21 comparsas seleccionadas para el Carnaval del Pueblo! 🎉🎭

Las inscripciones cerraron y ahora comienza la competencia 🔥💃🕺. Estos grupos darán todo su talento para llevarse los 10 MILLONES 💰 en el gran Carnaval del Pueblo, este 19 de junio en el marco de la 67 Feria de Tuluá:
 

✅Colegio San Pedro Claver - Galería
✅CEET - Galería
✅Escuela de baile Alquileres López Productions - Galería
✅Academia de baile Pasión y Danza - Coliseo de Ferias
✅Colegio Mercantil - Lago Chilicote
✅Enlace Latino - Coliseo de Ferias
✅Escuela de baile Eclipse - Teatro Sarmiento
✅Sensación Rumbera - Puente de las Brujas
✅Love Dance - Casa de la Cultura
✅Dream Dancing Academia - Puente de las Brujas
✅Academia Ensamble - Teatro Sarmiento
✅Turrones y Caramelos - Jardín Botánico
✅Fundación Chagualos - Parque de la Guadua
✅Carnaval del Príncipe - Galería
✅Fundación Tradición Mestiza - Puente de las Brujas
✅Grupo Cultural Manakin - Galería
✅Colores del Ritmo - Teatro Sarmiento
✅Grupo de Danzas Riofrío - Puente de las Brujas
✅Academia de Danza EMI - Puente de las Brujas
✅Grupo Son Cultura - Casa de la Cultura
✅Club de Porrismo, Baile y Gimnasia Xtreme - Lago Chilicote
✅Colegio San Francisco - Coliseo de Ferias

¿Estás listo para vivir la magia y la alegría del carnaval? 🎊✨ ¡Lo mejor está por llegar! #ParaSerFelices",33,"04/02/2025 09:17",https://www.instagram.com/reel/DH81kaKAYFm/,"Reel de Instagram",,Total,8857,201,40,5,10,4880,5
18136456819396267,17841402591799685,alcaldiadetulua,"Alcaldía de Tuluá","🌿💧 ¡Los humedales son vida! 💧🌿

En Tuluá tenemos tres humedales que juegan un papel clave en el equilibrio ambiental. 🌎✨ Descubre cuáles son y cómo podemos protegerlos juntos. 💚♻️

🔍➡️ Desliza para conocer más.  #ParaSerFelices",0,"04/02/2025 14:25",https://www.instagram.com/p/DH9Y54zvjmr/,"Secuencia de Instagram",,Total,1855,47,0,1,0,1013,0
18092283139562988,17841402591799685,alcaldiadetulua,"Alcaldía de Tuluá","👮‍♂️🚔 Nuevo comandante del GAULA Valle llega a aportar seguridad a Tuluá 🚔👮‍♂️

El Mayor Elmer Rojas asume el mando con firmeza para combatir la extorsión y el secuestro en nuestro municipio. 💪🔒
Desde la @alcaldiatulua, le damos la bienvenida y seguimos firmes en la lucha por una Tuluá más segura. #ParaSerFelices🏡✨",38,"04/03/2025 07:36",https://www.instagram.com/reel/DH_OyRxAf42/,"Reel de Instagram",,Total,5990,84,1,3,3,1865,0
17888285655127470,17841402591799685,alcaldiadetulua,"Alcaldía de Tuluá","🚔🏡 Ofensiva contra el hurto a residencias en Tuluá 🏡🚔

Gracias al trabajo conjunto entre la Administración Municipal, la comunidad y la  Policía Nacional, se logró la captura de un hombre implicado en un millonario robo en el barrio Popular. ⚖️🔒 #ParaSerFelices

Seguimos reforzando la seguridad y previniendo el delito para proteger a nuestros ciudadanos. ¡Denunciar hace la diferencia! 📢👀 #ParaSerFelices",66,"04/03/2025 15:44",https://www.instagram.com/reel/DIAGgzIPK_a/,"Reel de Instagram",,Total,7488,70,2,2,4,2514,0
17940715985863150,17841402591799685,alcaldiadetulua,"Alcaldía de Tuluá","📚✨ Recuperamos, remodelamos y entregamos Centro de Servicios Administrativos del barrio Panamericano 🏫✅, 

Este espacio, que por años estuvo en abandono, hoy vuelve a la vida para beneficiar a estudiantes, docentes y toda la comunidad académica de la Institución Educativa Julia Restrepo 🙌 🎉👩‍🏫👨‍🎓.

🗣️ 💪🔧 ¡La transformación apenas comienza! Seguimos trabajando por una educación digna y de calidad 💙📖
#ParaSerFelices",46,"04/04/2025 08:53",https://www.instagram.com/reel/DIB8dEgAYul/,"Reel de Instagram",,Total,4387,106,8,7,3,2447,0
17928976925918435,17841402591799685,alcaldiadetulua,"Alcaldía de Tuluá","La carne que consumes ¡debe estar en buen estado! 🥩⚠️
Desde hoy rige el Decreto 2016 de 2023 📜 y arrancan los controles en expendios de carne ❄️🔍🚓

Si huele mal 👃, cambia de color 🎨 o no está refrigerada 🧊... ¡No la compres! ❌🛑
La salud es primero ✅ #ParaSerFelices",0,"04/04/2025 15:01",https://www.instagram.com/p/DICmneDPyKn/,"Secuencia de Instagram",,Total,3221,28,1,0,1,1552,0
18077565358704297,17841400066779739,gustavovelezr,"Gustavo Adolfo Vélez Román","🎊💙 Feliz aniversario Central de Transportes de Tuluá 🚍✨

Una gran celebración donde recordamos cómo nació esta institución que durante 5 décadas ha sido punto de encuentro, partida y destino para miles de tulueños y vallecaucanos ✅ y que cada día se transforma más en un espacio #ParaSerFelices 💙💪🏼 🎊",0,"04/05/2025 06:57",https://www.instagram.com/p/DIET70bxs_r/,"Secuencia de Instagram",,Total,10188,305,6,5,0,,
17902592544153279,17841402591799685,alcaldiadetulua,"Alcaldía de Tuluá","¡La niñez se celebra jugando! 🎈👧🧒

Este 26 de abril vive el Carnaval del Juego 2025 en el Parque de la Guadua 🎊
Diversión, juegos y muchas sonrisas te esperan desde las 10:00 a.m. 🕙
¡No faltes! #ParaSerFelices 

#CarnavalDelJuego2025 #NiñezFeliz 🎠🎊💪🏼",0,"04/05/2025 12:50",https://www.instagram.com/p/DIE8Y1hPFzI/,"Imagen de Instagram",,Total,5703,43,21,0,3,3329,2
18335842909089246,17841402591799685,alcaldiadetulua,"Alcaldía de Tuluá","#ResumenSemanal | Conoce aquí las noticias más destacadas de la semana ➡️➡️ 45 segundos #ParaSerFelices ✅✌🏽",87,"04/05/2025 16:28",https://www.instagram.com/reel/DIFVNzqP7HW/,"Reel de Instagram",,Total,5593,83,5,3,0,1920,0
18120678403452099,17841405319886733,central_de_transportes_tulua_,"Tulua central de transportes • Terminal Tulua • transporte Tuluá","¡Celebramos 50 años conectando sueños y moviendo a Colombia! 🇨🇴✨ 

Fue una noche llena de historia 📚, alegría 🎉, música del Valle 🎶, sabores típicos 🥘 y talento vallecaucano en escena 💃🕺. 
Vivimos un show de mapping espectacular 🌟 que iluminó nuestro camino y presentamos con orgullo nuestro nuevo logo✅, reflejo de evolución y compromiso🫱🏽‍🫲🏿🙌🏽

¡Gracias por acompañarnos en este viaje! 🚍❤️ 
¡Vamos por más! 

#ParaSerFelices #conectandosueños 
#centraldetransportestuluá",99,"04/06/2025 15:20",https://www.instagram.com/reel/DIHvU26St3L/,"Reel de Instagram",,Total,5646,96,12,0,0,,
18115044202414627,17841402591799685,alcaldiadetulua,"Alcaldía de Tuluá","🚐🐾 ¡Llegamos con la Jornada de Bienestar Animal a Puerto Frazadas!

Desde la Secretaría de Salud y la SEDAMA, llevamos nuestra jornada animal con profesionales especializados 🩺🐶🐴🐄🐔
👉 Donde atendimos:

✅ 31 Bovinos
✅ 29 Equinos
✅ 46 Aves
✅ 34 Caninos
✅ 18 Felinos

Porque ellos también merecen estar sanos y 💚 cuidados.
📍 ¡Seguimos trabajando #ParaSerFelices! 🫶🐕‍🦺🐈‍⬛",32,"04/07/2025 11:11",https://www.instagram.com/reel/DIJ6F9PP3Bo/,"Reel de Instagram",,Total,3347,29,1,1,0,1054,0
18039043544619346,17841402591799685,alcaldiadetulua,"Alcaldía de Tuluá","👮‍♂️ Capturados integrantes de la red financiera del GAO-r Frente 57 ‘Yaír Bermúdez’ 💰🚨💥

En una operación interinstitucional, las autoridades capturaron a integrantes de la red financiera Frente 57 ‘Yaír Bermúdez’, responsables de realizar cobros extorsivos en Tuluá, Bugalagrande y Pradera.

🙌🏼 ¡Seguimos trabajando por una región más segura y en paz! #ParaSerFelices 💪🏼",65,"04/07/2025 16:55",https://www.instagram.com/reel/DIKh6ZYvx4O/,"Reel de Instagram",,Total,12204,50,1,3,4,2096,0
17879903649182328,17841402591799685,alcaldiadetulua,"Alcaldía de Tuluá","🎭🎨 ¡Los talleres ya están en el Centro Cultural Lino Mora! 🎶📚

📢 Inscripciones abiertas en la Casa de la Cultura Enrique Uribe White.
💡 Disfrútalos de manera gratuita: aprende y vive el arte con clases de música, baile, artes plásticas, manualidades y mucho más. 🏺🎹🎭🧵

¡No te lo pierdas! 🎉✨ #ParaSerFelices 💙✅",0,"04/08/2025 08:44",https://www.instagram.com/p/DIMOm8vAF0m/,"Secuencia de Instagram",,Total,2842,65,4,5,5,1610,0
18171767638324302,17841402591799685,alcaldiadetulua,"Alcaldía de Tuluá","¡Apoyo a los empresarios para exportación de sus productos!✅🌎

🌎📦 Asistimos al lanzamiento del programa Vallexporta, una gran oportunidad para que nuestros empresarios y emprendedores lleven sus productos al mundo.

💼✈️ Con el apoyo de la Cámara de Comercio y la Gobernación del Valle, seguimos apostándole a la internacionalización, el desarrollo económico y el crecimiento de nuestros negocios locales. 🙌 ¡Tuluá tiene talento y potencial #ParaSerFelices! 💙✅",0,"04/08/2025 16:24",https://www.instagram.com/p/DINDPbNvqFI/,"Secuencia de Instagram",,Total,5705,159,0,3,6,3245,0
18177223963317330,17841402591799685,alcaldiadetulua,"Alcaldía de Tuluá","Hoy conmemoramos el Día de la Memoria y Solidaridad con las Víctimas 🕊️

Desde la Administración Municipal, a través de la Secretaría de Gobierno, Convivencia y Seguridad y el Enlace de Víctimas, realizamos un emotivo encuentro en la Casa de la Cultura Enrique Uribe White 🏛️ junto a la comunidad y con el acompañamiento de la ONU 🌍.

¡Porque recordar es dignificar!
#9DeAbril #Víctimas",0,"04/09/2025 09:42",https://www.instagram.com/p/DIO6A_wgAN-/,"Secuencia de Instagram",,Total,6784,194,4,0,9,3578,2
18006596000570570,17841407739133684,emtulua,"Emtulua Esp","🔧💧 ¡78% de avance en la planta de tratamiento de La Moralia! 🏗️🚰
La construcción de esta gran obra sigue adelante, llevando esperanza a miles de familias 👨‍👩‍👧‍👦✨
Después de años de espera, el agua potable está cada vez más cerca de transformar la vida de toda una comunidad 🌎💙

✅¡Tuluá avanza con agua potable para todos!👏",42,"04/09/2025 12:39",https://www.instagram.com/reel/DIPNX1Tp80w/,"Reel de Instagram",,Total,2525,59,2,1,0,,
18034326752558055,17841402591799685,alcaldiadetulua,"Alcaldía de Tuluá","🎉💃 ¡Así vivimos una tarde llena de alegría y movimiento con nuestros grupos de Adulto Mayor! 👵👴

Desde la Secretaría de Bienestar Social, a través del enlace de Adulto Mayor, compartimos una hermosa Tarde Lúdica y Recreativa, donde el cariño, la energía y las sonrisas fueron protagonistas. 🌞🎈🎶

¡Gracias por enseñarnos que nunca es tarde para disfrutar la vida! 💙
 #ParaSerFelices ✅",0,"04/09/2025 15:07",https://www.instagram.com/p/DIPfMlkvwU1/,"Secuencia de Instagram",,Total,2031,53,1,0,1,1105,0
18182656558315632,17841402591799685,alcaldiadetulua,"Alcaldía de Tuluá","Hoy honramos la memoria de quienes han sufrido el conflicto 🕊️

Recordar es dignificar… y dignificar es construir paz para Tuluá ❤️‍🩹

#9DeAbril",50,"04/09/2025 17:54",https://www.instagram.com/reel/DIPxyzvv7pJ/,"Reel de Instagram",,Total,3922,48,3,0,1,1343,1
18065870686787180,17841402591799685,alcaldiadetulua,"Alcaldía de Tuluá","🍽️💙 ¡Cuidamos lo que comen nuestros estudiantes!

Con la 💪 Secretaría de Educación visitamos la IE Gimnasio del Pacífico 🏫 para verificar que el Programa de Alimentación Escolar 🍽️ esté funcionando al 100% y que los más de 600 estudiantes 👧👦 estén recibiendo alimentos 🥗🥪🍌 de calidad y en perfecto estado, gracias a una prueba organoléptica 😋✅.

Porque alimentarse bien también es parte de aprender 📚💙 #ParaSerFelices ✅",57,"04/10/2025 08:12",https://www.instagram.com/reel/DIRUFbBsEep/,"Reel de Instagram",,Total,17100,156,6,7,2,2980,1
18064675273815811,17841402591799685,alcaldiadetulua,"Alcaldía de Tuluá","🚧 ¡Ampliación y compactación de la vía Campoalegre! 🚜✨

En este sector avanzamos con trabajos de conformación de la vía, gracias a una articulación entre la comunidad, la empresa privada y la Alcaldía 🤝👷‍♀️.💡Nuestro objetivo es mejorar la movilidad y la calidad de vida de quienes viven y transitan por esta zona de Tuluá.

 ¡Seguimos construyendo una Tuluá con vías #ParaSerFelices💙✌🏼",37,"04/10/2025 15:06",https://www.instagram.com/reel/DISD5qsMC_Q/,"Reel de Instagram",,Total,8410,57,8,2,5,1948,0
18141027883383453,17841431512646378,puntosinnova,"Punto Innova","✅La tecnología 🤖 con propósito se convierte en una herramienta para jóvenes y adultos. Y desde la Administración Municipal 🏫 a través de los Puntos Innova queremos que utilices estas herramientas para desarrollar nuevas  habilidades que el mercado global está demandando. #ParaSerFelices #Tecnologíaconpropósito",0,"04/10/2025 15:13",https://www.instagram.com/p/DISEt3UuQz5/,"Secuencia de Instagram",,Total,2109,28,2,0,0,,
17892304377211864,17841400356362656,infitulua,"INFITULUÁ E.I.C.E","Construimos una Tuluá más verde y sostenible 🍃🌳

Desde la Administración Municipal @alcaldiadetulua con la Secretaría de Hábitat e Infraestructura, la Secretaría Privada, el Departamento de Arte y Cultura, @veolia_co y el Instituto de Financiamiento, Promoción y Desarrollo de Tuluá @infitulua, participamos de la jornada de limpieza y recolección de residuos, organizada por @gobvalleverde en la zona del cementerio central de la ciudad. 

Un espacio para recordar que el trabajo es junto con la ciudadanía para lograr espacios limpios, seguros y saludables. 🏡",57,"04/11/2025 07:51",https://www.instagram.com/reel/DIT1v2fgnZ6/,"Reel de Instagram",,Total,3686,78,6,2,1,2017,1
18130907386410866,17841402591799685,alcaldiadetulua,"Alcaldía de Tuluá","🐟✨ ¡Aprende a identificar pescado de calidad!

Durante esta Semana Santa, asegúrate de llevar a casa productos frescos y seguros 🛍️💙. Te enseñamos a identificar un buen pescado para que tú y tu familia disfruten con tranquilidad.🍽️🙏

Desde la Administración Municipal y la Secretaría de Salud 👨‍⚕️👩‍⚕️ preparamos una guía práctica para que compres con confianza y cuides tu salud.

📲 Desliza o haz clic para conocer todos los tips 👉",0,"04/11/2025 08:41",https://www.instagram.com/p/DIT8rh8Awx_/,"Secuencia de Instagram",,Total,2614,31,6,1,0,1543,0
18066271096764082,17841465258460662,secre.bienestarsocialtulua,"SECRETARIA DE BIENESTAR SOCIAL","La Gestora Social en articulación  con la Fundación Éxito  y el Programa Góticas de Amor beneficiarán a 100 mamás y niños de nuestro Municipio de 0 a 15 meses que tengan  Sisbén tipo A y B , acércate a la Coordinación de Adulto Mayor en la Secretaría de Bienestar Social .",23,"03/31/2025 12:17",https://www.instagram.com/reel/DH4AerKSNv_/,"Reel de Instagram",,Total,3506,59,9,4,0,,
