"Identificador de la publicación","Identificador de la cuenta","Nombre de usuario de la cuenta","Nombre de la cuenta",Descripción,"Duración (segundos)","Hora de publicación","Enlace permanente","Tipo de publicación","Comentario sobre los datos",Fecha,Impresiones,Alcance,"Veces que se compartió","Visitas al perfil",Respuestas,Navegación,"Clics en el enlace",Seguimientos,"Toques en stickers"
18034784686887714,17841402591799685,alcaldiadetulua,"Alcaldía de Tuluá",,56,"07/14/2024 19:07",,"Historia de Instagram",,Total,731,731,0,,0,800,,,
17930085554795015,17841402591799685,alcaldiadetulua,"Alcaldía de Tuluá",,15,"07/14/2024 15:07",,"Historia de Instagram",,Total,662,662,0,,0,741,,,
18060454711719629,17841402591799685,alcaldiadetulua,"Alcaldía de Tuluá",@gustavovelezr,20,"07/30/2024 10:07",https://www.instagram.com/p/C-Dk4-9u9t2/,"Historia de Instagram",,Total,706,647,0,2,1,217,,,
17896838885961936,17841402591799685,alcaldiadetulua,"Alcaldía de Tuluá","Comunícate ahora y haz parte💪🏼✅",5,"07/30/2024 07:07",https://www.instagram.com/p/C-DPBZouu7S/,"Historia de Instagram",,Total,197,197,0,2,0,279,,,
18084919462435565,17841402591799685,alcaldiadetulua,"Alcaldía de Tuluá","@josemartinhincapi @secre.bienestarsocialtulua @tuluaculturacol_ @gisecalero16 @infitulua @emtulua @karolberon25 @imdertulua @hospitalrubencruzvelez @bibliotecatulua @maryelena_23 @central_de_transportes_tulua_ @carolarodri @santiagoguzmanp @alexa__cardona1974",15,"07/30/2024 07:07",https://www.instagram.com/p/C-DO0uMO0c6/,"Historia de Instagram",,Total,245,221,0,,0,267,,,
18318442900197078,17841402591799685,alcaldiadetulua,"Alcaldía de Tuluá",,15,"07/30/2024 07:07",https://www.instagram.com/p/C-DOufmu0z2/,"Historia de Instagram",,Total,191,189,0,,0,270,2,,
17963481395656125,17841402591799685,alcaldiadetulua,"Alcaldía de Tuluá",,15,"07/30/2024 07:07",https://www.instagram.com/p/C-DN0THuvLv/,"Historia de Instagram",,Total,199,195,0,,0,298,1,,
18016625348421659,17841402591799685,alcaldiadetulua,"Alcaldía de Tuluá",,15,"07/30/2024 07:07",https://www.instagram.com/p/C-DNnQ6O56S/,"Historia de Instagram",,Total,199,191,0,,0,300,,,
17909753390903411,17841402591799685,alcaldiadetulua,"Alcaldía de Tuluá","Desde las 8:00 a. m. ¡Mañana! ¡Cuidemos el Medio Ambiente! @emtulua @infitulua @gisecalero16 @tuluaculturacol_ @secre.bienestarsocialtulua",15,"07/30/2024 07:07",https://www.instagram.com/p/C-DNluEuQgW/,"Historia de Instagram",,Total,257,238,0,,0,276,,,
18093565630452599,17841402591799685,alcaldiadetulua,"Alcaldía de Tuluá",@supergiroscentrodelvalle,60,"07/30/2024 07:07",https://www.instagram.com/p/C-DKctMuFPe/,"Historia de Instagram",,Total,206,205,0,1,0,303,,,
17913915896882379,17841402591799685,alcaldiadetulua,"Alcaldía de Tuluá",,15,"07/30/2024 07:07",https://www.instagram.com/p/C-DKaEBuQPf/,"Historia de Instagram",,Total,210,205,0,,0,317,,,
18067194013516241,17841402591799685,alcaldiadetulua,"Alcaldía de Tuluá","SIMÓN: 
Orgullo Tulueño✅🛼",15,"07/30/2024 06:07",https://www.instagram.com/p/C-DF_fYuHjl/,"Historia de Instagram",,Total,226,222,0,1,0,307,,,
18032454458113066,17841402591799685,alcaldiadetulua,"Alcaldía de Tuluá","¡Te esperamos! ¡Es hoy!",15,"07/30/2024 06:07",https://www.instagram.com/p/C-DFbPXuQ4z/,"Historia de Instagram",,Total,231,229,0,,0,302,,,
18035154311293524,17841402591799685,alcaldiadetulua,"Alcaldía de Tuluá","H O Y Martes de Mercado C A M P E S I N O",15,"07/30/2024 06:07",https://www.instagram.com/p/C-DFPW0uSnS/,"Historia de Instagram",,Total,245,240,0,1,0,317,,,
18328247494176493,17841402591799685,alcaldiadetulua,"Alcaldía de Tuluá","Desde la Secretaría de Hábitat e Infraestructura, continuamos ampliando la vía a la vereda La Selva, embalastrando con el material de cantera ¡Adecuando el acceso a la zona rural!💪🏼",10,"07/29/2024 14:07",,"Historia de Instagram",,Total,369,356,0,,0,470,,,
18016410710412590,17841402591799685,alcaldiadetulua,"Alcaldía de Tuluá","@josemartinhincapi @karolberon25 @secre.bienestarsocialtulua",18,"07/29/2024 14:07",,"Historia de Instagram",,Total,572,518,0,,0,497,,,
18010327565322278,17841402591799685,alcaldiadetulua,"Alcaldía de Tuluá",,15,"07/29/2024 13:07",,"Historia de Instagram",,Total,366,366,0,,0,479,,,
18021422834381787,17841402591799685,alcaldiadetulua,"Alcaldía de Tuluá","@secre.bienestarsocialtulua @karolberon25 @soymafevictoria @josemartinhincapi @infitulua @santiagoguzmanp @imdertulua",15,"07/29/2024 13:07",,"Historia de Instagram",,Total,742,662,0,,0,509,1,,
18027612299023490,17841402591799685,alcaldiadetulua,"Alcaldía de Tuluá",@imdertulua,15,"07/29/2024 09:07",,"Historia de Instagram",,Total,533,497,0,1,1,523,,,
17892206729982775,17841402591799685,alcaldiadetulua,"Alcaldía de Tuluá",,15,"07/29/2024 07:07",,"Historia de Instagram",,Total,410,410,1,,0,545,4,,
17922387602945974,17841402591799685,alcaldiadetulua,"Alcaldía de Tuluá",,15,"07/29/2024 07:07",,"Historia de Instagram",,Total,495,495,0,5,0,641,,1,
17917318646953606,17841402591799685,alcaldiadetulua,"Alcaldía de Tuluá","Construyamos juntos una Tuluá  S E G U R A ✅",15,"07/27/2024 17:07",,"Historia de Instagram",,Total,426,426,0,1,0,534,,,
18070412716554820,17841402591799685,alcaldiadetulua,"Alcaldía de Tuluá",,8,"07/27/2024 17:07",,"Historia de Instagram",,Total,511,511,1,2,0,669,,,
18267418783244582,17841402591799685,alcaldiadetulua,"Alcaldía de Tuluá",,15,"07/27/2024 09:07",,"Historia de Instagram",,Total,420,411,0,1,0,554,,,
18304843246090331,17841402591799685,alcaldiadetulua,"Alcaldía de Tuluá",,15,"07/27/2024 08:07",,"Historia de Instagram",,Total,428,424,0,1,0,536,1,,
18019440944139165,17841402591799685,alcaldiadetulua,"Alcaldía de Tuluá","Cuida tus dientes hoy✅💪🏼",0,"07/27/2024 08:07",,"Historia de Instagram",,Total,458,458,0,,0,573,,,
18087213046468608,17841402591799685,alcaldiadetulua,"Alcaldía de Tuluá","¡Te esperamos!✅ H O Y",0,"07/27/2024 08:07",,"Historia de Instagram",,Total,469,466,0,,0,597,,,
17987593403694824,17841402591799685,alcaldiadetulua,"Alcaldía de Tuluá",,15,"07/27/2024 08:07",,"Historia de Instagram",,Total,463,463,0,1,0,607,,,
17851928676247134,17841402591799685,alcaldiadetulua,"Alcaldía de Tuluá",,22,"07/27/2024 08:07",,"Historia de Instagram",,Total,489,489,0,,0,593,,,
18025588094193323,17841402591799685,alcaldiadetulua,"Alcaldía de Tuluá",,16,"07/27/2024 08:07",,"Historia de Instagram",,Total,499,499,0,,0,626,,,
17863241625188757,17841402591799685,alcaldiadetulua,"Alcaldía de Tuluá","¡Estamos en marcha!💪🏼 Hoy nuestro alcalde, @gustavovelezr, se reunió con todo nuestro equipo de gobierno para ajustar detalles que nos permite trazar juntos el camino de lo que es nuestro Plan de Desarrollo Municipal #ParaSerFelices @gustavovelezr @cristianhernandezv  @alexa__cardona1974 @robertposadarosero @karolberon25 @santiagoguzmanp @carolarodri @soymafevictoria @josemartinhincapi @sachicanavarro @central_de_transportes_tulua_ @maryelena_23 @bibliotecatulua @emtulua @puntos_innova_tulua @hospitalrubencruzvelez @tuluaculturacol_",15,"07/26/2024 16:07",,"Historia de Instagram",,Total,1610,1476,0,1,2,601,,,
18071647159550824,17841402591799685,alcaldiadetulua,"Alcaldía de Tuluá",,15,"07/26/2024 15:07",,"Historia de Instagram",,Total,381,381,0,,0,525,,,
17926151141923449,17841402591799685,alcaldiadetulua,"Alcaldía de Tuluá",,15,"07/26/2024 15:07",,"Historia de Instagram",,Total,390,390,2,,0,563,,,
17879751678098266,17841402591799685,alcaldiadetulua,"Alcaldía de Tuluá",,21,"07/26/2024 15:07",,"Historia de Instagram",,Total,401,401,2,,0,505,,,
18039172282957968,17841402591799685,alcaldiadetulua,"Alcaldía de Tuluá","¡Mañana no te lo pierdas!✅",0,"07/26/2024 13:07",,"Historia de Instagram",,Total,384,384,0,,0,514,,,
18024411149515669,17841402591799685,alcaldiadetulua,"Alcaldía de Tuluá",,15,"07/26/2024 13:07",,"Historia de Instagram",,Total,384,384,0,2,0,528,4,,
18307989664080900,17841402591799685,alcaldiadetulua,"Alcaldía de Tuluá","¡Estamos comprometidos con nuestros deportistas!🙌🏽💙🛼",15,"07/26/2024 09:07",,"Historia de Instagram",,Total,1248,1112,0,1,2,492,,,
18038878882974386,17841402591799685,alcaldiadetulua,"Alcaldía de Tuluá",,15,"07/26/2024 06:07",,"Historia de Instagram",,Total,340,334,0,1,0,494,,,
18097732498436691,17841402591799685,alcaldiadetulua,"Alcaldía de Tuluá",,15,"07/26/2024 06:07",,"Historia de Instagram",,Total,351,342,0,,0,489,,,
18027172118265510,17841402591799685,alcaldiadetulua,"Alcaldía de Tuluá",@supergiroscentrodelvalle,60,"07/26/2024 06:07",,"Historia de Instagram",,Total,355,350,0,,0,481,,,
18441238036054548,17841402591799685,alcaldiadetulua,"Alcaldía de Tuluá",,15,"07/26/2024 06:07",,"Historia de Instagram",,Total,360,346,0,,0,517,,,
18036107488878795,17841402591799685,alcaldiadetulua,"Alcaldía de Tuluá",,8,"07/26/2024 06:07",,"Historia de Instagram",,Total,350,338,0,1,0,499,,,2
17922018479937906,17841402591799685,alcaldiadetulua,"Alcaldía de Tuluá","Carrera 30 # 14-51",15,"07/26/2024 06:07",,"Historia de Instagram",,Total,377,367,0,4,0,521,,,
18040697737790220,17841402591799685,alcaldiadetulua,"Alcaldía de Tuluá","@tuluaculturacol_ @secre.bienestarsocialtulua @bibliotecatulua @gisecalero16 @josemartinhincapi  @imdertulua @central_de_transportes_tulua_ @santiagoguzmanp @karolberon25 @alexa__cardona1974  @fernandapasmin",15,"07/25/2024 09:07",,"Historia de Instagram",,Total,415,389,1,2,0,453,6,,
18108162526402794,17841402591799685,alcaldiadetulua,"Alcaldía de Tuluá",,15,"07/25/2024 09:07",,"Historia de Instagram",,Total,329,322,0,1,0,450,,,
17964405965788488,17841402591799685,alcaldiadetulua,"Alcaldía de Tuluá",@supergiroscentrodelvalle,60,"07/25/2024 08:07",,"Historia de Instagram",,Total,333,333,0,1,0,464,,,
18055804219662041,17841402591799685,alcaldiadetulua,"Alcaldía de Tuluá","¡Es hoy!✅ @gisecalero16 @bibliotecatulua @secre.bienestarsocialtulua @tuluaculturacol_",15,"07/25/2024 08:07",,"Historia de Instagram",,Total,399,375,0,,0,472,,,
18362893072097528,17841402591799685,alcaldiadetulua,"Alcaldía de Tuluá",,15,"07/25/2024 08:07",,"Historia de Instagram",,Total,360,360,0,4,0,507,,,
18038241700827399,17841402591799685,alcaldiadetulua,"Alcaldía de Tuluá","@gustavovelezr @josemartinhincapi @policiavalledelcauca ¡Reunión de Coordinación y Seguridad! El alcalde, Gustavo Vélez. durante la tarde de este miércoles, convocó reunión con el Ejército Nacional, el Batallón de Alta Montaña, Gaula Militar y la Policía Nacional, con el fin de fortalecer la seguridad de nuestro municipio. 

 ¡Continuamos trabajando por una Tuluá más segura para todos!",15,"07/24/2024 17:07",,"Historia de Instagram",,Total,1726,1582,1,,1,561,,,
18032214290152756,17841402591799685,alcaldiadetulua,"Alcaldía de Tuluá","@tuluaculturacol_ @bibliotecatulua @secre.bienestarsocialtulua @gisecalero16 @dnofuturo_",15,"07/24/2024 13:07",,"Historia de Instagram",,Total,549,500,0,1,0,538,,,
17891888879983455,17841402591799685,alcaldiadetulua,"Alcaldía de Tuluá","Atención Tulueños👀",15,"07/24/2024 07:07",,"Historia de Instagram",,Total,350,350,0,1,0,558,,,
18019271903376390,17841402591799685,alcaldiadetulua,"Alcaldía de Tuluá","¡Aprovecha esta Jornada! ¡Te esperamos!💪🏼",15,"07/24/2024 07:07",,"Historia de Instagram",,Total,414,413,1,2,0,549,,,
18103634419414596,17841402591799685,alcaldiadetulua,"Alcaldía de Tuluá",,15,"07/24/2024 07:07",,"Historia de Instagram",,Total,339,339,0,,0,494,,,
17890013205064629,17841402591799685,alcaldiadetulua,"Alcaldía de Tuluá",,45,"07/24/2024 07:07",,"Historia de Instagram",,Total,341,341,0,,0,494,,,
17896567808960627,17841402591799685,alcaldiadetulua,"Alcaldía de Tuluá","¡No dejes pasar esta oportunidad!",15,"07/24/2024 07:07",,"Historia de Instagram",,Total,355,355,0,,0,513,,,
18034309475040358,17841402591799685,alcaldiadetulua,"Alcaldía de Tuluá",,15,"07/24/2024 07:07",,"Historia de Instagram",,Total,362,362,0,,0,513,,,
17994017663505953,17841402591799685,alcaldiadetulua,"Alcaldía de Tuluá",,60,"07/24/2024 07:07",,"Historia de Instagram",,Total,374,374,0,,0,504,,,
18014616764404742,17841402591799685,alcaldiadetulua,"Alcaldía de Tuluá",,15,"07/24/2024 07:07",,"Historia de Instagram",,Total,392,392,0,1,0,510,,,
18036861827019469,17841402591799685,alcaldiadetulua,"Alcaldía de Tuluá",@secre.bienestarsocialtulua,15,"07/24/2024 06:07",,"Historia de Instagram",,Total,438,426,0,,0,554,,,
18039053257943511,17841402591799685,alcaldiadetulua,"Alcaldía de Tuluá",,15,"07/23/2024 15:07",,"Historia de Instagram",,Total,454,445,0,4,1,716,,,
17850359472249719,17841402591799685,alcaldiadetulua,"Alcaldía de Tuluá",@supergiroscentrodelvalle,60,"07/23/2024 13:07",,"Historia de Instagram",,Total,467,464,1,1,0,710,,,
17870635641140819,17841402591799685,alcaldiadetulua,"Alcaldía de Tuluá","@gustavovelezr @catastrovalle ¡Continuamos avanzando con la Actualización Catastral en nuestro municipio! El alcalde, Gustavo Vélez, se encuentra reunido con la gerente de la Unidad Administrativa Especial de Catastro Valle del Cauca, la abogada Lía Patricia Pérez Carmona, hablando sobre el tema de la identificación e incorporación de cambios que se presenten en los predios de nuestro municipio, logrando así que Tuluá esté más organizado #ParaserFelices",15,"07/23/2024 09:07",,"Historia de Instagram",,Total,590,589,2,,2,712,,,
18010738376307786,17841402591799685,alcaldiadetulua,"Alcaldía de Tuluá",,15,"07/23/2024 08:07",,"Historia de Instagram",,Total,468,468,0,1,0,660,,,
17984126417700826,17841402591799685,alcaldiadetulua,"Alcaldía de Tuluá",,15,"07/23/2024 07:07",,"Historia de Instagram",,Total,476,476,0,,1,661,,,
18018126344522274,17841402591799685,alcaldiadetulua,"Alcaldía de Tuluá","Martes de",15,"07/23/2024 06:07",,"Historia de Instagram",,Total,513,513,0,1,0,666,,,
18019639805138120,17841402591799685,alcaldiadetulua,"Alcaldía de Tuluá","@alexa__cardona1974 @karolberon25 @santiagoguzmanp @soymafevictoria @josemartinhincapi @central_de_transportes_tulua_ @bibliotecatulua @secre.bienestarsocialtulua @gisecalero16 @tuluaculturacol_ @imdertulua",29,"07/22/2024 14:07",,"Historia de Instagram",,Total,497,494,0,1,0,577,,,
18025939013469830,17841402591799685,alcaldiadetulua,"Alcaldía de Tuluá",,15,"07/22/2024 13:07",,"Historia de Instagram",,Total,522,515,0,1,0,618,,,
18245204881268386,17841402591799685,alcaldiadetulua,"Alcaldía de Tuluá","¡No dejes pasar la fecha límite! @karolberon25 @secre.bienestarsocialtulua",15,"07/22/2024 08:07",,"Historia de Instagram",,Total,515,490,0,1,0,555,,,
18051693514774255,17841402591799685,alcaldiadetulua,"Alcaldía de Tuluá","DENUNCIA AHORA ¡Hazte escuchar! 👂💪🏼 @gustavovelezr @secre.bienestarsocialtulua @imdertulua  @tuluaculturacol_ @central_de_transportes_tulua_ @bibliotecatulua @karolberon25 @gisecalero16",15,"07/22/2024 08:07",,"Historia de Instagram",,Total,1194,1031,0,,0,564,,,
18013461362526148,17841402591799685,alcaldiadetulua,"Alcaldía de Tuluá",,45,"07/22/2024 08:07",,"Historia de Instagram",,Total,500,500,0,,0,572,,,
18038754994985096,17841402591799685,alcaldiadetulua,"Alcaldía de Tuluá",,15,"07/22/2024 08:07",,"Historia de Instagram",,Total,506,506,2,,0,568,,,
18020044364518569,17841402591799685,alcaldiadetulua,"Alcaldía de Tuluá",,15,"07/22/2024 08:07",,"Historia de Instagram",,Total,621,587,0,,0,600,,,
18057163144642569,17841402591799685,alcaldiadetulua,"Alcaldía de Tuluá",,15,"07/22/2024 08:07",,"Historia de Instagram",,Total,529,529,0,,0,622,,,
18022610084363878,17841402591799685,alcaldiadetulua,"Alcaldía de Tuluá",,15,"07/22/2024 08:07",,"Historia de Instagram",,Total,560,560,1,,1,645,6,,
18035595308087426,17841402591799685,alcaldiadetulua,"Alcaldía de Tuluá","Desde la Secretaría de Salud, se lleva a cabo reunión con representantes de la Nueva EPS para trabajar en conjunto por la mejora del servicio de salud en el municipio, el fortalecimiento las ESES municipales, revisión de PQRS e informe de gestión de la EPS en Tuluá.",15,"07/22/2024 07:07",,"Historia de Instagram",,Total,730,730,0,3,0,773,,,
18005109368358045,17841402591799685,alcaldiadetulua,"Alcaldía de Tuluá",,15,"07/20/2024 05:07",,"Historia de Instagram",,Total,1001,932,1,,0,750,,,
18013082552259616,17841402591799685,alcaldiadetulua,"Alcaldía de Tuluá",,15,"07/20/2024 05:07",,"Historia de Instagram",,Total,1585,1341,0,2,0,759,,,
18050617681787253,17841402591799685,alcaldiadetulua,"Alcaldía de Tuluá",,15,"07/19/2024 15:07",,"Historia de Instagram",,Total,524,524,0,1,0,609,,,
18214637935303415,17841402591799685,alcaldiadetulua,"Alcaldía de Tuluá","Plazo hasta mañana 20 de julio",15,"07/19/2024 14:07",,"Historia de Instagram",,Total,534,529,0,,0,588,,,
18040494364794027,17841402591799685,alcaldiadetulua,"Alcaldía de Tuluá",,15,"07/19/2024 14:07",,"Historia de Instagram",,Total,1633,1410,0,,0,604,3,,
18040034959803189,17841402591799685,alcaldiadetulua,"Alcaldía de Tuluá","Desde la Secretaría de Educación, se llevó a cabo la jornada de entrenamiento para docentes de las diferentes Instituciones Educativas del municipio para el manejo de App See Learning Insights, que servirá como herramienta digital para docentes y estudiantes que brinda la posibilidad de contar con datos en tiempo real en relación al entendimiento de los estudiantes sobre este programa.",11,"07/19/2024 13:07",,"Historia de Instagram",,Total,572,571,0,1,0,598,,,
17880556125035477,17841402591799685,alcaldiadetulua,"Alcaldía de Tuluá",@supergiroscentrodelvalle,60,"07/19/2024 08:07",,"Historia de Instagram",,Total,543,529,4,2,0,566,,,
18034000442025692,17841402591799685,alcaldiadetulua,"Alcaldía de Tuluá","¡Te esperamos!😎 ¡Este fin de semana vive esta gran jornada deportiva!✅💪🏼 @imdertulua",15,"07/19/2024 07:07",,"Historia de Instagram",,Total,1089,923,3,2,1,563,,1,
17974194962608783,17841402591799685,alcaldiadetulua,"Alcaldía de Tuluá","@infitulua @karolberon25 @secre.bienestarsocialtulua @soymafevictoria @julianrestrepo16 @tuluaculturacol_ @gisecalero16  @santiagoguzmanp @maryelena_23 @central_de_transportes_tulua_ @emtulua @bibliotecatulua @fernandapasmin @hospitalrubencruzvelez @josemartinhincapi @imdertulua @pachogirontulua",15,"07/19/2024 07:07",,"Historia de Instagram",,Total,565,526,1,2,0,572,5,,
18037396810848242,17841402591799685,alcaldiadetulua,"Alcaldía de Tuluá","@secre.bienestarsocialtulua @karolberon25",47,"07/19/2024 06:07",,"Historia de Instagram",,Total,511,485,0,,0,541,,,
17880371091096178,17841402591799685,alcaldiadetulua,"Alcaldía de Tuluá","¡No dejes pasar la fecha! @secre.bienestarsocialtulua @karolberon25",15,"07/19/2024 06:07",,"Historia de Instagram",,Total,558,503,0,,0,582,,,
18270347470175088,17841402591799685,alcaldiadetulua,"Alcaldía de Tuluá",,16,"07/19/2024 06:07",,"Historia de Instagram",,Total,485,484,1,,0,545,,,
18046287718867799,17841402591799685,alcaldiadetulua,"Alcaldía de Tuluá",,8,"07/19/2024 06:07",,"Historia de Instagram",,Total,476,476,0,,0,551,,,
18041852527937157,17841402591799685,alcaldiadetulua,"Alcaldía de Tuluá","¡Viernes de… MERCADO CAMPESINO! ¡No te lo pierdas!😎",15,"07/19/2024 06:07",,"Historia de Instagram",,Total,515,511,0,1,0,571,,,
17895729048032338,17841402591799685,alcaldiadetulua,"Alcaldía de Tuluá","@gustavovelezr @julianrestrepo16 @soymafevictoria @infitulua",12,"07/18/2024 16:07",,"Historia de Instagram",,Total,1310,1168,1,1,0,524,,,
18039598576797898,17841402591799685,alcaldiadetulua,"Alcaldía de Tuluá","@gisecalero16 @tuluaculturacol_",15,"07/18/2024 15:07",,"Historia de Instagram",,Total,708,642,0,,0,591,,,
18055408333661423,17841402591799685,alcaldiadetulua,"Alcaldía de Tuluá","El alcalde, Gustavo Vélez, participó del Consejo Directivo de la @ucevacol, en el cual, de manera periódica, se realiza la revisión de los informes financieros y de gestión desde la rectoría de esta institución, informes de decanaturas y aprobación de acuerdos de asignación de los programas. @gustavovelezr  @juancarlosurriagof",15,"07/18/2024 13:07",,"Historia de Instagram",,Total,1193,1093,1,,1,576,,,
17945161418731003,17841402591799685,alcaldiadetulua,"Alcaldía de Tuluá","@josemartinhincapi @soymafevictoria  @karolberon25 @secre.bienestarsocialtulua",36,"07/18/2024 10:07",,"Historia de Instagram",,Total,992,915,0,,0,527,,,
18175131151306922,17841402591799685,alcaldiadetulua,"Alcaldía de Tuluá","@infitulua @cristianhernandezv @gustavovelezr @pachogirontulua @imdertulua @fernandapasmin @bibliotecatulua @hospitalrubencruzvelez @emtulua @central_de_transportes_tulua_ @maryelena_23 @josemartinhincapi @santiagoguzmanp @tuluaculturacol_ @secre.bienestarsocialtulua @gisecalero16 @karolberon25",15,"07/18/2024 08:07",,"Historia de Instagram",,Total,1408,1245,0,,0,539,2,,
18056435611642866,17841402591799685,alcaldiadetulua,"Alcaldía de Tuluá","Continúa aportando a nuestro municipio💪🏼 @secre.bienestarsocialtulua @karolberon25 @gisecalero16 @tuluaculturacol_ @santiagoguzmanp @carolarodri @soymafevictoria @sachicanavarro @josemartinhincapi @gustavovelezr @maryelena_23 @central_de_transportes_tulua_ @emtulua @hospitalrubencruzvelez @bibliotecatulua @fernandapasmin @imdertulua @infitulua @pachogirontulua @cristianhernandezv",15,"07/18/2024 08:07",,"Historia de Instagram",,Total,577,567,0,,0,546,,,
18058531882719935,17841402591799685,alcaldiadetulua,"Alcaldía de Tuluá","CÓDIGO ROSA 🩷 Conoce aquí nuestra Ruta de Atención ⬇️",15,"07/18/2024 08:07",,"Historia de Instagram",,Total,445,445,0,,0,536,,,
18113899606358800,17841402591799685,alcaldiadetulua,"Alcaldía de Tuluá","¡Este sábado! 
¡No te lo pierdas!✅💪🏼",0,"07/18/2024 07:07",,"Historia de Instagram",,Total,455,455,0,,0,536,,,
18407878192072987,17841402591799685,alcaldiadetulua,"Alcaldía de Tuluá","Hasta este sábado!💪🏼 20 de julio",15,"07/18/2024 06:07",,"Historia de Instagram",,Total,468,468,0,,0,547,,,
17876565549057917,17841402591799685,alcaldiadetulua,"Alcaldía de Tuluá",,15,"07/18/2024 06:07",,"Historia de Instagram",,Total,500,500,0,3,0,575,,,
18358799221110223,17841402591799685,alcaldiadetulua,"Alcaldía de Tuluá","No te pierdas esta gran jornada 💪🏼🦷",15,"07/17/2024 12:07",,"Historia de Instagram",,Total,525,525,0,2,0,620,,,
18013634621407651,17841402591799685,alcaldiadetulua,"Alcaldía de Tuluá","GRACIAS TULUÁ 💙",0,"07/17/2024 09:07",,"Historia de Instagram",,Total,557,557,0,1,0,633,,,
18025399544260662,17841402591799685,alcaldiadetulua,"Alcaldía de Tuluá","Contribuyamos juntos al progreso de nuestro municipio💙✅",0,"07/17/2024 09:07",,"Historia de Instagram",,Total,572,572,0,,0,656,,,
18007371800331183,17841402591799685,alcaldiadetulua,"Alcaldía de Tuluá","Plazo hasta el 20 de julio",15,"07/17/2024 08:07",,"Historia de Instagram",,Total,550,550,0,1,0,670,,,
18112182088381105,17841402591799685,alcaldiadetulua,"Alcaldía de Tuluá","@tuluaculturacol_  @gisecalero16 @karolberon25 @secre.bienestarsocialtulua",15,"07/17/2024 08:07",,"Historia de Instagram",,Total,737,709,0,,0,688,,,
18058574512622788,17841402591799685,alcaldiadetulua,"Alcaldía de Tuluá",,15,"07/17/2024 04:07",,"Historia de Instagram",,Total,1033,963,0,1,0,775,,,
18035738744039461,17841402591799685,alcaldiadetulua,"Alcaldía de Tuluá",,15,"07/16/2024 18:07",,"Historia de Instagram",,Total,1328,1161,8,2,1,728,,,
17919528173945621,17841402591799685,alcaldiadetulua,"Alcaldía de Tuluá",,24,"07/16/2024 15:07",,"Historia de Instagram",,Total,1475,1314,0,,2,666,,,
18234029905263472,17841402591799685,alcaldiadetulua,"Alcaldía de Tuluá","@gustavovelezr @cristianhernandezv @pachogirontulua",30,"07/16/2024 14:07",,"Historia de Instagram",,Total,2137,1865,1,,1,682,,,
18104625958410901,17841402591799685,alcaldiadetulua,"Alcaldía de Tuluá","@infitulua @gustavovelezr",15,"07/16/2024 14:07",,"Historia de Instagram",,Total,1648,1489,0,,0,712,1,,
17920139822841204,17841402591799685,alcaldiadetulua,"Alcaldía de Tuluá","@hospitalrubencruzvelez @valdes_0508 @ediervalenciaj @concejomunicipaltulua",15,"07/16/2024 14:07",,"Historia de Instagram",,Total,845,825,0,1,0,703,,,
18056524525636387,17841402591799685,alcaldiadetulua,"Alcaldía de Tuluá",@josemartinhincapi,45,"07/16/2024 12:07",,"Historia de Instagram",,Total,666,649,0,1,0,724,,,
18026900192241829,17841402591799685,alcaldiadetulua,"Alcaldía de Tuluá","@pachogirontulua  I. E. Corazón del Valle",15,"07/16/2024 09:07",,"Historia de Instagram",,Total,532,532,2,,0,657,,,
18104890744375203,17841402591799685,alcaldiadetulua,"Alcaldía de Tuluá","¡Este jueves, 25 de julio! ¡Te esperamos!✅",15,"07/16/2024 08:07",,"Historia de Instagram",,Total,522,522,0,,0,677,,,2
18058241509565014,17841402591799685,alcaldiadetulua,"Alcaldía de Tuluá","En este momento se lleva a cabo la primera Mesa de Negociación Sindical entre la Administración Municipal y los organismos sindicales: SUTEV, ASIEVA, SUNET, SINDESCOL, SINTRAEMDES, y la participación de la Oficina Jurídica, Secretarías de Desarrollo Institucional, de Educación, de Hacienda y Oficina de Control Interno de Investigación, en dicho espacio que fue inaugurado por el alcalde @gustavovelezr el pasado 8 de julio. Primera Jornada de Mesas de Negociación Sindical @robertposadarosero @natagiln @pachogirontulua",14,"07/16/2024 08:07",,"Historia de Instagram",,Total,913,872,0,,0,652,,,
18014419655408698,17841402591799685,alcaldiadetulua,"Alcaldía de Tuluá","@tuluaculturacol_ @imdertulua @josemartinhincapi @natagiln @secre.bienestarsocialtulua @karolberon25 @pachogirontulua @sachicanavarro @soymafevictoria @fernandapasmin @zule_acevedo @cristianhernandezv @bibliotecatulua @gisecalero16 @gustavovelezr @",15,"07/16/2024 06:07",,"Historia de Instagram",,Total,581,561,0,,0,654,5,,
18020026772347209,17841402591799685,alcaldiadetulua,"Alcaldía de Tuluá","¡Queremos conocer tu opinión!⬇️⬇️⬇️",0,"07/16/2024 06:07",,"Historia de Instagram",,Total,532,532,1,,1,616,,,
18448056103040791,17841402591799685,alcaldiadetulua,"Alcaldía de Tuluá","¡Feliz día a todos los conductores!🚕🚐",0,"07/16/2024 06:07",,"Historia de Instagram",,Total,539,539,0,,1,627,,,
17934065090888327,17841402591799685,alcaldiadetulua,"Alcaldía de Tuluá","¡Hasta el 20 de julio’",15,"07/16/2024 05:07",,"Historia de Instagram",,Total,543,543,1,,0,657,,,
17986120664691792,17841402591799685,alcaldiadetulua,"Alcaldía de Tuluá","¡Te esperamos!✅💪🏼 ¡Es hoy, es hoy! @fernandapasmin @soymafevictoria @sachicanavarro @pachogirontulua @karolberon25 @secre.bienestarsocialtulua @natagiln @josemartinhincapi @imdertulua @tuluaculturacol_",15,"07/16/2024 05:07",,"Historia de Instagram",,Total,614,597,0,1,0,695,,,
18035305454305507,17841402591799685,alcaldiadetulua,"Alcaldía de Tuluá","Hoy es
Martes de.. @gisecalero16 @bibliotecatulua @tuluaculturacol_ @imdertulua @josemartinhincapi @natagiln @cristianhernandezv @zule_acevedo @secre.bienestarsocialtulua @karolberon25 @fernandapasmin @pachogirontulua @sachicanavarro @soymafevictoria  @fernandapasmin",15,"07/16/2024 05:07",,"Historia de Instagram",,Total,659,632,0,1,0,726,,1,
18035413243871033,17841402591799685,alcaldiadetulua,"Alcaldía de Tuluá","@pachogirontulua @fernandapasmin @karolberon25 @secre.bienestarsocialtulua @zule_acevedo @cristianhernandezv @natagiln @josemartinhincapi @tuluaculturacol_ @imdertulua @gustavovelezr @bibliotecatulua @ @tuluaculturacol_ @bibliotecatulua @gisecalero16",15,"07/15/2024 15:07",,"Historia de Instagram",,Total,1532,1376,28,,0,813,,,
18446269138044699,17841402591799685,alcaldiadetulua,"Alcaldía de Tuluá","@bibliotecatulua @gustavovelezr @imdertulua @tuluaculturacol_ @josemartinhincapi @natagiln @cristianhernandezv @zule_acevedo @secre.bienestarsocialtulua @karolberon25 @fernandapasmin @pachogirontulua",15,"07/15/2024 10:07",,"Historia de Instagram",,Total,746,741,1,1,0,817,2,,
18035010848046009,17841402591799685,alcaldiadetulua,"Alcaldía de Tuluá",@soymafevictoria,15,"07/15/2024 10:07",,"Historia de Instagram",,Total,728,728,0,,0,816,,,
18010467977535862,17841402591799685,alcaldiadetulua,"Alcaldía de Tuluá",,45,"07/15/2024 10:07",,"Historia de Instagram",,Total,744,744,3,,0,811,,,
18041683879748964,17841402591799685,alcaldiadetulua,"Alcaldía de Tuluá",,59,"07/15/2024 10:07",,"Historia de Instagram",,Total,823,819,2,1,2,922,,,
18055802143660019,17841402591799685,alcaldiadetulua,"Alcaldía de Tuluá","La SEDAMA se reúne con la Agencia Nacional de Tierras y líderes campesinos con el fin de formalizar y titular algunos predios de nuestro municipio.",15,"07/15/2024 08:07",,"Historia de Instagram",,Total,802,802,0,1,0,971,,,
18007267148547661,17841402591799685,alcaldiadetulua,"Alcaldía de Tuluá",,15,"07/14/2024 21:07",,"Historia de Instagram",,Total,1039,903,0,,1,848,,,
18009062432601471,17841402591799685,alcaldiadetulua,"Alcaldía de Tuluá",,15,"06/30/2024 10:06",,"Historia de Instagram",,Total,808,808,0,2,0,1038,,,
18064216423559807,17841402591799685,alcaldiadetulua,"Alcaldía de Tuluá",,15,"06/30/2024 06:06",,"Historia de Instagram",,Total,742,742,0,1,0,878,,,
18038296141962787,17841402591799685,alcaldiadetulua,"Alcaldía de Tuluá",,15,"07/14/2024 15:07",,"Historia de Instagram",,Total,692,692,0,,0,769,,,
17894280260965231,17841402591799685,alcaldiadetulua,"Alcaldía de Tuluá",,22,"07/14/2024 11:07",,"Historia de Instagram",,Total,1450,1355,0,,0,874,,,
18031978966909164,17841402591799685,alcaldiadetulua,"Alcaldía de Tuluá","@gisecalero16 @central_de_transportes_tulua_ @josemartinhincapi @natagiln @gustavovelezr @bibliotecatulua @policiavalledelcauca @fernandapasmin @santiagoguzmanp @imdertulua @secre.bienestarsocialtulua @infitulua",23,"07/14/2024 07:07",,"Historia de Instagram",,Total,1933,1650,1,1,0,839,,,
18037412866991264,17841402591799685,alcaldiadetulua,"Alcaldía de Tuluá",,60,"07/13/2024 19:07",,"Historia de Instagram",,Total,2290,1850,1,,0,718,,,
18438893521006097,17841402591799685,alcaldiadetulua,"Alcaldía de Tuluá","@gustavovelezr @natagiln @zule_acevedo @josemartinhincapi @gisecalero16 @central_de_transportes_tulua_",52,"07/13/2024 19:07",,"Historia de Instagram",,Total,1284,1133,2,,0,725,,,
17855248479217523,17841402591799685,alcaldiadetulua,"Alcaldía de Tuluá","@pachogirontulua @fernandapasmin @karolberon25 @tuluaculturacol_ @secre.bienestarsocialtulua @zule_acevedo @cristianhernandezv @natagiln @soymafevictoria @josemartinhincapi @sachicanavarro @puntos_innova_tulua  @imdertulua @tuluaculturacol_ @bibliotecatulua  Disfrutemos y celebremos en paz ⚽️🇨🇴",15,"07/13/2024 16:07",,"Historia de Instagram",,Total,912,900,0,4,1,762,,,
17973932375725329,17841402591799685,alcaldiadetulua,"Alcaldía de Tuluá","@gustavovelezr @natagiln @tuluaculturacol_ @secre.bienestarsocialtulua @karolberon25 @imdertulua @josemartinhincapi @gisecalero16 @fernandapasmin @infitulua @central_de_transportes_tulua_ @bibliotecatulua @santiagoguzmanp @zule_acevedo @imdanielagonzalez @valeria_rivas05",31,"07/13/2024 12:07",,"Historia de Instagram",,Total,686,667,0,4,3,711,,,
18444155263057185,17841402591799685,alcaldiadetulua,"Alcaldía de Tuluá",,9,"07/13/2024 10:07",,"Historia de Instagram",,Total,1917,1670,0,,1,587,,,
18296217373160903,17841402591799685,alcaldiadetulua,"Alcaldía de Tuluá","Sigue la transmisión ¡Encuentros con el alcalde!🔵",15,"07/13/2024 09:07",,"Historia de Instagram",,Total,588,588,0,,2,678,9,,
17945528327827114,17841402591799685,alcaldiadetulua,"Alcaldía de Tuluá",,15,"07/13/2024 07:07",,"Historia de Instagram",,Total,593,593,0,,0,686,,,
18014840141432321,17841402591799685,alcaldiadetulua,"Alcaldía de Tuluá",,15,"07/13/2024 07:07",,"Historia de Instagram",,Total,603,600,0,,0,717,,,
17883311838084074,17841402591799685,alcaldiadetulua,"Alcaldía de Tuluá",,15,"07/13/2024 07:07",,"Historia de Instagram",,Total,621,619,0,,0,761,,,
18193419970291217,17841402591799685,alcaldiadetulua,"Alcaldía de Tuluá",,15,"07/13/2024 07:07",,"Historia de Instagram",,Total,643,643,0,,0,793,,,
18049283860746678,17841402591799685,alcaldiadetulua,"Alcaldía de Tuluá",,35,"07/13/2024 06:07",,"Historia de Instagram",,Total,665,665,4,1,1,816,,,
18050342455776843,17841402591799685,alcaldiadetulua,"Alcaldía de Tuluá",,15,"07/12/2024 19:07",,"Historia de Instagram",,Total,2650,2130,0,6,2,1000,200,1,
17885403744076657,17841402591799685,alcaldiadetulua,"Alcaldía de Tuluá",@pachogirontulua,13,"07/12/2024 12:07",,"Historia de Instagram",,Total,751,750,0,5,1,836,,,
18019436255127905,17841402591799685,alcaldiadetulua,"Alcaldía de Tuluá","@josemartinhincapi @zule_acevedo @santiagoguzmanp @fernandapasmin @alexa__cardona1974 @gisecalero16 @karolberon25 @infitulua @emtulua @imdertulua @tuluaculturacol_ @bibliotecatulua @secre.bienestarsocialtulua @sachicanavarro @policiavalledelcauca",12,"07/12/2024 10:07",,"Historia de Instagram",,Total,914,872,0,3,1,748,,,2
17856263214213396,17841402591799685,alcaldiadetulua,"Alcaldía de Tuluá","@josemartinhincapi @policiavalledelcauca @sachicanavarro @secre.bienestarsocialtulua @bibliotecatulua @tuluaculturacol_ @imdertulua @emtulua @infitulua @karolberon25 @gisecalero16 @alexa__cardona1974 @fernandapasmin @santiagoguzmanp @zule_acevedo",60,"07/12/2024 10:07",,"Historia de Instagram",,Total,1203,1051,3,1,0,796,,,
17912163947882722,17841402591799685,alcaldiadetulua,"Alcaldía de Tuluá",@josemartinhincapi,20,"07/12/2024 08:07",,"Historia de Instagram",,Total,2635,2088,2,,3,894,,,
17857889856198964,17841402591799685,alcaldiadetulua,"Alcaldía de Tuluá","@puntos_innova_tulua @sachicanavarro @josemartinhincapi @soymafevictoria @natagiln @cristianhernandezv @zule_acevedo @secre.bienestarsocialtulua @tuluaculturacol_ @karolberon25 @fernandapasmin @",15,"07/12/2024 07:07",,"Historia de Instagram",,Total,677,677,0,,0,830,,,
17861097564188289,17841402591799685,alcaldiadetulua,"Alcaldía de Tuluá",,15,"07/12/2024 07:07",,"Historia de Instagram",,Total,685,685,0,1,0,833,6,,
17974002887723976,17841402591799685,alcaldiadetulua,"Alcaldía de Tuluá","@cristianhernandezv @gustavovelezr @natagiln @soymafevictoria @josemartinhincapi @alcaldiadeandalucia @sachicanavarro",58,"07/12/2024 06:07",,"Historia de Instagram",,Total,844,841,0,,0,819,,,
18122560855370943,17841402591799685,alcaldiadetulua,"Alcaldía de Tuluá",,15,"07/12/2024 06:07",,"Historia de Instagram",,Total,717,717,0,,0,842,1,,
18009659954305772,17841402591799685,alcaldiadetulua,"Alcaldía de Tuluá","Carrera 30 # 14-51 vía al Coliseo de Ferias📍 ¡Te esperamos!💙 Hoy es viernes de Mercado Campesino✅💪🏼",15,"07/12/2024 06:07",,"Historia de Instagram",,Total,758,756,0,,0,895,,,
18060256861554812,17841402591799685,alcaldiadetulua,"Alcaldía de Tuluá",@josemartinhincapi,15,"07/11/2024 20:07",,"Historia de Instagram",,Total,847,803,0,2,5,855,,,
18238420255256681,17841402591799685,alcaldiadetulua,"Alcaldía de Tuluá","@hospitalrubencruzvelez @gustavovelezr @alcaldiadeandalucia @alcaldiadesevilla @alcaldiadecalimaeldarien @alcaldiayotoco @alcaldiacartagovalle",15,"07/11/2024 15:07",,"Historia de Instagram",,Total,832,801,0,1,0,734,,,
17978376917710098,17841402591799685,alcaldiadetulua,"Alcaldía de Tuluá",,15,"07/11/2024 14:07",,"Historia de Instagram",,Total,560,559,0,,0,658,,,
18095243110440466,17841402591799685,alcaldiadetulua,"Alcaldía de Tuluá","Trabajando por Tuluá 💪🏼💙",35,"07/11/2024 11:07",,"Historia de Instagram",,Total,491,490,0,,0,614,,,11
18000358307425405,17841402591799685,alcaldiadetulua,"Alcaldía de Tuluá","@natagiln @cristianhernandezv",20,"07/11/2024 09:07",,"Historia de Instagram",,Total,1140,1086,0,,0,567,,,
18066047773566870,17841402591799685,alcaldiadetulua,"Alcaldía de Tuluá",,15,"07/11/2024 08:07",,"Historia de Instagram",,Total,445,445,8,1,0,572,,,
18044148385896701,17841402591799685,alcaldiadetulua,"Alcaldía de Tuluá","¡Aún puedes hacer parte!",15,"07/11/2024 08:07",,"Historia de Instagram",,Total,449,449,0,4,0,526,,,
17923738943925642,17841402591799685,alcaldiadetulua,"Alcaldía de Tuluá","@josemartinhincapi @santiagoguzmanp @imdertulua @gisecalero16 @fernandapasmin @alexa__cardona1974 @karolberon25 @secre.bienestarsocialtulua @zule_acevedo @sachicanavarro @tuluaculturacol_ @soymafevictoria @natagiln @gustavovelezr",15,"07/11/2024 07:07",,"Historia de Instagram",,Total,445,445,0,3,0,533,5,,
18027027506232070,17841402591799685,alcaldiadetulua,"Alcaldía de Tuluá","¡Comunícate ahora! ⬇️⬇️⬇️",0,"07/11/2024 07:07",,"Historia de Instagram",,Total,465,465,0,,0,529,,,
18029857229134307,17841402591799685,alcaldiadetulua,"Alcaldía de Tuluá","¡Se acaba el tiempo! No pierdas esta oportunidad",15,"07/11/2024 06:07",,"Historia de Instagram",,Total,473,473,1,,0,559,,,
18002300351628806,17841402591799685,alcaldiadetulua,"Alcaldía de Tuluá",,15,"07/11/2024 06:07",,"Historia de Instagram",,Total,511,511,2,1,2,609,4,,
18443207836021505,17841402591799685,alcaldiadetulua,"Alcaldía de Tuluá","@secre.bienestarsocialtulua @karolberon25 @alexa__cardona1974 @fernandapasmin @gisecalero16 @imdertulua @santiagoguzmanp @josemartinhincapi",25,"07/10/2024 15:07",,"Historia de Instagram",,Total,592,551,0,1,0,494,,,
18042177790745704,17841402591799685,alcaldiadetulua,"Alcaldía de Tuluá","@natagiln @josemartinhincapi @karolberon25 @secre.bienestarsocialtulua @soymafevictoria @imdertulua @tuluaculturacol_ @fernandapasmin @gisecalero16 @alexa__cardona1974 @sachicanavarro @santiagoguzmanp @zule_acevedo @",10,"07/10/2024 15:07",,"Historia de Instagram",,Total,560,551,0,,0,478,,,
18065875684569577,17841402591799685,alcaldiadetulua,"Alcaldía de Tuluá","@zule_acevedo @santiagoguzmanp @sachicanavarro @alexa__cardona1974 @gisecalero16 @fernandapasmin @tuluaculturacol_ @imdertulua @soymafevictoria @secre.bienestarsocialtulua @imdanielagonzalez @karolberon25 @josemartinhincapi @natagiln",15,"07/10/2024 13:07",,"Historia de Instagram",,Total,540,524,0,,1,491,6,,
17984372786686451,17841402591799685,alcaldiadetulua,"Alcaldía de Tuluá","@zule_acevedo  @santiagoguzmanp",15,"07/10/2024 10:07",,"Historia de Instagram",,Total,1110,1006,0,,0,450,,,
18140577655331345,17841402591799685,alcaldiadetulua,"Alcaldía de Tuluá",,15,"07/10/2024 10:07",,"Historia de Instagram",,Total,537,486,0,,0,454,,,
17886054003067677,17841402591799685,alcaldiadetulua,"Alcaldía de Tuluá",,15,"07/10/2024 10:07",,"Historia de Instagram",,Total,509,481,0,,1,471,,,
18013231934438544,17841402591799685,alcaldiadetulua,"Alcaldía de Tuluá","@natagiln @josemartinhincapi @karolberon25 @secre.bienestarsocialtulua @soymafevictoria @imdertulua @tuluaculturacol_ @fernandapasmin @alexa__cardona1974 @gisecalero16 @sachicanavarro  @imdanielagonzalez  @zule_acevedo @santiagoguzmanp",15,"07/10/2024 09:07",,"Historia de Instagram",,Total,534,499,0,,1,504,,,
18133480162342577,17841402591799685,alcaldiadetulua,"Alcaldía de Tuluá","Aún puedes inscribirte✅ Disfruta de nuestras vacaciones recreativas 💪🏼",15,"07/10/2024 06:07",,"Historia de Instagram",,Total,449,444,0,1,1,510,,,
17982841205550748,17841402591799685,alcaldiadetulua,"Alcaldía de Tuluá","Si necesitas agendar tus citas médicas, esta información es para ti⬇️",15,"07/10/2024 06:07",,"Historia de Instagram",,Total,482,476,0,1,0,556,,,
18042980458922431,17841402591799685,alcaldiadetulua,"Alcaldía de Tuluá","Atención beneficiarios de Renta Ciudadana!🚨 ¡Aprende cómo firmar el acta de corresponsabilidad!",60,"07/09/2024 14:07",,"Historia de Instagram",,Total,484,481,2,1,0,587,,,
17931961784893945,17841402591799685,alcaldiadetulua,"Alcaldía de Tuluá","¡Atención beneficiarios de Renta Ciudadana!🚨 ¡Aprende cómo firmar el acta de corresponsabilidad !",60,"07/09/2024 14:07",,"Historia de Instagram",,Total,507,499,8,2,0,642,,,
17892117630043986,17841402591799685,alcaldiadetulua,"Alcaldía de Tuluá","@josemartinhincapi @soymafevictoria  @gustavovelezr",26,"07/09/2024 12:07",,"Historia de Instagram",,Total,1984,1742,3,,0,626,,,
18070386679536613,17841402591799685,alcaldiadetulua,"Alcaldía de Tuluá","¡Hasta el 
20 de julio!",15,"07/09/2024 07:07",,"Historia de Instagram",,Total,458,446,1,1,0,573,,,
17988362726675487,17841402591799685,alcaldiadetulua,"Alcaldía de Tuluá","@alexa__cardona1974 @santiagoguzmanp @karolberon25 @carolarodri @soymafevictoria @fernandapasmin @secre.bienestarsocialtulua @gisecalero16 @josemartinhincapi  @gustavovelezr @tuluaculturacol_ @imdertulua @maryelena_23 @emtulua",15,"07/09/2024 07:07",,"Historia de Instagram",,Total,457,455,0,,0,546,3,,
18006198464608769,17841402591799685,alcaldiadetulua,"Alcaldía de Tuluá",,17,"07/09/2024 06:07",,"Historia de Instagram",,Total,462,462,2,,0,533,,,
18404479285073913,17841402591799685,alcaldiadetulua,"Alcaldía de Tuluá","¡Te esperamos!",0,"07/09/2024 06:07",,"Historia de Instagram",,Total,451,450,0,1,0,538,,,
18004615220343506,17841402591799685,alcaldiadetulua,"Alcaldía de Tuluá",,15,"07/09/2024 06:07",,"Historia de Instagram",,Total,471,470,0,,0,552,,,
18000730382432272,17841402591799685,alcaldiadetulua,"Alcaldía de Tuluá","Carrera 30 # 14-51 Vía al Coliseo de Ferias",15,"07/09/2024 06:07",,"Historia de Instagram",,Total,512,512,0,,0,584,,,
18090553561453817,17841402591799685,alcaldiadetulua,"Alcaldía de Tuluá","¡Iniciamos oficialmente nuestro Programa de Gobierno!✅💪🏼 @gustavovelezr  @josemartinhincapi",12,"07/08/2024 10:07",,"Historia de Instagram",,Total,1356,1229,1,1,0,487,,,
18000362267442413,17841402591799685,alcaldiadetulua,"Alcaldía de Tuluá","@imdertulua @tuluaculturacol_ @emtulua @secre.bienestarsocialtulua @bibliotecatulua @central_de_transportes_tulua_ @infitulua",15,"07/08/2024 08:07",,"Historia de Instagram",,Total,646,588,0,,0,538,,,
17930589932869810,17841402591799685,alcaldiadetulua,"Alcaldía de Tuluá",,15,"07/08/2024 08:07",,"Historia de Instagram",,Total,455,455,0,,0,540,,,
18069495652550634,17841402591799685,alcaldiadetulua,"Alcaldía de Tuluá","✅💪🏼 Desde hoy! Vacaciones recreativas con el @imdertulua",15,"07/08/2024 07:07",,"Historia de Instagram",,Total,653,624,0,1,0,539,,,
18342252385142499,17841402591799685,alcaldiadetulua,"Alcaldía de Tuluá",,15,"07/08/2024 07:07",,"Historia de Instagram",,Total,489,489,0,,0,551,1,,
17883817776014851,17841402591799685,alcaldiadetulua,"Alcaldía de Tuluá",Califícanos➡️,15,"07/08/2024 07:07",,"Historia de Instagram",,Total,551,551,0,2,0,626,2,,
18105838171407580,17841402591799685,alcaldiadetulua,"Alcaldía de Tuluá",@josemartinhincapi,16,"07/06/2024 21:07",,"Historia de Instagram",,Total,2060,1964,0,7,1,1971,,,
17941492055835339,17841402591799685,alcaldiadetulua,"Alcaldía de Tuluá",,0,"07/06/2024 08:07",,"Historia de Instagram",,Total,859,859,0,,0,947,,,
17886261830999773,17841402591799685,alcaldiadetulua,"Alcaldía de Tuluá",,15,"07/06/2024 05:07",,"Historia de Instagram",,Total,983,898,0,,0,747,,,
17969704604739146,17841402591799685,alcaldiadetulua,"Alcaldía de Tuluá","@robertposadarosero @santiagoguzmanp",27,"07/05/2024 16:07",,"Historia de Instagram",,Total,500,494,0,,0,546,,,
17916681671954496,17841402591799685,alcaldiadetulua,"Alcaldía de Tuluá","@soymafevictoria @infitulua @maryelena_23 @natagiln @secre.bienestarsocialtulua @alexa__cardona1974 @karolberon25 @santiagoguzmanp @fernandapasmin @gisecalero16 @tuluaculturacol_ @josemartinhincapi @imdertulua @",15,"07/05/2024 13:07",,"Historia de Instagram",,Total,629,603,0,,0,544,,,
18011941742446930,17841402591799685,alcaldiadetulua,"Alcaldía de Tuluá","Participación Comunitaria en nuestro municipio 💪🏼✅ @gustavovelezr @soymafevictoria",15,"07/05/2024 13:07",,"Historia de Instagram",,Total,470,470,0,2,0,510,,,
17866014360155562,17841402591799685,alcaldiadetulua,"Alcaldía de Tuluá","@josemartinhincapi @gisecalero16 @tuluaculturacol_ @fernandapasmin @santiagoguzmanp @karolberon25 @alexa__cardona1974 @carolarodri @secre.bienestarsocialtulua @natagiln @maryelena_23 @infitulua @",15,"07/05/2024 12:07",,"Historia de Instagram",,Total,1160,1010,1,,0,550,,,
18262173979221116,17841402591799685,alcaldiadetulua,"Alcaldía de Tuluá",,15,"07/05/2024 10:07",,"Historia de Instagram",,Total,501,501,0,,0,620,4,,
18125242390363545,17841402591799685,alcaldiadetulua,"Alcaldía de Tuluá","@policiavalledelcauca @natagiln @secre.bienestarsocialtulua @carolarodri @alexa__cardona1974 @karolberon25 @santiagoguzmanp @fernandapasmin @tuluaculturacol_ @gisecalero16 @josemartinhincapi",34,"07/05/2024 10:07",,"Historia de Instagram",,Total,518,518,1,,1,572,,,
18043076821733444,17841402591799685,alcaldiadetulua,"Alcaldía de Tuluá",,15,"07/05/2024 10:07",,"Historia de Instagram",,Total,520,520,0,10,0,626,3,,3
18033651167078848,17841402591799685,alcaldiadetulua,"Alcaldía de Tuluá",,15,"07/05/2024 07:07",,"Historia de Instagram",,Total,509,509,0,,0,615,,,
17919284591934190,17841402591799685,alcaldiadetulua,"Alcaldía de Tuluá",@maryelena_23,10,"07/05/2024 07:07",,"Historia de Instagram",,Total,511,511,1,,0,557,,,
18314300221156545,17841402591799685,alcaldiadetulua,"Alcaldía de Tuluá",@gustavovelezr,19,"07/05/2024 07:07",,"Historia de Instagram",,Total,526,526,2,,0,591,,,
18417823678067906,17841402591799685,alcaldiadetulua,"Alcaldía de Tuluá",,8,"07/05/2024 07:07",,"Historia de Instagram",,Total,534,534,1,,0,590,,,
17983583828694949,17841402591799685,alcaldiadetulua,"Alcaldía de Tuluá",,20,"07/05/2024 07:07",,"Historia de Instagram",,Total,548,548,1,,1,628,,,
18055461268651218,17841402591799685,alcaldiadetulua,"Alcaldía de Tuluá","¡Si tienes entre 6 y 14 años, estás son las vacaciones perfectas para ti!💪🏼",15,"07/05/2024 06:07",,"Historia de Instagram",,Total,564,564,0,1,1,666,,,
18033248159505173,17841402591799685,alcaldiadetulua,"Alcaldía de Tuluá","@natagiln @secre.bienestarsocialtulua @carolarodri @alexa__cardona1974 @karolberon25 @santiagoguzmanp @fernandapasmin @infitulua @imdertulua @bibliotecatulua @tuluaculturacol_ @gisecalero16 @josemartinhincapi @ediervalenciaj @",15,"07/05/2024 06:07",,"Historia de Instagram",,Total,1071,996,0,1,0,700,,,
18034466270065131,17841402591799685,alcaldiadetulua,"Alcaldía de Tuluá","@josemartinhincapi @gisecalero16 @tuluaculturacol_ @bibliotecatulua @imdertulua @infitulua @fernandapasmin @santiagoguzmanp @karolberon25 @alexa__cardona1974 @carolarodri @secre.bienestarsocialtulua @natagiln @",22,"07/04/2024 14:07",,"Historia de Instagram",,Total,988,910,1,1,1,812,,,
18026611121191963,17841402591799685,alcaldiadetulua,"Alcaldía de Tuluá",@josemartinhincapi,11,"07/04/2024 14:07",,"Historia de Instagram",,Total,774,744,0,,0,744,,,
17969484329618612,17841402591799685,alcaldiadetulua,"Alcaldía de Tuluá","@ucevacol @fundacionlevapan @concejomunicipaltulua  @ediervalenciaj",14,"07/04/2024 08:07",,"Historia de Instagram",,Total,685,683,0,1,0,698,,,
18039776194780023,17841402591799685,alcaldiadetulua,"Alcaldía de Tuluá",,15,"07/04/2024 07:07",,"Historia de Instagram",,Total,635,635,0,,0,716,3,,
17950006391704907,17841402591799685,alcaldiadetulua,"Alcaldía de Tuluá","¡Te esperamos!💪🏼 ¡Hoy! @bibliotecatulua @tuluaculturacol_ @gisecalero16 @dnofuturo_ @foreroomarortiz",15,"07/04/2024 07:07",,"Historia de Instagram",,Total,840,788,0,1,0,764,,,
18038622706779732,17841402591799685,alcaldiadetulua,"Alcaldía de Tuluá","@natagiln @secre.bienestarsocialtulua @josemartinhincapi @carolarodri @alexa__cardona1974 @karolberon25 @santiagoguzmanp @tuluaculturacol_ @gisecalero16 @bibliotecatulua @fernandapasmin @infitulua @imdertulua",15,"07/04/2024 07:07",,"Historia de Instagram",,Total,695,695,1,1,0,815,4,,
18002659400340528,17841402591799685,alcaldiadetulua,"Alcaldía de Tuluá","@josemartinhincapi  @policiavalledelcauca",32,"07/04/2024 06:07",,"Historia de Instagram",,Total,827,803,0,1,1,833,,,
17867975268145144,17841402591799685,alcaldiadetulua,"Alcaldía de Tuluá","@natagiln @tuluaculturacol_ @imdertulua @infitulua @emtulua @secre.bienestarsocialtulua @bibliotecatulua @josemartinhincapi @gisecalero16 @carolarodri @alexa__cardona1974 @karolberon25 @santiagoguzmanp @robertposadarosero",15,"07/03/2024 13:07",,"Historia de Instagram",,Total,531,531,0,2,0,634,,,
18028725200153577,17841402591799685,alcaldiadetulua,"Alcaldía de Tuluá","Ingresa al siguiente",5,"07/03/2024 13:07",,"Historia de Instagram",,Total,550,550,0,,0,613,6,,6
18028821809281570,17841402591799685,alcaldiadetulua,"Alcaldía de Tuluá",,15,"07/03/2024 08:07",,"Historia de Instagram",,Total,569,569,0,,0,656,,,
18013721792202845,17841402591799685,alcaldiadetulua,"Alcaldía de Tuluá",,15,"07/03/2024 08:07",,"Historia de Instagram",,Total,589,589,0,1,0,702,3,,8
18269886067233964,17841402591799685,alcaldiadetulua,"Alcaldía de Tuluá","@natagiln @robertposadarosero @gustavovelezr",16,"07/03/2024 07:07",,"Historia de Instagram",,Total,985,956,1,2,1,686,,,
17987460524676926,17841402591799685,alcaldiadetulua,"Alcaldía de Tuluá",@josemartinhincapi,18,"07/02/2024 20:07",,"Historia de Instagram",,Total,609,588,1,,0,618,,,
18443967385027078,17841402591799685,alcaldiadetulua,"Alcaldía de Tuluá","@policiavalledelcauca @gustavovelezr @josemartinhincapi @col_ejercito",20,"07/02/2024 15:07",,"Historia de Instagram",,Total,1518,1362,0,,1,606,,,
18054636208634654,17841402591799685,alcaldiadetulua,"Alcaldía de Tuluá",@puntos_innova_tulua,15,"07/02/2024 14:07",,"Historia de Instagram",,Total,519,518,2,1,0,637,,,
18135752233341440,17841402591799685,alcaldiadetulua,"Alcaldía de Tuluá",@central_de_transportes_tulua_,33,"07/02/2024 13:07",,"Historia de Instagram",,Total,491,491,1,,1,582,,,
17882992734014152,17841402591799685,alcaldiadetulua,"Alcaldía de Tuluá",@gustavovelezr,5,"07/02/2024 12:07",,"Historia de Instagram",,Total,1514,1364,0,,0,593,,,11
18101762518412581,17841402591799685,alcaldiadetulua,"Alcaldía de Tuluá","¡Con los alcaldes de los municipios vecinos! @gustavovelezr  @fernandogironvanderhuk",0,"07/02/2024 12:07",,"Historia de Instagram",,Total,1610,1468,0,,0,631,,,13
17873443044106791,17841402591799685,alcaldiadetulua,"Alcaldía de Tuluá",,12,"07/02/2024 12:07",,"Historia de Instagram",,Total,1473,1314,0,,2,599,,,
18034127981016070,17841402591799685,alcaldiadetulua,"Alcaldía de Tuluá","Plazo hasta el 19 de julio",15,"07/02/2024 10:07",,"Historia de Instagram",,Total,366,366,0,,0,522,,,
18032965901028718,17841402591799685,alcaldiadetulua,"Alcaldía de Tuluá","Atención Programa RENTA CIUDADANA",15,"07/02/2024 10:07",,"Historia de Instagram",,Total,380,380,0,,0,509,,,
17902682819914503,17841402591799685,alcaldiadetulua,"Alcaldía de Tuluá",,15,"07/02/2024 09:07",,"Historia de Instagram",,Total,377,377,0,,0,501,,,
18064643602513058,17841402591799685,alcaldiadetulua,"Alcaldía de Tuluá",,15,"07/02/2024 09:07",,"Historia de Instagram",,Total,385,385,0,,0,508,,,
18035554141997882,17841402591799685,alcaldiadetulua,"Alcaldía de Tuluá",,15,"07/02/2024 09:07",,"Historia de Instagram",,Total,400,400,0,,0,544,,,
18006006002533297,17841402591799685,alcaldiadetulua,"Alcaldía de Tuluá",,30,"07/02/2024 07:07",,"Historia de Instagram",,Total,410,410,0,,1,510,,,
18001364858398301,17841402591799685,alcaldiadetulua,"Alcaldía de Tuluá",@imdertulua,15,"07/02/2024 07:07",,"Historia de Instagram",,Total,412,412,0,,0,535,,,
17907143837902204,17841402591799685,alcaldiadetulua,"Alcaldía de Tuluá","¡Visítanos hoy!✅💪🏼",0,"07/02/2024 04:07",,"Historia de Instagram",,Total,419,419,0,2,0,554,,,
17999466377425959,17841402591799685,alcaldiadetulua,"Alcaldía de Tuluá",,15,"07/02/2024 04:07",,"Historia de Instagram",,Total,480,478,0,3,0,625,,,
